subscription_id,account_id,start_date,end_date,plan_tier,seats,mrr_amount,arr_amount,is_trial,upgrade_flag,downgrade_flag,churn_flag,billing_frequency,auto_renew_flag,is_churned,account_name,industry,country,signup_date,referral_source,total_usage_events,total_usage_mins,total_errors,distinct_active_days,total_support_tickets,avg_satisfaction_score,avg_resolution_time_hrs,is_high_risk
S-8cec59,A-3c1a3f,2023-12-23,2024-04-12,Enterprise,14,2786,33432,False,False,False,True,monthly,True,1,Company_224,DevTools,UK,2023-08-26,event,6.0,440.3,2.0,6.0,4.0,3.5,33.25,0
S-0f6f44,A-9b9fe9,2024-06-11,,Pro,17,833,9996,False,False,False,False,monthly,True,0,Company_71,EdTech,AU,2023-09-28,other,4.0,113.65,6.0,4.0,4.0,4.0,33.5,0
S-51c0d1,A-659280,2024-11-25,,Enterprise,62,0,0,True,True,False,False,annual,False,0,Company_417,FinTech,IN,2023-11-17,event,3.0,231.28333333333333,2.0,3.0,4.0,4.333333333333333,8.0,1
S-f81687,A-e7a1e2,2024-11-23,2024-12-13,Enterprise,5,995,11940,False,False,False,True,monthly,True,1,Company_295,Cybersecurity,US,2024-06-23,event,7.0,382.3833333333333,5.0,7.0,1.0,4.0,45.0,0
S-cff5a2,A-ba6516,2024-01-10,,Enterprise,27,5373,64476,False,False,False,False,monthly,True,0,Company_154,FinTech,US,2023-10-29,ads,0.0,0.0,0.0,0.0,6.0,4.0,31.5,1
S-4b9b13,A-fa2041,2024-08-13,,Pro,15,735,8820,False,False,False,False,monthly,True,0,Company_211,HealthTech,US,2024-05-29,organic,5.0,209.68333333333334,2.0,5.0,1.0,3.0,16.0,0
S-dceac6,A-417d2f,2023-12-30,,Enterprise,4,796,9552,False,False,False,False,annual,True,0,Company_285,Cybersecurity,IN,2023-07-04,partner,3.0,232.15,2.0,3.0,6.0,4.333333333333333,43.5,1
S-8cad7b,A-5f2961,2024-12-23,,Basic,16,304,3648,False,False,False,False,annual,True,0,Company_284,HealthTech,US,2024-11-22,partner,3.0,237.41666666666666,2.0,3.0,1.0,,53.0,1
S-24796e,A-cc8c8f,2024-11-27,,Enterprise,23,4577,54924,False,False,False,False,annual,False,0,Company_482,DevTools,US,2024-06-16,ads,6.0,212.88333333333333,3.0,6.0,2.0,3.5,14.5,0
S-d0c344,A-80eeb6,2024-10-27,,Pro,22,1078,12936,False,False,False,False,annual,False,0,Company_402,Cybersecurity,UK,2023-05-09,organic,8.0,404.48333333333335,8.0,8.0,4.0,3.6666666666666665,40.25,0
S-477506,A-f03140,2024-02-06,,Pro,27,1323,15876,False,False,False,False,annual,True,0,Company_209,DevTools,IN,2023-11-22,event,9.0,550.1166666666667,6.0,9.0,7.0,3.6666666666666665,36.0,0
S-79a9e1,A-3a5ad8,2024-12-25,,Enterprise,22,0,0,True,False,False,False,annual,True,0,Company_94,HealthTech,US,2023-12-05,organic,2.0,67.26666666666667,0.0,2.0,4.0,4.5,44.75,1
S-59dc4b,A-f17767,2023-09-17,,Pro,26,1274,15288,False,True,True,False,monthly,True,0,Company_123,DevTools,US,2023-01-30,event,6.0,583.7666666666667,6.0,6.0,3.0,4.0,36.333333333333336,0
S-7acd8b,A-7920cc,2024-07-17,,Basic,39,741,8892,False,False,False,False,annual,True,0,Company_412,Cybersecurity,FR,2023-11-23,ads,6.0,251.4,1.0,6.0,7.0,4.333333333333333,32.857142857142854,0
S-428e9a,A-8ae3fc,2024-10-12,,Enterprise,88,0,0,True,False,False,False,monthly,True,0,Company_495,DevTools,CA,2024-06-28,ads,4.0,265.48333333333335,4.0,4.0,4.0,3.5,39.5,0
S-486088,A-0cc442,2024-09-18,,Pro,45,2205,26460,False,False,False,False,monthly,True,0,Company_198,EdTech,US,2024-07-18,organic,8.0,439.18333333333334,2.0,8.0,3.0,3.0,37.0,0
S-13939b,A-86902e,2023-07-21,2024-08-03,Pro,34,0,0,True,False,False,True,monthly,True,1,Company_169,HealthTech,IN,2023-05-02,other,10.0,462.4,7.0,10.0,9.0,3.5,40.888888888888886,0
S-9333c5,A-ef84cf,2024-06-06,2024-08-13,Basic,8,152,1824,False,False,False,True,annual,False,1,Company_274,EdTech,US,2024-03-01,partner,4.0,307.93333333333334,1.0,4.0,5.0,4.333333333333333,34.8,0
S-37e3ad,A-b30291,2024-04-25,,Basic,5,95,1140,False,False,False,False,monthly,True,0,Company_344,HealthTech,US,2024-04-05,event,2.0,95.26666666666667,0.0,2.0,1.0,,16.0,1
S-b17d04,A-e19ff6,2024-03-06,,Pro,8,392,4704,False,False,False,False,monthly,True,0,Company_411,Cybersecurity,UK,2023-07-28,partner,4.0,152.01666666666668,6.0,4.0,3.0,4.666666666666667,30.666666666666668,0
S-c27134,A-dec005,2024-03-31,,Pro,21,0,0,True,False,False,False,monthly,True,0,Company_445,HealthTech,US,2023-10-13,partner,3.0,147.33333333333334,2.0,3.0,2.0,3.0,59.0,1
S-3bd427,A-2e3bad,2024-12-04,2024-12-27,Basic,61,1159,13908,False,False,False,True,monthly,True,1,Company_108,FinTech,CA,2023-08-13,other,4.0,137.95,0.0,4.0,5.0,3.5,31.4,0
S-82989b,A-f5641b,2024-11-30,,Basic,31,589,7068,False,False,False,False,monthly,True,0,Company_382,EdTech,US,2024-03-30,other,3.0,192.9,1.0,3.0,4.0,3.0,47.5,1
S-082b15,A-aa9511,2024-02-09,,Enterprise,97,19303,231636,False,False,False,False,annual,True,0,Company_203,DevTools,US,2023-10-10,other,2.0,69.35,0.0,2.0,2.0,4.0,56.5,1
S-434140,A-075038,2024-02-25,,Pro,17,833,9996,False,False,False,False,annual,True,0,Company_397,HealthTech,UK,2023-05-12,ads,7.0,384.25,5.0,7.0,2.0,3.0,43.5,0
S-c07ede,A-cea1f0,2024-10-07,,Pro,8,392,4704,False,False,False,False,annual,False,0,Company_273,FinTech,US,2024-04-07,event,2.0,65.9,1.0,2.0,5.0,4.333333333333333,42.2,1
S-287914,A-a1b80b,2024-08-15,,Pro,16,784,9408,False,False,False,False,annual,True,0,Company_184,HealthTech,US,2023-11-27,organic,7.0,254.91666666666666,6.0,7.0,4.0,4.0,41.0,0
S-b3bd43,A-b2225d,2024-11-03,,Pro,50,2450,29400,False,False,False,False,monthly,False,0,Company_50,FinTech,US,2024-03-08,ads,9.0,469.06666666666666,8.0,9.0,2.0,3.0,42.0,0
S-4c82da,A-b9eed8,2024-08-01,,Pro,11,539,6468,False,False,False,False,monthly,False,0,Company_189,Cybersecurity,US,2024-02-23,organic,6.0,240.05,6.0,6.0,5.0,3.75,29.2,0
S-c75159,A-bcf87c,2024-08-22,2024-09-28,Enterprise,31,6169,74028,False,False,False,True,monthly,True,1,Company_288,FinTech,US,2024-06-27,event,9.0,348.45,5.0,9.0,2.0,4.0,63.0,0
S-b5643b,A-9f9299,2024-06-11,,Enterprise,28,5572,66864,False,False,False,False,annual,False,0,Company_133,FinTech,US,2023-09-02,organic,7.0,336.81666666666666,6.0,7.0,5.0,5.0,36.2,0
S-49a9aa,A-10b8f2,2023-06-16,,Basic,51,969,11628,False,False,False,False,annual,True,0,Company_151,HealthTech,DE,2023-01-11,organic,2.0,33.25,2.0,2.0,3.0,4.333333333333333,46.333333333333336,1
S-2877e6,A-95b24a,2024-06-28,,Enterprise,38,0,0,True,True,True,False,monthly,True,0,Company_117,FinTech,US,2023-06-06,event,7.0,290.1666666666667,1.0,7.0,5.0,4.25,21.2,0
S-8c10c1,A-0651a4,2024-12-25,,Enterprise,65,12935,155220,False,False,False,False,annual,True,0,Company_255,HealthTech,FR,2024-10-16,organic,4.0,228.15,5.0,4.0,4.0,4.0,29.25,0
S-d7d398,A-fb186e,2024-12-28,,Enterprise,29,0,0,True,False,False,False,annual,True,0,Company_131,EdTech,IN,2024-10-27,organic,12.0,617.3333333333334,3.0,12.0,6.0,3.6666666666666665,26.166666666666668,0
S-ddad91,A-40906c,2024-06-21,,Enterprise,92,0,0,True,False,False,False,annual,False,0,Company_235,EdTech,US,2024-03-27,ads,7.0,448.3,0.0,7.0,5.0,3.75,29.2,0
S-6762fa,A-40a557,2024-02-12,,Enterprise,16,3184,38208,False,False,False,False,annual,True,0,Company_86,Cybersecurity,AU,2023-12-03,partner,6.0,309.0833333333333,2.0,6.0,7.0,3.6666666666666665,30.571428571428573,0
S-bb1cf1,A-3a5ad8,2024-09-07,,Enterprise,9,0,0,True,True,False,False,monthly,False,0,Company_94,HealthTech,US,2023-12-05,organic,5.0,146.71666666666667,3.0,5.0,4.0,4.5,44.75,0
S-a805a5,A-2789e3,2024-09-18,,Basic,33,627,7524,False,False,False,False,monthly,True,0,Company_268,FinTech,US,2024-09-14,partner,5.0,250.65,4.0,5.0,4.0,4.0,47.25,0
S-da0a69,A-49b828,2023-05-11,,Pro,6,294,3528,False,False,False,False,monthly,True,0,Company_391,FinTech,IN,2023-05-05,ads,8.0,354.6166666666667,6.0,8.0,3.0,3.5,13.666666666666666,0
S-59c5d7,A-c16b88,2024-10-19,,Basic,35,665,7980,False,True,False,False,monthly,True,0,Company_431,HealthTech,US,2023-12-02,event,7.0,290.01666666666665,2.0,7.0,3.0,3.0,48.333333333333336,0
S-d3faae,A-5c9849,2024-11-12,,Basic,19,361,4332,False,False,False,False,monthly,True,0,Company_362,EdTech,IN,2024-11-03,partner,0.0,0.0,0.0,0.0,4.0,,59.5,1
S-73a4e4,A-993085,2024-09-09,,Pro,31,1519,18228,False,False,False,False,monthly,True,0,Company_258,HealthTech,US,2023-06-01,ads,6.0,418.48333333333335,4.0,6.0,4.0,3.5,46.5,0
S-35c8a3,A-e4144b,2024-12-22,,Enterprise,41,8159,97908,False,False,False,False,annual,True,0,Company_316,EdTech,UK,2024-10-22,other,4.0,131.1,1.0,4.0,3.0,4.0,57.0,0
S-99fbf7,A-7dacce,2024-09-10,,Enterprise,12,2388,28656,False,False,False,False,annual,True,0,Company_8,Cybersecurity,CA,2024-09-10,event,7.0,314.35,2.0,7.0,4.0,3.6666666666666665,32.5,0
S-e97b9f,A-a0ca4e,2024-03-16,,Enterprise,12,2388,28656,False,False,False,False,annual,True,0,Company_6,Cybersecurity,US,2024-03-08,ads,4.0,196.46666666666667,4.0,4.0,6.0,3.8,39.166666666666664,0
S-763d33,A-ef84cf,2024-07-25,,Basic,23,437,5244,False,False,True,False,annual,False,0,Company_274,EdTech,US,2024-03-01,partner,6.0,503.4,3.0,6.0,5.0,4.333333333333333,34.8,0
S-323782,A-7920cc,2024-02-22,,Basic,39,741,8892,False,False,False,False,monthly,True,0,Company_412,Cybersecurity,FR,2023-11-23,ads,3.0,150.7,0.0,3.0,7.0,4.333333333333333,32.857142857142854,1
S-1cff18,A-2789e3,2024-10-03,,Basic,11,209,2508,False,False,False,False,monthly,True,0,Company_268,FinTech,US,2024-09-14,partner,5.0,213.45,9.0,5.0,4.0,4.0,47.25,0
S-ad39ef,A-e40f45,2024-08-25,,Pro,21,0,0,True,True,False,False,annual,True,0,Company_317,HealthTech,US,2024-04-18,organic,4.0,222.55,3.0,4.0,7.0,4.333333333333333,26.714285714285715,0
S-bf806d,A-7c5768,2024-09-21,,Basic,62,1178,14136,False,False,False,False,annual,True,0,Company_407,HealthTech,UK,2024-03-02,event,5.0,248.63333333333333,4.0,5.0,5.0,4.0,28.8,0
S-36f6ec,A-ccb686,2024-08-16,,Pro,21,1029,12348,False,True,False,False,monthly,True,0,Company_491,DevTools,US,2024-01-22,other,3.0,199.08333333333334,0.0,3.0,1.0,4.0,67.0,1
S-aff55c,A-bb2f49,2024-01-14,2024-12-29,Pro,8,0,0,True,False,False,True,monthly,True,1,Company_356,Cybersecurity,US,2023-05-28,other,6.0,313.71666666666664,2.0,6.0,3.0,4.0,22.333333333333332,0
S-b9fc6c,A-2ebb4b,2023-06-16,,Basic,41,779,9348,False,False,False,False,annual,True,0,Company_334,HealthTech,US,2023-05-15,ads,5.0,188.53333333333333,6.0,5.0,2.0,3.0,43.5,0
S-7f8cd8,A-53f4e3,2024-09-18,2024-11-17,Enterprise,20,3980,47760,False,False,False,True,monthly,True,1,Company_194,Cybersecurity,UK,2024-06-14,event,8.0,414.56666666666666,7.0,7.0,5.0,4.0,28.6,0
S-e912e6,A-a8d89d,2023-12-12,,Enterprise,78,15522,186264,False,False,False,False,monthly,True,0,Company_326,EdTech,US,2023-12-08,ads,5.0,213.25,1.0,5.0,2.0,5.0,44.5,0
S-fef85a,A-7f8241,2024-08-06,,Pro,34,1666,19992,False,False,False,False,annual,True,0,Company_42,EdTech,US,2023-03-14,organic,7.0,154.1,3.0,7.0,1.0,3.0,36.0,0
S-36d5c9,A-54ecc2,2023-09-16,,Enterprise,11,2189,26268,False,False,False,False,monthly,True,0,Company_289,Cybersecurity,US,2023-06-11,partner,8.0,407.65,5.0,8.0,5.0,5.0,37.4,0
S-b9ff15,A-95b24a,2024-01-08,,Enterprise,43,8557,102684,False,False,False,False,annual,False,0,Company_117,FinTech,US,2023-06-06,event,4.0,310.01666666666665,0.0,4.0,5.0,4.25,21.2,0
S-10bd09,A-bbc346,2024-09-03,,Basic,50,950,11400,False,False,False,False,annual,True,0,Company_138,FinTech,US,2024-08-29,partner,4.0,154.65,0.0,4.0,3.0,4.5,45.333333333333336,0
S-12bfc8,A-31ab9a,2024-12-06,,Enterprise,29,5771,69252,False,False,False,False,monthly,False,0,Company_460,FinTech,DE,2024-03-03,organic,5.0,511.23333333333335,0.0,5.0,7.0,3.5,43.142857142857146,0
S-f5c472,A-faa28c,2024-07-09,,Basic,48,912,10944,False,False,False,False,monthly,True,0,Company_91,HealthTech,US,2024-01-30,organic,3.0,47.733333333333334,0.0,3.0,4.0,4.666666666666667,52.25,1
S-dbc1ca,A-8adedc,2024-04-24,,Enterprise,14,2786,33432,False,False,False,False,annual,True,0,Company_300,EdTech,US,2024-02-11,event,4.0,154.88333333333333,5.0,4.0,4.0,4.0,49.25,0
S-dc6dfd,A-e08cd3,2024-09-30,,Pro,67,3283,39396,False,False,False,False,monthly,True,0,Company_475,FinTech,US,2024-09-21,ads,4.0,174.81666666666666,3.0,4.0,8.0,4.0,30.375,0
S-b2d472,A-bcf87c,2024-08-27,2024-12-11,Enterprise,10,1990,23880,False,False,False,True,annual,False,1,Company_288,FinTech,US,2024-06-27,event,6.0,348.55,2.0,6.0,2.0,4.0,63.0,0
S-9dfce0,A-e6afc1,2024-08-30,,Pro,2,98,1176,False,False,False,False,annual,True,0,Company_346,DevTools,US,2023-02-24,ads,7.0,160.4,0.0,7.0,0.0,,,0
S-9cb6a7,A-7f29a7,2024-12-21,,Basic,41,779,9348,False,False,False,False,monthly,True,0,Company_386,Cybersecurity,UK,2024-09-18,event,1.0,69.76666666666667,0.0,1.0,1.0,4.0,24.0,1
S-dabcd2,A-3ce5b8,2024-09-22,,Pro,28,0,0,True,False,False,False,monthly,True,0,Company_256,FinTech,IN,2023-09-07,ads,10.0,499.55,4.0,10.0,10.0,3.7142857142857144,42.5,0
S-8c3cc8,A-b2225d,2024-10-17,,Basic,47,0,0,True,False,False,False,monthly,True,0,Company_50,FinTech,US,2024-03-08,ads,4.0,152.16666666666666,3.0,4.0,2.0,3.0,42.0,0
S-2923fc,A-fa3095,2024-07-08,,Enterprise,70,13930,167160,False,False,False,False,annual,True,0,Company_174,FinTech,US,2023-09-03,ads,8.0,458.8,5.0,7.0,5.0,5.0,49.2,0
S-f0a2e5,A-55f257,2024-06-05,,Basic,23,0,0,True,False,False,False,annual,True,0,Company_496,FinTech,US,2023-12-21,organic,5.0,280.9166666666667,2.0,5.0,6.0,5.0,43.166666666666664,0
S-025bea,A-9affe6,2024-06-25,,Pro,17,833,9996,False,True,False,False,monthly,True,0,Company_401,Cybersecurity,US,2023-03-22,other,6.0,329.56666666666666,0.0,6.0,3.0,3.0,58.0,0
S-0e499f,A-296d7c,2024-08-17,,Pro,16,784,9408,False,False,False,False,annual,False,0,Company_182,DevTools,DE,2023-11-08,other,2.0,147.25,0.0,2.0,5.0,3.75,50.4,1
S-0267b7,A-65a46c,2024-10-17,2024-12-04,Enterprise,13,0,0,True,False,False,True,monthly,True,1,Company_95,HealthTech,US,2023-11-04,event,5.0,250.76666666666668,2.0,5.0,8.0,4.0,45.125,0
S-b5b9a5,A-812c5b,2024-07-25,,Basic,55,1045,12540,False,False,False,False,monthly,True,0,Company_395,DevTools,CA,2024-02-25,organic,6.0,227.63333333333333,3.0,6.0,4.0,4.0,27.0,0
S-8e45ba,A-7f8241,2023-12-13,,Basic,34,646,7752,False,False,False,False,annual,False,0,Company_42,EdTech,US,2023-03-14,organic,8.0,391.46666666666664,4.0,8.0,1.0,3.0,36.0,0
S-37ed34,A-d4ac0e,2024-07-07,,Enterprise,20,3980,47760,False,False,False,False,annual,True,0,Company_364,DevTools,UK,2024-04-20,ads,4.0,171.05,4.0,3.0,4.0,3.5,21.0,0
S-65dbf3,A-17939a,2024-12-28,,Basic,36,684,8208,False,False,False,False,monthly,True,0,Company_162,HealthTech,US,2024-12-26,organic,3.0,150.75,0.0,3.0,7.0,4.5,38.0,1
S-ce5450,A-0a282f,2024-12-25,2024-12-28,Pro,8,0,0,True,False,False,True,annual,True,1,Company_2,DevTools,US,2024-08-27,organic,8.0,405.31666666666666,5.0,8.0,3.0,4.666666666666667,43.666666666666664,0
S-6c969d,A-855a48,2024-05-08,,Basic,14,266,3192,False,False,False,False,monthly,False,0,Company_389,EdTech,US,2023-12-22,partner,6.0,238.16666666666666,1.0,6.0,5.0,3.6666666666666665,39.6,0
S-522aef,A-f3ff05,2024-08-22,,Pro,4,196,2352,False,False,False,False,annual,True,0,Company_44,FinTech,IN,2024-07-06,other,2.0,56.233333333333334,0.0,2.0,3.0,3.5,42.666666666666664,1
S-82db05,A-417d2f,2024-12-09,,Pro,26,1274,15288,False,False,False,False,monthly,True,0,Company_285,Cybersecurity,IN,2023-07-04,partner,4.0,187.65,3.0,4.0,6.0,4.333333333333333,43.5,0
S-162596,A-462d45,2024-02-29,,Pro,18,0,0,True,False,False,False,monthly,True,0,Company_13,Cybersecurity,US,2024-01-15,partner,3.0,72.35,1.0,3.0,4.0,4.0,26.75,1
S-f703bd,A-202b67,2024-09-04,,Pro,11,539,6468,False,False,False,False,monthly,True,0,Company_305,HealthTech,US,2024-03-22,organic,4.0,180.86666666666667,1.0,4.0,4.0,4.666666666666667,36.75,0
S-a1d6ad,A-eafc6e,2024-09-01,,Pro,27,1323,15876,False,False,False,False,monthly,True,0,Company_149,DevTools,US,2023-07-06,partner,6.0,275.6333333333333,3.0,6.0,1.0,,64.0,0
S-8b1fc1,A-309e54,2024-12-26,,Basic,15,0,0,True,False,False,False,monthly,True,0,Company_371,DevTools,US,2024-12-09,other,4.0,263.6,0.0,4.0,5.0,3.0,23.8,0
S-09cdac,A-82861f,2024-07-31,2024-09-04,Basic,41,779,9348,False,False,False,True,annual,True,1,Company_350,DevTools,UK,2024-04-25,organic,10.0,418.46666666666664,15.0,10.0,5.0,3.2,24.4,0
S-fa5301,A-ba6516,2024-03-14,,Pro,55,0,0,True,False,False,False,monthly,False,0,Company_154,FinTech,US,2023-10-29,ads,3.0,212.83333333333334,1.0,3.0,6.0,4.0,31.5,1
S-69937b,A-08e34e,2024-08-08,,Pro,14,686,8232,False,False,False,False,annual,False,0,Company_32,EdTech,US,2024-06-27,event,3.0,133.71666666666667,0.0,3.0,3.0,3.0,43.0,1
S-f2537d,A-e43bf7,2024-01-24,,Pro,44,2156,25872,False,False,False,False,monthly,True,0,Company_215,Cybersecurity,AU,2023-03-24,other,7.0,360.5833333333333,4.0,7.0,5.0,4.0,27.4,0
S-27f7b2,A-a1b80b,2024-04-03,,Basic,38,722,8664,False,False,False,False,annual,True,0,Company_184,HealthTech,US,2023-11-27,organic,6.0,236.28333333333333,3.0,6.0,4.0,4.0,41.0,0
S-9c2b8e,A-443f6f,2024-12-26,,Basic,19,361,4332,False,True,False,False,annual,True,0,Company_304,Cybersecurity,US,2024-12-07,organic,8.0,319.8666666666667,5.0,8.0,4.0,4.666666666666667,28.0,0
S-a4f26d,A-32728c,2023-05-21,,Pro,20,980,11760,False,False,False,False,monthly,True,0,Company_54,DevTools,US,2023-01-03,event,4.0,233.73333333333332,1.0,4.0,2.0,3.5,34.5,0
S-0cb6ed,A-ac85cd,2024-11-09,2024-12-18,Pro,53,2597,31164,False,False,False,True,annual,True,1,Company_485,EdTech,US,2024-07-31,partner,7.0,287.3,7.0,7.0,3.0,3.5,33.666666666666664,0
S-367dee,A-e19ff6,2024-06-29,,Pro,1,49,588,False,False,False,False,annual,True,0,Company_411,Cybersecurity,UK,2023-07-28,partner,2.0,250.98333333333332,0.0,2.0,3.0,4.666666666666667,30.666666666666668,1
S-3b9ad8,A-6e08f3,2024-12-24,,Enterprise,28,5572,66864,False,False,False,False,monthly,False,0,Company_220,Cybersecurity,US,2023-02-27,event,5.0,180.21666666666667,0.0,5.0,2.0,3.5,36.5,0
S-c9f8c1,A-544d0a,2024-07-23,,Enterprise,5,995,11940,False,False,True,False,monthly,True,0,Company_153,DevTools,US,2024-05-02,organic,3.0,114.33333333333333,1.0,3.0,2.0,4.0,38.5,1
S-57cd05,A-8b0451,2024-10-26,,Basic,41,779,9348,False,False,False,False,annual,True,0,Company_245,FinTech,UK,2024-09-16,event,6.0,89.58333333333333,3.0,6.0,7.0,3.5,26.571428571428573,0
S-e505c1,A-8ae3fc,2024-09-17,,Pro,34,1666,19992,False,False,False,False,annual,True,0,Company_495,DevTools,CA,2024-06-28,ads,7.0,369.6333333333333,7.0,7.0,4.0,3.5,39.5,0
S-121b4d,A-8ae3fc,2024-11-22,,Basic,9,171,2052,False,False,False,False,annual,True,0,Company_495,DevTools,CA,2024-06-28,ads,3.0,121.5,2.0,3.0,4.0,3.5,39.5,1
S-72b4f2,A-4437e4,2024-02-06,,Pro,49,2401,28812,False,False,False,False,annual,True,0,Company_192,Cybersecurity,US,2023-09-16,event,3.0,173.9,7.0,3.0,6.0,3.0,34.666666666666664,1
S-c9b0cc,A-4d1e75,2024-10-11,,Enterprise,38,7562,90744,False,False,False,False,monthly,True,0,Company_58,DevTools,US,2024-08-21,other,2.0,71.01666666666667,0.0,2.0,2.0,4.0,15.0,1
S-27c993,A-098560,2024-11-17,,Enterprise,4,796,9552,False,False,False,False,monthly,True,0,Company_349,DevTools,UK,2023-10-21,ads,2.0,192.0,4.0,2.0,2.0,3.0,28.0,1
S-8b9889,A-ac9111,2024-08-18,,Pro,21,1029,12348,False,False,False,False,monthly,True,0,Company_487,HealthTech,US,2023-08-12,event,7.0,428.51666666666665,5.0,7.0,3.0,5.0,24.666666666666668,0
S-2214c6,A-3c1a3f,2024-10-07,,Pro,82,4018,48216,False,False,False,False,monthly,True,0,Company_224,DevTools,UK,2023-08-26,event,2.0,126.35,0.0,2.0,4.0,3.5,33.25,1
S-ce695e,A-cb6cc6,2024-05-25,,Enterprise,13,0,0,True,False,False,False,annual,False,0,Company_419,DevTools,US,2023-04-03,ads,5.0,183.88333333333333,6.0,5.0,3.0,3.5,16.333333333333332,0
S-066d80,A-9b9fe9,2024-08-17,,Pro,5,245,2940,False,False,False,False,monthly,True,0,Company_71,EdTech,AU,2023-09-28,other,0.0,0.0,0.0,0.0,4.0,4.0,33.5,1
S-228457,A-029f69,2024-05-24,,Enterprise,24,4776,57312,False,False,False,False,annual,True,0,Company_129,Cybersecurity,CA,2024-03-07,event,5.0,299.6333333333333,1.0,5.0,2.0,3.0,42.0,0
S-e50612,A-c7e58b,2024-07-15,,Basic,13,247,2964,False,False,False,False,annual,False,0,Company_404,HealthTech,IN,2023-06-25,other,6.0,229.35,2.0,6.0,5.0,3.5,30.6,0
S-64fba3,A-00bed1,2024-07-16,,Enterprise,28,5572,66864,False,False,False,False,annual,True,0,Company_306,Cybersecurity,US,2023-11-14,ads,7.0,397.93333333333334,0.0,7.0,4.0,4.0,31.75,0
S-2372d2,A-cea1f0,2024-12-22,,Enterprise,21,4179,50148,False,False,False,False,annual,False,0,Company_273,FinTech,US,2024-04-07,event,3.0,67.38333333333334,3.0,2.0,5.0,4.333333333333333,42.2,1
S-2661dc,A-c37cab,2024-08-07,,Pro,20,0,0,True,False,False,False,monthly,True,0,Company_278,Cybersecurity,UK,2024-07-29,event,4.0,262.1666666666667,6.0,4.0,4.0,3.75,33.0,0
S-427275,A-4c38bc,2024-07-14,,Enterprise,36,7164,85968,False,False,False,False,annual,True,0,Company_55,HealthTech,UK,2024-03-09,event,8.0,611.5,4.0,8.0,3.0,3.5,48.333333333333336,0
S-628729,A-157070,2024-10-05,,Enterprise,23,4577,54924,False,False,True,False,monthly,True,0,Company_85,FinTech,US,2023-11-09,ads,8.0,175.31666666666666,5.0,8.0,3.0,3.0,42.333333333333336,0
S-e260ff,A-bcf87c,2024-12-09,,Enterprise,21,4179,50148,False,False,False,False,annual,True,0,Company_288,FinTech,US,2024-06-27,event,6.0,185.3,0.0,6.0,2.0,4.0,63.0,0
S-89c03a,A-8ae3fc,2024-09-20,,Pro,9,441,5292,False,False,False,False,monthly,True,0,Company_495,DevTools,CA,2024-06-28,ads,5.0,259.35,8.0,5.0,4.0,3.5,39.5,0
S-86455a,A-1b9609,2023-12-01,,Pro,12,588,7056,False,False,False,False,monthly,True,0,Company_5,EdTech,IN,2023-10-12,ads,6.0,202.06666666666666,2.0,6.0,4.0,3.0,43.0,0
S-3660bb,A-474ad4,2024-12-14,,Enterprise,10,0,0,True,False,False,False,monthly,False,0,Company_261,EdTech,US,2023-11-28,organic,3.0,204.06666666666666,1.0,3.0,3.0,5.0,33.0,1
S-6bf7d7,A-9bfc9f,2024-03-23,,Pro,53,2597,31164,False,False,True,False,annual,False,0,Company_228,DevTools,CA,2023-09-14,ads,3.0,289.15,2.0,3.0,6.0,3.3333333333333335,35.333333333333336,1
S-feccd8,A-812c5b,2024-12-22,,Enterprise,55,10945,131340,False,False,False,False,monthly,True,0,Company_395,DevTools,CA,2024-02-25,organic,2.0,107.61666666666666,1.0,2.0,4.0,4.0,27.0,1
S-0e4b0c,A-39b19f,2023-02-28,2023-06-15,Pro,24,1176,14112,False,False,True,True,annual,True,1,Company_176,FinTech,US,2023-02-03,partner,4.0,151.05,1.0,4.0,6.0,4.25,47.833333333333336,0
S-0e0578,A-de58ca,2023-07-09,,Basic,15,285,3420,False,False,False,False,monthly,True,0,Company_212,HealthTech,DE,2023-04-13,organic,3.0,346.3,4.0,3.0,5.0,3.3333333333333335,30.6,1
S-74538d,A-e60f9d,2024-11-13,,Pro,46,2254,27048,False,False,False,False,annual,True,0,Company_178,FinTech,US,2024-08-26,other,2.0,45.03333333333333,0.0,2.0,2.0,,70.5,1
S-c2a6cb,A-9affe6,2023-10-19,,Enterprise,7,1393,16716,False,True,False,False,annual,False,0,Company_401,Cybersecurity,US,2023-03-22,other,3.0,218.5,3.0,3.0,3.0,3.0,58.0,1
S-1bd2ec,A-e60f9d,2024-12-25,2024-12-28,Basic,38,722,8664,False,False,False,True,annual,True,1,Company_178,FinTech,US,2024-08-26,other,5.0,286.46666666666664,2.0,5.0,2.0,,70.5,0
S-3cc352,A-d27f50,2024-08-06,,Pro,44,2156,25872,False,False,False,False,monthly,True,0,Company_163,Cybersecurity,UK,2024-07-20,ads,1.0,47.6,0.0,1.0,4.0,3.75,37.5,1
S-124207,A-fdfc91,2023-08-31,,Basic,29,551,6612,False,False,False,False,annual,True,0,Company_414,Cybersecurity,US,2023-05-06,ads,4.0,107.75,0.0,4.0,5.0,3.6666666666666665,28.8,0
S-76e7d9,A-712f1c,2024-02-09,,Enterprise,44,8756,105072,False,False,False,False,monthly,True,0,Company_331,DevTools,US,2023-12-16,ads,4.0,184.46666666666667,0.0,4.0,6.0,4.0,41.666666666666664,0
S-44f453,A-19b2c8,2024-02-10,,Enterprise,20,3980,47760,False,False,False,False,monthly,True,0,Company_476,DevTools,IN,2023-06-06,other,2.0,195.2,2.0,2.0,3.0,4.666666666666667,29.333333333333332,1
S-03a97f,A-f51f16,2024-03-15,,Pro,60,2940,35280,False,False,False,False,annual,True,0,Company_282,HealthTech,US,2023-12-25,partner,4.0,287.31666666666666,6.0,4.0,4.0,3.0,29.25,0
S-80c01c,A-d3c88e,2024-12-16,,Basic,16,304,3648,False,True,False,False,annual,True,0,Company_490,DevTools,US,2024-10-18,event,3.0,89.71666666666667,4.0,3.0,3.0,4.0,58.0,1
S-666181,A-eb1312,2024-10-09,,Basic,71,1349,16188,False,False,False,False,annual,True,0,Company_322,FinTech,US,2024-09-16,partner,2.0,149.7,0.0,2.0,1.0,5.0,68.0,1
S-401496,A-68f37c,2023-08-13,2024-06-22,Enterprise,4,796,9552,False,True,False,True,monthly,True,1,Company_202,HealthTech,US,2023-07-15,ads,6.0,390.6666666666667,1.0,6.0,5.0,4.0,20.2,0
S-ca0c98,A-fda07f,2024-11-28,,Pro,7,343,4116,False,False,False,False,monthly,True,0,Company_230,Cybersecurity,FR,2024-08-11,partner,5.0,169.88333333333333,0.0,5.0,5.0,4.0,17.8,0
S-017e33,A-f9cc74,2024-11-08,2024-11-25,Basic,53,1007,12084,False,False,False,True,monthly,True,1,Company_360,DevTools,FR,2024-10-12,partner,7.0,313.2,7.0,7.0,6.0,4.0,49.833333333333336,0
S-183073,A-e7a1e2,2024-07-19,,Enterprise,14,2786,33432,False,False,False,False,monthly,True,0,Company_295,Cybersecurity,US,2024-06-23,event,6.0,142.9,5.0,6.0,1.0,4.0,45.0,0
S-22f503,A-7a0d69,2024-09-06,,Basic,6,114,1368,False,False,False,False,annual,True,0,Company_187,DevTools,DE,2024-06-15,ads,2.0,166.8,1.0,2.0,2.0,5.0,29.0,1
S-7de1b7,A-4d1e75,2024-10-27,,Enterprise,20,3980,47760,False,False,False,False,annual,True,0,Company_58,DevTools,US,2024-08-21,other,2.0,23.0,0.0,2.0,2.0,4.0,15.0,1
S-c7f564,A-902ef7,2024-11-23,,Pro,83,0,0,True,True,False,False,annual,True,0,Company_270,HealthTech,US,2024-09-03,other,11.0,639.2833333333333,6.0,11.0,2.0,4.0,48.5,0
S-ceffe9,A-89ee83,2024-11-23,,Enterprise,2,398,4776,False,False,False,False,monthly,True,0,Company_312,Cybersecurity,US,2024-10-04,organic,9.0,459.9166666666667,0.0,8.0,5.0,4.0,21.8,0
S-9b2c95,A-e60f9d,2024-11-24,2024-12-05,Pro,29,0,0,True,False,False,True,annual,True,1,Company_178,FinTech,US,2024-08-26,other,5.0,259.01666666666665,2.0,5.0,2.0,,70.5,0
S-cf6ec1,A-d77f4c,2024-08-04,,Enterprise,22,4378,52536,False,True,False,False,monthly,False,0,Company_470,DevTools,US,2023-09-25,partner,3.0,208.31666666666666,0.0,3.0,2.0,4.0,31.0,1
S-a44d72,A-b30291,2024-06-12,,Pro,18,882,10584,False,False,False,False,monthly,True,0,Company_344,HealthTech,US,2024-04-05,event,5.0,327.43333333333334,4.0,5.0,1.0,,16.0,0
S-0b0ffa,A-180abf,2024-01-17,2024-04-19,Basic,64,0,0,True,False,False,True,annual,True,1,Company_122,DevTools,US,2023-08-14,event,2.0,133.0,0.0,2.0,3.0,3.0,36.333333333333336,1
S-02af5d,A-d82ef9,2024-08-07,,Enterprise,26,0,0,True,False,False,False,annual,True,0,Company_355,EdTech,UK,2024-07-02,other,3.0,136.05,0.0,3.0,5.0,4.25,39.8,1
S-d07c53,A-249769,2024-09-24,,Basic,21,399,4788,False,False,False,False,annual,True,0,Company_214,Cybersecurity,US,2024-04-25,event,7.0,370.4166666666667,5.0,7.0,2.0,4.0,39.5,0
S-c67b80,A-eb2fdc,2024-02-24,,Pro,31,1519,18228,False,False,False,False,monthly,False,0,Company_216,DevTools,AU,2023-11-21,organic,6.0,360.6666666666667,2.0,6.0,5.0,4.5,33.6,0
S-5d68fb,A-5f2961,2024-12-02,,Pro,49,2401,28812,False,False,False,False,annual,True,0,Company_284,HealthTech,US,2024-11-22,partner,9.0,415.1666666666667,1.0,9.0,1.0,,53.0,0
S-fc9cc3,A-9b9fe9,2024-01-01,,Pro,24,1176,14112,False,False,False,False,annual,True,0,Company_71,EdTech,AU,2023-09-28,other,9.0,472.15,0.0,9.0,4.0,4.0,33.5,0
S-17f71d,A-e40f45,2024-05-15,,Pro,44,2156,25872,False,True,False,False,monthly,True,0,Company_317,HealthTech,US,2024-04-18,organic,9.0,579.9833333333333,4.0,9.0,7.0,4.333333333333333,26.714285714285715,0
S-5895f0,A-bcf664,2023-10-05,,Basic,8,0,0,True,False,False,False,annual,True,0,Company_248,DevTools,US,2023-05-19,other,3.0,182.61666666666667,1.0,3.0,5.0,4.0,36.0,1
S-b042d9,A-0e966d,2024-11-15,,Enterprise,11,2189,26268,False,False,False,False,annual,True,0,Company_493,FinTech,IN,2024-06-25,ads,11.0,541.4666666666667,7.0,11.0,3.0,4.5,31.666666666666668,0
S-ffd1ee,A-f03140,2024-11-06,,Pro,27,0,0,True,False,False,False,annual,True,0,Company_209,DevTools,IN,2023-11-22,event,7.0,381.75,1.0,7.0,7.0,3.6666666666666665,36.0,0
S-9c4bcd,A-a7bd4b,2024-05-14,,Pro,5,245,2940,False,True,False,False,monthly,True,0,Company_363,Cybersecurity,US,2023-02-15,ads,8.0,463.48333333333335,2.0,8.0,6.0,3.25,36.833333333333336,0
S-4f91d0,A-7f8241,2024-10-12,,Basic,34,646,7752,False,False,False,False,monthly,False,0,Company_42,EdTech,US,2023-03-14,organic,7.0,406.23333333333335,5.0,7.0,1.0,3.0,36.0,0
S-672f1b,A-eafc6e,2023-08-08,,Pro,27,1323,15876,False,False,False,False,monthly,True,0,Company_149,DevTools,US,2023-07-06,partner,3.0,77.25,0.0,3.0,1.0,,64.0,1
S-101201,A-d49cc5,2024-02-13,,Basic,50,950,11400,False,False,False,False,annual,True,0,Company_275,Cybersecurity,FR,2023-09-19,event,5.0,304.51666666666665,5.0,5.0,4.0,4.5,32.0,0
S-eea643,A-54ecc2,2024-10-30,,Enterprise,28,5572,66864,False,False,False,False,monthly,True,0,Company_289,Cybersecurity,US,2023-06-11,partner,5.0,316.4,2.0,5.0,5.0,5.0,37.4,0
S-5f9a67,A-6da850,2023-12-04,,Pro,5,245,2940,False,False,False,False,annual,True,0,Company_293,FinTech,IN,2023-10-07,organic,4.0,102.35,5.0,4.0,5.0,4.0,49.0,0
S-327e7c,A-4e960a,2024-02-07,,Enterprise,17,0,0,True,False,False,False,annual,True,0,Company_277,FinTech,US,2024-01-17,other,3.0,159.68333333333334,2.0,3.0,6.0,4.0,29.166666666666668,1
S-d97c5f,A-533452,2024-11-25,,Pro,101,4949,59388,False,False,False,False,monthly,True,0,Company_279,DevTools,AU,2024-11-12,organic,3.0,75.41666666666667,6.0,3.0,4.0,4.0,32.75,1
S-029c20,A-f44180,2024-12-13,,Basic,10,0,0,True,False,False,False,annual,False,0,Company_376,Cybersecurity,UK,2023-02-13,event,7.0,326.85,4.0,7.0,2.0,5.0,46.5,0
S-a74462,A-7c83a1,2024-05-14,,Pro,48,2352,28224,False,False,False,False,annual,True,0,Company_447,Cybersecurity,US,2024-05-06,partner,2.0,233.45,1.0,2.0,4.0,4.0,42.0,1
S-02ec76,A-e60f9d,2024-09-17,,Pro,29,1421,17052,False,False,False,False,monthly,True,0,Company_178,FinTech,US,2024-08-26,other,9.0,295.51666666666665,4.0,9.0,2.0,,70.5,0
S-d1c9e3,A-075038,2024-01-09,,Basic,17,323,3876,False,False,False,False,annual,True,0,Company_397,HealthTech,UK,2023-05-12,ads,3.0,174.4,2.0,3.0,2.0,3.0,43.5,1
S-51d8db,A-cc1d8d,2024-12-30,,Enterprise,6,1194,14328,False,False,False,False,annual,True,0,Company_440,FinTech,US,2024-12-08,other,6.0,244.78333333333333,4.0,6.0,5.0,4.5,30.2,0
S-c3c85e,A-271f46,2024-10-31,,Basic,38,722,8664,False,False,False,False,monthly,True,0,Company_84,DevTools,US,2023-02-09,event,6.0,227.43333333333334,4.0,6.0,1.0,,36.0,0
S-44a646,A-1e1b80,2023-12-26,,Basic,50,950,11400,False,False,False,False,annual,True,0,Company_416,FinTech,CA,2023-09-12,other,4.0,196.13333333333333,0.0,4.0,6.0,3.2,43.0,0
S-431c03,A-e4bf56,2024-12-02,2024-12-19,Enterprise,37,7363,88356,False,False,False,True,monthly,True,1,Company_272,HealthTech,IN,2024-10-28,ads,4.0,270.95,1.0,4.0,8.0,3.6666666666666665,29.125,0
S-4f0027,A-ff79f2,2024-12-31,2024-12-31,Enterprise,19,3781,45372,False,False,False,True,annual,True,1,Company_165,DevTools,US,2024-04-25,ads,6.0,404.53333333333336,2.0,6.0,2.0,,50.0,0
S-6c9ee1,A-6da850,2024-02-20,,Enterprise,23,0,0,True,False,False,False,monthly,True,0,Company_293,FinTech,IN,2023-10-07,organic,2.0,36.483333333333334,2.0,2.0,5.0,4.0,49.0,1
S-396a84,A-5b4ebb,2024-10-23,2024-11-27,Basic,21,399,4788,False,False,False,True,monthly,False,1,Company_69,Cybersecurity,UK,2024-07-10,other,4.0,260.4,4.0,4.0,5.0,4.75,35.4,0
S-6bea24,A-3f9cc0,2024-07-06,,Basic,22,0,0,True,False,False,False,monthly,True,0,Company_359,HealthTech,US,2024-06-03,event,6.0,143.0,5.0,6.0,5.0,4.5,34.8,0
S-259804,A-d4ac0e,2024-10-01,,Basic,28,532,6384,False,False,False,False,annual,True,0,Company_364,DevTools,UK,2024-04-20,ads,1.0,28.666666666666668,2.0,1.0,4.0,3.5,21.0,1
S-33e40e,A-86cdb4,2024-10-10,2024-12-29,Enterprise,2,398,4776,False,False,False,True,annual,True,1,Company_250,DevTools,DE,2024-09-22,partner,7.0,541.7333333333333,2.0,7.0,5.0,4.333333333333333,26.4,0
S-fbd522,A-310452,2024-12-28,,Pro,9,0,0,True,False,False,False,annual,False,0,Company_321,DevTools,FR,2024-12-25,other,4.0,233.41666666666666,2.0,4.0,5.0,3.6,34.2,0
S-bbafad,A-854864,2024-12-27,2024-12-30,Basic,20,380,4560,False,False,False,True,annual,True,1,Company_38,FinTech,IN,2024-12-07,event,4.0,214.65,0.0,4.0,5.0,4.8,44.2,0
S-3edc14,A-d82ef9,2024-10-04,,Pro,26,0,0,True,False,False,False,annual,True,0,Company_355,EdTech,UK,2024-07-02,other,9.0,463.3666666666667,1.0,9.0,5.0,4.25,39.8,0
S-11e29d,A-71615e,2024-10-13,,Basic,32,608,7296,False,False,False,False,monthly,True,0,Company_167,EdTech,US,2024-05-18,organic,6.0,358.4,6.0,6.0,1.0,,49.0,0
S-1feff8,A-5fe118,2024-12-06,,Enterprise,39,7761,93132,False,False,False,False,annual,True,0,Company_374,Cybersecurity,US,2024-11-07,other,2.0,79.81666666666666,1.0,2.0,1.0,4.0,19.0,1
S-61e86c,A-39ddf4,2024-12-07,,Enterprise,40,7960,95520,False,False,False,False,annual,True,0,Company_435,EdTech,US,2024-12-05,partner,4.0,303.1666666666667,11.0,4.0,5.0,4.25,23.0,0
S-af41f0,A-e83938,2024-06-27,,Basic,2,38,456,False,False,False,False,annual,False,0,Company_111,DevTools,UK,2023-11-21,other,2.0,107.46666666666667,3.0,2.0,4.0,3.0,31.0,1
S-65ae02,A-671f31,2024-12-14,,Pro,59,2891,34692,False,False,False,False,annual,True,0,Company_137,DevTools,US,2024-11-24,ads,2.0,30.116666666666667,2.0,2.0,7.0,4.2,33.0,1
S-f7fccd,A-443b7c,2024-11-18,,Basic,6,0,0,True,True,False,False,annual,True,0,Company_280,Cybersecurity,US,2024-09-06,other,4.0,192.9,4.0,4.0,8.0,4.4,29.25,0
S-7904d3,A-d4e0d4,2024-11-30,2024-12-03,Enterprise,117,23283,279396,False,False,False,True,monthly,True,1,Company_403,FinTech,US,2024-10-18,other,3.0,173.58333333333334,3.0,3.0,4.0,4.0,39.25,1
S-48a54e,A-b2225d,2024-10-29,,Basic,47,0,0,True,False,False,False,monthly,True,0,Company_50,FinTech,US,2024-03-08,ads,5.0,162.93333333333334,3.0,5.0,2.0,3.0,42.0,0
S-4a08bd,A-e08cd3,2024-10-11,,Pro,67,3283,39396,False,False,False,False,annual,False,0,Company_475,FinTech,US,2024-09-21,ads,1.0,34.766666666666666,1.0,1.0,8.0,4.0,30.375,1
S-faa8ec,A-2e4581,2024-12-09,,Basic,11,209,2508,False,False,False,False,monthly,True,0,Company_0,EdTech,US,2024-10-16,partner,5.0,205.21666666666667,0.0,5.0,2.0,3.0,23.0,0
S-8db104,A-4a267b,2024-10-18,,Pro,25,1225,14700,False,False,True,False,monthly,True,0,Company_451,FinTech,US,2024-05-05,other,4.0,176.21666666666667,4.0,4.0,4.0,4.333333333333333,16.25,0
S-3c0121,A-7c83a1,2024-12-30,,Pro,24,1176,14112,False,False,False,False,monthly,True,0,Company_447,Cybersecurity,US,2024-05-06,partner,8.0,330.1333333333333,0.0,8.0,4.0,4.0,42.0,0
S-13ca37,A-6843f2,2024-12-21,,Pro,21,0,0,True,False,True,False,monthly,True,0,Company_335,HealthTech,CA,2024-12-10,ads,8.0,380.0,4.0,8.0,2.0,3.0,36.5,0
S-163e64,A-dfbd31,2024-11-08,,Enterprise,62,12338,148056,False,False,False,False,monthly,True,0,Company_190,DevTools,UK,2023-12-04,partner,4.0,297.18333333333334,0.0,4.0,6.0,4.25,29.666666666666668,0
S-4d1ba6,A-00cac8,2024-04-04,,Enterprise,9,0,0,True,False,False,False,annual,False,0,Company_26,HealthTech,AU,2023-09-15,organic,7.0,379.1666666666667,2.0,7.0,2.0,,33.0,0
S-e98d6b,A-309e54,2024-12-31,,Basic,15,285,3420,False,False,False,False,annual,True,0,Company_371,DevTools,US,2024-12-09,other,5.0,270.45,4.0,5.0,5.0,3.0,23.8,0
S-041624,A-6843f2,2024-12-12,,Enterprise,21,4179,50148,False,False,False,False,monthly,True,0,Company_335,HealthTech,CA,2024-12-10,ads,5.0,259.46666666666664,2.0,5.0,2.0,3.0,36.5,0
S-b78829,A-2e4581,2024-11-12,,Pro,20,980,11760,False,False,False,False,monthly,True,0,Company_0,EdTech,US,2024-10-16,partner,5.0,222.71666666666667,4.0,5.0,2.0,3.0,23.0,0
S-ca1c21,A-f92792,2024-12-02,,Basic,9,0,0,True,False,False,False,annual,False,0,Company_67,FinTech,US,2024-07-04,ads,5.0,250.36666666666667,3.0,5.0,2.0,4.0,45.0,0
S-e1de58,A-ce550d,2024-10-28,,Enterprise,35,6965,83580,False,True,False,False,annual,True,0,Company_4,HealthTech,US,2024-10-27,event,3.0,126.48333333333333,3.0,3.0,7.0,3.8,42.285714285714285,1
S-721fea,A-f6b2fb,2024-05-23,,Pro,23,1127,13524,False,False,True,False,monthly,True,0,Company_418,DevTools,AU,2024-04-23,event,5.0,205.18333333333334,4.0,5.0,5.0,4.0,55.0,0
S-eaac58,A-ff3c73,2023-04-08,,Basic,66,1254,15048,False,False,False,False,annual,True,0,Company_244,HealthTech,AU,2023-01-26,other,4.0,262.6166666666667,0.0,4.0,2.0,3.5,35.5,0
S-1218fd,A-2d4502,2024-11-02,,Basic,14,266,3192,False,True,False,False,monthly,False,0,Company_45,FinTech,IN,2024-04-29,event,6.0,247.03333333333333,0.0,6.0,3.0,5.0,26.333333333333332,0
S-936732,A-2f6a32,2024-11-28,2024-12-06,Pro,19,931,11172,False,False,False,True,annual,True,1,Company_160,HealthTech,US,2024-08-26,organic,5.0,382.06666666666666,1.0,5.0,2.0,3.5,41.0,0
S-c2f293,A-69b156,2024-12-10,2024-12-30,Basic,8,152,1824,False,False,False,True,monthly,False,1,Company_396,EdTech,US,2023-11-21,other,2.0,49.46666666666667,0.0,2.0,7.0,4.0,32.0,1
S-fe3b71,A-44dc83,2024-09-24,,Enterprise,37,0,0,True,False,False,False,monthly,True,0,Company_35,EdTech,FR,2024-05-12,other,5.0,274.35,2.0,5.0,7.0,4.6,40.857142857142854,0
S-f5f5b3,A-89ee83,2024-12-26,2024-12-29,Basic,10,190,2280,False,False,False,True,annual,True,1,Company_312,Cybersecurity,US,2024-10-04,organic,4.0,96.61666666666666,7.0,4.0,5.0,4.0,21.8,0
S-4afb53,A-40de06,2023-12-12,2024-12-29,Enterprise,28,5572,66864,False,False,False,True,monthly,True,1,Company_369,Cybersecurity,US,2023-05-08,event,5.0,172.18333333333334,0.0,5.0,3.0,4.0,40.333333333333336,0
S-851bbe,A-d77f4c,2024-04-22,,Enterprise,94,18706,224472,False,True,False,False,annual,True,0,Company_470,DevTools,US,2023-09-25,partner,3.0,138.13333333333333,0.0,3.0,2.0,4.0,31.0,1
S-dab0d5,A-cc1d8d,2024-12-14,,Basic,5,0,0,True,False,False,False,monthly,True,0,Company_440,FinTech,US,2024-12-08,other,4.0,142.6,0.0,4.0,5.0,4.5,30.2,0
S-9aa190,A-9b9fe9,2024-10-17,,Basic,33,627,7524,False,False,False,False,annual,True,0,Company_71,EdTech,AU,2023-09-28,other,3.0,157.48333333333332,0.0,3.0,4.0,4.0,33.5,1
S-f89d8c,A-88c6ca,2024-12-18,,Pro,49,2401,28812,False,False,False,False,monthly,True,0,Company_179,FinTech,DE,2024-10-25,ads,10.0,418.73333333333335,2.0,10.0,1.0,,56.0,0
S-766a62,A-1ac5e0,2024-11-24,,Enterprise,33,0,0,True,False,False,False,monthly,False,0,Company_126,DevTools,US,2024-10-20,event,5.0,236.56666666666666,0.0,5.0,7.0,3.8,40.42857142857143,0
S-10134d,A-52dd88,2024-09-09,,Enterprise,23,4577,54924,False,False,False,False,annual,True,0,Company_127,Cybersecurity,US,2023-02-21,ads,3.0,322.3,1.0,3.0,1.0,,72.0,1
S-85de7a,A-940b8b,2024-04-01,,Enterprise,32,6368,76416,False,False,True,False,annual,True,0,Company_398,HealthTech,DE,2024-03-19,organic,2.0,99.73333333333333,0.0,2.0,3.0,4.0,41.333333333333336,1
S-85796b,A-f19409,2024-08-27,2024-10-31,Enterprise,23,4577,54924,False,False,False,True,monthly,True,1,Company_105,DevTools,US,2023-03-16,other,7.0,493.55,3.0,7.0,3.0,4.0,6.333333333333333,0
S-c97464,A-f5641b,2024-10-16,,Pro,38,1862,22344,False,False,False,False,monthly,False,0,Company_382,EdTech,US,2024-03-30,other,8.0,566.3666666666667,7.0,8.0,4.0,3.0,47.5,0
S-6732ff,A-9affe6,2023-11-22,,Pro,24,1176,14112,False,False,False,False,annual,True,0,Company_401,Cybersecurity,US,2023-03-22,other,6.0,250.71666666666667,1.0,6.0,3.0,3.0,58.0,0
S-aa20eb,A-6f8ad2,2024-09-08,,Pro,1,49,588,False,False,False,False,monthly,False,0,Company_57,EdTech,IN,2024-07-09,organic,3.0,120.2,3.0,3.0,4.0,4.333333333333333,35.25,1
S-b6aabe,A-902ef7,2024-12-25,,Basic,83,1577,18924,False,False,False,False,annual,True,0,Company_270,HealthTech,US,2024-09-03,other,1.0,94.05,3.0,1.0,2.0,4.0,48.5,1
S-0ff339,A-6dee43,2024-01-21,,Basic,12,228,2736,False,False,False,False,annual,True,0,Company_478,FinTech,UK,2023-08-12,other,2.0,36.36666666666667,1.0,2.0,5.0,4.333333333333333,44.2,1
S-4d664d,A-cc1d8d,2024-12-26,,Pro,16,784,9408,False,True,True,False,annual,True,0,Company_440,FinTech,US,2024-12-08,other,3.0,133.45,3.0,3.0,5.0,4.5,30.2,1
S-8deb5f,A-533452,2024-12-25,,Basic,52,988,11856,False,False,False,False,annual,False,0,Company_279,DevTools,AU,2024-11-12,organic,6.0,319.05,3.0,6.0,4.0,4.0,32.75,0
S-e2d4e9,A-18793f,2024-12-30,,Basic,148,0,0,True,True,False,False,monthly,True,0,Company_488,EdTech,US,2024-12-18,organic,5.0,331.23333333333335,0.0,5.0,5.0,3.8,45.2,0
S-d8441d,A-8adedc,2024-03-16,,Basic,4,76,912,False,False,False,False,annual,True,0,Company_300,EdTech,US,2024-02-11,event,3.0,124.21666666666667,0.0,3.0,4.0,4.0,49.25,1
S-6d356a,A-425e76,2023-06-26,,Basic,28,532,6384,False,False,False,False,annual,False,0,Company_110,DevTools,UK,2023-05-17,other,7.0,423.6,3.0,7.0,5.0,3.3333333333333335,48.2,0
S-c005ac,A-92a3af,2024-09-18,,Enterprise,25,4975,59700,False,False,False,False,annual,True,0,Company_259,Cybersecurity,IN,2024-07-07,organic,6.0,285.8666666666667,8.0,6.0,4.0,4.0,57.5,0
S-d0913e,A-eb2fdc,2024-11-14,,Pro,31,1519,18228,False,False,False,False,monthly,True,0,Company_216,DevTools,AU,2023-11-21,organic,2.0,29.35,2.0,2.0,5.0,4.5,33.6,1
S-4bef15,A-600734,2024-08-14,2024-09-22,Enterprise,29,0,0,True,False,False,True,annual,True,1,Company_327,DevTools,US,2023-11-14,organic,2.0,34.03333333333333,0.0,2.0,7.0,3.6666666666666665,52.57142857142857,1
S-2573e4,A-7f8241,2024-01-25,,Basic,60,1140,13680,False,False,False,False,monthly,True,0,Company_42,EdTech,US,2023-03-14,organic,4.0,210.76666666666668,0.0,4.0,1.0,3.0,36.0,0
S-80c291,A-712533,2024-01-06,,Enterprise,18,3582,42984,False,False,False,False,annual,True,0,Company_498,EdTech,US,2023-07-31,organic,2.0,94.15,2.0,2.0,5.0,3.75,37.4,1
S-64acb8,A-3be56b,2024-08-21,,Enterprise,30,5970,71640,False,False,False,False,monthly,True,0,Company_200,HealthTech,IN,2023-10-26,event,6.0,305.48333333333335,2.0,6.0,4.0,3.5,40.25,0
S-13a948,A-d5a319,2024-07-24,,Enterprise,15,2985,35820,False,True,False,False,monthly,False,0,Company_158,FinTech,US,2023-05-04,other,4.0,235.38333333333333,2.0,4.0,1.0,4.0,17.0,0
S-081b81,A-b20d99,2024-01-30,,Basic,20,380,4560,False,False,False,False,annual,True,0,Company_29,HealthTech,IN,2023-09-27,other,2.0,70.35,0.0,2.0,2.0,3.5,61.5,1
S-68c537,A-9ee962,2024-06-06,,Enterprise,29,5771,69252,False,False,False,False,monthly,True,0,Company_59,HealthTech,US,2023-02-28,ads,0.0,0.0,0.0,0.0,3.0,4.0,37.0,1
S-3f82bc,A-d5a319,2023-10-30,,Basic,15,0,0,True,False,True,False,monthly,True,0,Company_158,FinTech,US,2023-05-04,other,5.0,139.83333333333334,5.0,5.0,1.0,4.0,17.0,0
S-fe6311,A-5c9849,2024-11-11,,Enterprise,19,0,0,True,False,False,False,monthly,True,0,Company_362,EdTech,IN,2024-11-03,partner,4.0,128.81666666666666,0.0,4.0,4.0,,59.5,0
S-b3c4b8,A-c43359,2024-12-17,,Pro,38,0,0,True,False,False,False,annual,True,0,Company_83,FinTech,US,2024-11-16,organic,8.0,375.5,4.0,8.0,3.0,4.0,26.666666666666668,0
S-8923b3,A-157070,2024-05-17,,Basic,27,513,6156,False,False,False,False,annual,True,0,Company_85,FinTech,US,2023-11-09,ads,9.0,340.0833333333333,4.0,9.0,3.0,3.0,42.333333333333336,0
S-2410c6,A-5247b3,2024-05-11,,Basic,33,627,7524,False,False,False,False,annual,False,0,Company_375,FinTech,UK,2024-03-12,partner,7.0,367.8666666666667,8.0,7.0,5.0,4.0,45.8,0
S-7a06fe,A-5a92e7,2024-09-28,,Pro,28,1372,16464,False,False,False,False,monthly,True,0,Company_413,HealthTech,US,2024-06-11,ads,8.0,397.3333333333333,8.0,8.0,7.0,4.4,45.0,0
S-ceaca8,A-96e141,2024-08-10,,Enterprise,24,4776,57312,False,False,False,False,monthly,True,0,Company_134,DevTools,UK,2023-08-12,partner,9.0,423.9166666666667,3.0,9.0,5.0,4.333333333333333,32.8,0
S-02c3e7,A-7c4956,2024-08-14,,Enterprise,6,1194,14328,False,False,False,False,annual,True,0,Company_254,DevTools,US,2023-05-06,ads,7.0,331.6166666666667,7.0,7.0,3.0,4.0,13.666666666666666,0
S-3a1a06,A-eb7fac,2024-07-09,,Enterprise,14,2786,33432,False,False,False,False,monthly,True,0,Company_28,DevTools,US,2023-10-28,organic,6.0,290.6666666666667,7.0,6.0,4.0,4.0,34.0,0
S-7f5d03,A-22d9d2,2024-06-10,,Pro,25,1225,14700,False,False,False,False,monthly,False,0,Company_188,DevTools,FR,2024-03-22,event,2.0,145.03333333333333,0.0,2.0,6.0,4.0,16.0,1
S-c10f0c,A-0f7d77,2024-11-11,,Basic,6,114,1368,False,False,False,False,monthly,False,0,Company_457,FinTech,IN,2024-10-28,partner,5.0,211.75,8.0,5.0,5.0,5.0,27.2,0
S-cdd00a,A-4e44e8,2024-08-23,,Basic,38,722,8664,False,False,False,False,monthly,True,0,Company_22,DevTools,US,2024-08-20,ads,5.0,194.68333333333334,2.0,5.0,3.0,3.3333333333333335,31.333333333333332,0
S-d57a67,A-2446e3,2024-07-14,,Pro,27,1323,15876,False,False,False,False,monthly,True,0,Company_241,EdTech,IN,2024-01-10,organic,6.0,186.65,2.0,6.0,3.0,4.0,28.666666666666668,0
S-f75ac4,A-faa28c,2024-02-17,,Enterprise,48,0,0,True,False,False,False,annual,True,0,Company_91,HealthTech,US,2024-01-30,organic,3.0,55.03333333333333,0.0,3.0,4.0,4.666666666666667,52.25,1
S-76c59f,A-0aaf6e,2024-08-01,,Basic,24,456,5472,False,False,False,False,annual,True,0,Company_114,FinTech,US,2024-05-11,organic,5.0,312.46666666666664,2.0,5.0,5.0,4.0,45.0,0
S-0a15fa,A-bb1eaa,2024-12-12,,Pro,25,1225,14700,False,False,False,False,annual,True,0,Company_468,Cybersecurity,US,2024-06-11,organic,5.0,160.9,0.0,5.0,6.0,4.5,23.5,0
S-d0f5fb,A-39868b,2024-04-25,,Enterprise,9,1791,21492,False,False,False,False,annual,False,0,Company_422,FinTech,AU,2024-03-17,partner,7.0,254.15,7.0,7.0,6.0,4.25,39.0,0
S-ffb6cc,A-94d3da,2024-09-28,,Enterprise,41,8159,97908,False,False,False,False,monthly,False,0,Company_61,HealthTech,US,2023-05-03,other,6.0,291.06666666666666,2.0,6.0,6.0,3.5,26.833333333333332,0
S-1b8300,A-faa28c,2024-05-23,,Enterprise,48,0,0,True,True,False,False,monthly,True,0,Company_91,HealthTech,US,2024-01-30,organic,4.0,166.1,0.0,4.0,4.0,4.666666666666667,52.25,0
S-88de1c,A-18793f,2024-12-24,,Basic,148,2812,33744,False,False,False,False,annual,True,0,Company_488,EdTech,US,2024-12-18,organic,3.0,219.8,0.0,3.0,5.0,3.8,45.2,1
S-a88ffd,A-cc102e,2024-09-06,,Pro,13,637,7644,False,False,False,False,annual,True,0,Company_443,HealthTech,US,2024-04-15,partner,6.0,308.78333333333336,2.0,6.0,4.0,4.333333333333333,33.25,0
S-f12a54,A-f3ff05,2024-11-24,,Pro,2,98,1176,False,False,False,False,monthly,True,0,Company_44,FinTech,IN,2024-07-06,other,6.0,296.3333333333333,5.0,6.0,3.0,3.5,42.666666666666664,0
S-f9b284,A-22d9d2,2024-07-02,,Pro,8,392,4704,False,False,False,False,annual,True,0,Company_188,DevTools,FR,2024-03-22,event,4.0,128.36666666666667,3.0,4.0,6.0,4.0,16.0,0
S-61e53d,A-d42431,2024-11-15,2024-12-14,Basic,22,418,5016,False,False,False,True,annual,False,1,Company_378,FinTech,FR,2024-06-09,ads,6.0,176.73333333333332,3.0,6.0,4.0,4.0,24.25,0
S-4c5456,A-149a69,2024-12-19,,Basic,34,646,7752,False,False,False,False,monthly,True,0,Company_302,DevTools,US,2024-10-17,event,5.0,274.55,5.0,5.0,8.0,4.2,33.875,0
S-b15cde,A-ee42db,2023-05-01,,Pro,13,637,7644,False,False,False,False,monthly,True,0,Company_77,EdTech,DE,2023-04-25,ads,4.0,99.51666666666667,4.0,4.0,4.0,3.0,33.75,0
S-9e6a18,A-7d514c,2024-11-06,,Pro,21,1029,12348,False,True,False,False,monthly,False,0,Company_119,HealthTech,DE,2024-02-03,organic,4.0,125.38333333333334,1.0,4.0,3.0,5.0,33.333333333333336,0
S-0b2ac3,A-d792a6,2024-01-01,,Basic,7,0,0,True,False,False,False,annual,True,0,Company_486,DevTools,US,2023-01-23,organic,3.0,72.15,6.0,3.0,5.0,4.0,40.6,1
S-cb8a5c,A-1e6fc3,2024-12-17,,Enterprise,1,199,2388,False,False,False,False,annual,True,0,Company_434,EdTech,FR,2023-12-06,other,7.0,299.68333333333334,1.0,7.0,5.0,3.6666666666666665,23.8,0
S-8b52b5,A-c1dfe1,2024-03-04,,Enterprise,26,5174,62088,False,False,False,False,monthly,True,0,Company_53,DevTools,DE,2023-08-07,ads,9.0,388.5833333333333,4.0,9.0,3.0,4.0,50.333333333333336,0
S-79b2bc,A-249769,2024-08-28,,Basic,4,76,912,False,False,False,False,monthly,True,0,Company_214,Cybersecurity,US,2024-04-25,event,6.0,317.95,1.0,6.0,2.0,4.0,39.5,0
S-4fd9ba,A-d4ac0e,2024-09-10,,Basic,24,456,5472,False,True,False,False,monthly,True,0,Company_364,DevTools,UK,2024-04-20,ads,3.0,213.3,0.0,3.0,4.0,3.5,21.0,1
S-163e9d,A-ccabf0,2024-03-03,,Enterprise,11,2189,26268,False,False,False,False,annual,True,0,Company_471,HealthTech,IN,2023-11-06,organic,1.0,14.8,0.0,1.0,4.0,3.6666666666666665,46.25,1
S-8324d4,A-5a215a,2024-07-13,2024-08-03,Pro,87,0,0,True,False,False,True,monthly,True,1,Company_358,EdTech,FR,2024-01-05,other,5.0,411.3666666666667,2.0,5.0,4.0,4.0,29.5,0
S-22f848,A-993085,2023-10-15,,Enterprise,49,9751,117012,False,False,False,False,annual,True,0,Company_258,HealthTech,US,2023-06-01,ads,8.0,525.5333333333333,1.0,8.0,4.0,3.5,46.5,0
S-b32512,A-854864,2024-12-25,,Enterprise,20,3980,47760,False,False,False,False,monthly,True,0,Company_38,FinTech,IN,2024-12-07,event,6.0,207.53333333333333,6.0,6.0,5.0,4.8,44.2,0
S-98ac99,A-8ed5dd,2023-11-09,,Basic,5,95,1140,False,True,False,False,annual,True,0,Company_222,EdTech,UK,2023-06-29,event,7.0,184.53333333333333,1.0,7.0,6.0,3.75,29.0,0
S-93fab3,A-9f9299,2024-11-10,2024-12-31,Pro,28,1372,16464,False,False,False,True,annual,True,1,Company_133,FinTech,US,2023-09-02,organic,7.0,380.6,5.0,7.0,5.0,5.0,36.2,0
S-838330,A-5a215a,2024-06-20,,Pro,87,0,0,True,False,False,False,annual,False,0,Company_358,EdTech,FR,2024-01-05,other,10.0,348.31666666666666,8.0,10.0,4.0,4.0,29.5,0
S-720d62,A-c16101,2024-10-05,,Basic,53,1007,12084,False,False,False,False,monthly,True,0,Company_139,EdTech,IN,2024-09-06,other,7.0,272.81666666666666,6.0,7.0,4.0,5.0,28.0,0
S-e2500e,A-5b4ebb,2024-12-06,,Basic,21,0,0,True,False,False,False,monthly,True,0,Company_69,Cybersecurity,UK,2024-07-10,other,3.0,175.45,1.0,3.0,5.0,4.75,35.4,1
S-2c091a,A-32728c,2023-06-20,,Pro,20,980,11760,False,False,False,False,annual,True,0,Company_54,DevTools,US,2023-01-03,event,8.0,371.6,10.0,8.0,2.0,3.5,34.5,0
S-55d53c,A-2f6a32,2024-12-08,,Basic,19,361,4332,False,False,False,False,annual,True,0,Company_160,HealthTech,US,2024-08-26,organic,7.0,360.06666666666666,8.0,7.0,2.0,3.5,41.0,0
S-df2fb8,A-0e966d,2024-08-17,,Pro,55,0,0,True,False,False,False,annual,True,0,Company_493,FinTech,IN,2024-06-25,ads,3.0,252.15,0.0,3.0,3.0,4.5,31.666666666666668,1
S-24ae40,A-328bd0,2024-02-11,2024-03-28,Basic,18,342,4104,False,False,False,True,monthly,True,1,Company_237,HealthTech,AU,2023-05-16,partner,7.0,189.3,4.0,7.0,5.0,3.6666666666666665,46.0,0
S-bdd4c5,A-5a92e7,2024-12-03,,Pro,28,1372,16464,False,False,False,False,monthly,True,0,Company_413,HealthTech,US,2024-06-11,ads,4.0,98.7,3.0,4.0,7.0,4.4,45.0,0
S-2196c4,A-425e76,2024-04-16,,Basic,8,152,1824,False,False,False,False,monthly,True,0,Company_110,DevTools,UK,2023-05-17,other,3.0,101.7,0.0,3.0,5.0,3.3333333333333335,48.2,1
S-9626f8,A-d4ac0e,2024-08-25,,Pro,18,882,10584,False,False,False,False,annual,True,0,Company_364,DevTools,UK,2024-04-20,ads,1.0,36.86666666666667,0.0,1.0,4.0,3.5,21.0,1
S-03340d,A-4ef964,2024-04-01,,Enterprise,17,3383,40596,False,False,False,False,annual,False,0,Company_262,HealthTech,US,2024-03-07,organic,8.0,537.8833333333333,5.0,8.0,3.0,4.0,42.666666666666664,0
S-ae1882,A-9f9299,2024-10-25,,Basic,61,1159,13908,False,False,False,False,monthly,False,0,Company_133,FinTech,US,2023-09-02,organic,2.0,105.28333333333333,2.0,2.0,5.0,5.0,36.2,1
S-1cdd2c,A-ac9111,2024-03-06,,Pro,21,1029,12348,False,False,False,False,monthly,False,0,Company_487,HealthTech,US,2023-08-12,event,5.0,223.35,4.0,5.0,3.0,5.0,24.666666666666668,0
S-6b7aa4,A-c37601,2024-11-29,,Basic,22,418,5016,False,False,False,False,monthly,True,0,Company_48,EdTech,US,2024-10-31,partner,3.0,173.5,1.0,3.0,4.0,3.6666666666666665,42.25,1
S-dfe952,A-e351e1,2024-09-27,,Basic,33,627,7524,False,False,False,False,monthly,True,0,Company_62,EdTech,US,2024-09-26,other,5.0,286.45,4.0,5.0,4.0,3.75,17.0,0
S-763384,A-526d93,2024-07-24,,Pro,43,0,0,True,False,False,False,annual,True,0,Company_66,HealthTech,FR,2024-04-14,organic,10.0,519.9,7.0,10.0,5.0,3.5,51.4,0
S-3e6a40,A-94c3cd,2024-08-07,,Enterprise,32,0,0,True,False,False,False,monthly,True,0,Company_351,FinTech,CA,2023-09-20,other,4.0,276.3833333333333,6.0,4.0,4.0,3.5,44.75,0
S-5fffe8,A-4e631b,2024-07-26,,Basic,22,418,5016,False,False,False,False,monthly,True,0,Company_298,FinTech,US,2024-03-16,other,7.0,423.45,9.0,7.0,2.0,4.0,24.5,0
S-e51242,A-8145a0,2023-11-13,,Enterprise,9,1791,21492,False,False,False,False,annual,True,0,Company_33,Cybersecurity,AU,2023-04-25,partner,5.0,477.31666666666666,3.0,5.0,6.0,4.0,23.666666666666668,0
S-ae3270,A-fdfc91,2023-09-14,,Basic,29,551,6612,False,False,False,False,annual,True,0,Company_414,Cybersecurity,US,2023-05-06,ads,9.0,544.6333333333333,5.0,9.0,5.0,3.6666666666666665,28.8,0
S-808668,A-e351e1,2024-10-01,,Pro,33,1617,19404,False,False,False,False,monthly,True,0,Company_62,EdTech,US,2024-09-26,other,5.0,325.3,2.0,5.0,4.0,3.75,17.0,0
S-388f70,A-40a557,2024-09-21,,Pro,18,0,0,True,False,False,False,annual,True,0,Company_86,Cybersecurity,AU,2023-12-03,partner,5.0,238.65,3.0,5.0,7.0,3.6666666666666665,30.571428571428573,0
S-b84a07,A-7c4956,2023-06-05,,Pro,9,441,5292,False,False,False,False,annual,True,0,Company_254,DevTools,US,2023-05-06,ads,6.0,442.68333333333334,4.0,6.0,3.0,4.0,13.666666666666666,0
S-a24476,A-91e948,2024-01-26,,Basic,41,0,0,True,False,False,False,monthly,True,0,Company_88,EdTech,AU,2023-01-29,partner,4.0,209.11666666666667,1.0,4.0,0.0,,,0
S-ff78bf,A-50f3f7,2024-05-13,,Pro,31,0,0,True,False,False,False,monthly,False,0,Company_140,HealthTech,US,2023-12-22,partner,7.0,222.9,5.0,7.0,6.0,5.0,37.833333333333336,0
S-695c1e,A-ce66f8,2024-07-02,,Enterprise,37,7363,88356,False,False,False,False,monthly,True,0,Company_17,EdTech,CA,2023-08-23,event,8.0,396.75,4.0,8.0,6.0,3.5,41.666666666666664,0
S-f97609,A-712f1c,2024-05-15,,Pro,38,1862,22344,False,True,False,False,annual,False,0,Company_331,DevTools,US,2023-12-16,ads,7.0,393.95,5.0,7.0,6.0,4.0,41.666666666666664,0
S-fee60b,A-4a267b,2024-09-22,2024-09-29,Pro,46,2254,27048,False,False,False,True,monthly,True,1,Company_451,FinTech,US,2024-05-05,other,6.0,434.98333333333335,2.0,6.0,4.0,4.333333333333333,16.25,0
S-3cc163,A-df10db,2024-07-02,,Basic,68,0,0,True,True,False,False,annual,False,0,Company_143,DevTools,US,2023-06-06,other,5.0,281.78333333333336,3.0,5.0,2.0,3.0,68.5,0
S-534c28,A-e888d1,2024-09-16,,Basic,14,266,3192,False,False,False,False,monthly,True,0,Company_102,Cybersecurity,US,2023-03-28,other,6.0,194.55,2.0,6.0,5.0,4.0,43.0,0
S-e1d553,A-692f18,2024-09-27,,Pro,9,0,0,True,False,False,False,annual,True,0,Company_195,EdTech,US,2024-03-28,other,4.0,174.01666666666668,1.0,4.0,2.0,5.0,37.5,0
S-358daa,A-39b19f,2024-09-04,,Enterprise,24,0,0,True,False,False,False,annual,True,0,Company_176,FinTech,US,2023-02-03,partner,6.0,214.1,6.0,5.0,6.0,4.25,47.833333333333336,0
S-ff2761,A-0cc442,2024-09-25,,Basic,45,855,10260,False,True,False,False,monthly,True,0,Company_198,EdTech,US,2024-07-18,organic,4.0,184.18333333333334,5.0,4.0,3.0,3.0,37.0,0
S-b6d200,A-d27f50,2024-12-19,,Basic,44,836,10032,False,False,False,False,monthly,True,0,Company_163,Cybersecurity,UK,2024-07-20,ads,4.0,137.31666666666666,2.0,4.0,4.0,3.75,37.5,0
S-518472,A-e7beab,2024-12-08,,Pro,19,931,11172,False,False,False,False,monthly,True,0,Company_458,EdTech,DE,2023-10-20,organic,3.0,125.18333333333334,0.0,3.0,6.0,4.0,36.666666666666664,1
S-682d28,A-fdfc91,2024-08-31,,Enterprise,47,9353,112236,False,False,False,False,annual,True,0,Company_414,Cybersecurity,US,2023-05-06,ads,4.0,151.9,1.0,4.0,5.0,3.6666666666666665,28.8,0
S-0a2238,A-c7ffc2,2024-09-16,,Basic,30,570,6840,False,False,False,False,monthly,True,0,Company_392,Cybersecurity,US,2023-01-27,partner,8.0,567.7833333333333,7.0,8.0,2.0,3.0,64.0,0
S-6e4c1a,A-94f8c9,2024-08-02,,Enterprise,13,2587,31044,False,False,False,False,monthly,True,0,Company_51,HealthTech,US,2024-03-29,other,5.0,194.68333333333334,5.0,5.0,3.0,5.0,47.333333333333336,0
S-7564e1,A-313be3,2024-08-14,,Enterprise,47,0,0,True,False,False,False,monthly,True,0,Company_136,EdTech,US,2023-11-15,partner,3.0,205.13333333333333,3.0,3.0,4.0,5.0,22.5,1
S-41023c,A-49b828,2023-12-15,,Enterprise,31,6169,74028,False,False,False,False,annual,True,0,Company_391,FinTech,IN,2023-05-05,ads,5.0,215.35,3.0,5.0,3.0,3.5,13.666666666666666,0
S-6e0006,A-5b051a,2024-09-18,,Basic,22,418,5016,False,False,False,False,monthly,True,0,Company_181,Cybersecurity,US,2024-08-05,event,3.0,263.8666666666667,0.0,3.0,1.0,3.0,2.0,1
S-7e1791,A-a6d261,2024-05-09,,Enterprise,9,1791,21492,False,False,False,False,annual,True,0,Company_303,FinTech,CA,2023-11-29,other,5.0,218.83333333333334,1.0,5.0,4.0,4.666666666666667,40.0,0
S-1109d6,A-a2485e,2024-08-11,,Enterprise,3,597,7164,False,False,True,False,annual,True,0,Company_467,FinTech,US,2024-08-04,event,4.0,263.6166666666667,3.0,4.0,0.0,,,0
S-b35203,A-ac85cd,2024-12-23,,Enterprise,53,10547,126564,False,False,True,False,monthly,True,0,Company_485,EdTech,US,2024-07-31,partner,1.0,70.83333333333333,0.0,1.0,3.0,3.5,33.666666666666664,1
S-ef4ad8,A-bcf87c,2024-08-14,,Pro,10,490,5880,False,False,False,False,annual,False,0,Company_288,FinTech,US,2024-06-27,event,1.0,36.11666666666667,1.0,1.0,2.0,4.0,63.0,1
S-2dad6b,A-104f1a,2024-12-20,,Basic,34,646,7752,False,False,False,False,monthly,True,0,Company_89,Cybersecurity,US,2024-08-17,other,3.0,232.96666666666667,2.0,3.0,5.0,3.75,33.2,1
S-4c100f,A-eb7fac,2024-02-24,,Enterprise,136,27064,324768,False,False,False,False,monthly,False,0,Company_28,DevTools,US,2023-10-28,organic,4.0,313.8833333333333,4.0,4.0,4.0,4.0,34.0,0
S-17cfc4,A-592832,2024-12-01,,Pro,18,0,0,True,False,True,False,monthly,True,0,Company_10,Cybersecurity,US,2024-09-25,organic,9.0,447.21666666666664,2.0,9.0,3.0,5.0,32.666666666666664,0
S-c317f9,A-86902e,2023-11-24,,Basic,34,646,7752,False,False,False,False,annual,True,0,Company_169,HealthTech,IN,2023-05-02,other,10.0,620.6833333333333,5.0,10.0,9.0,3.5,40.888888888888886,0
S-3311b1,A-7cfe77,2024-08-24,,Pro,69,3381,40572,False,True,False,False,monthly,True,0,Company_367,DevTools,US,2024-07-10,ads,3.0,256.3,0.0,3.0,7.0,3.5,30.714285714285715,1
S-26e8f0,A-d40bf7,2024-11-17,,Enterprise,59,11741,140892,False,False,False,False,monthly,False,0,Company_11,FinTech,IN,2024-11-08,organic,5.0,157.65,2.0,5.0,2.0,5.0,20.5,0
S-807d87,A-69b156,2024-01-16,,Enterprise,28,5572,66864,False,False,False,False,annual,True,0,Company_396,EdTech,US,2023-11-21,other,6.0,226.71666666666667,2.0,6.0,7.0,4.0,32.0,0
S-c4aa5f,A-ccb686,2024-02-28,,Pro,52,2548,30576,False,False,False,False,annual,False,0,Company_491,DevTools,US,2024-01-22,other,7.0,299.95,7.0,7.0,1.0,4.0,67.0,0
S-86c28f,A-8adedc,2024-04-02,,Pro,79,3871,46452,False,False,False,False,annual,True,0,Company_300,EdTech,US,2024-02-11,event,3.0,146.6,4.0,3.0,4.0,4.0,49.25,1
S-d635a2,A-ff79f2,2024-05-29,,Basic,12,228,2736,False,False,False,False,annual,True,0,Company_165,DevTools,US,2024-04-25,ads,10.0,397.51666666666665,2.0,10.0,2.0,,50.0,0
S-463525,A-016043,2024-12-02,,Enterprise,13,2587,31044,False,False,False,False,annual,True,0,Company_405,EdTech,CA,2024-07-31,organic,4.0,100.01666666666667,1.0,4.0,3.0,4.0,30.333333333333332,0
S-b2238e,A-104f1a,2024-11-16,,Basic,24,456,5472,False,False,False,False,monthly,True,0,Company_89,Cybersecurity,US,2024-08-17,other,5.0,229.25,0.0,5.0,5.0,3.75,33.2,0
S-d01053,A-779e4e,2023-11-12,2024-10-29,Enterprise,36,7164,85968,False,False,False,True,annual,True,1,Company_193,HealthTech,US,2023-01-02,organic,5.0,129.51666666666668,1.0,5.0,5.0,4.0,26.6,0
S-b9bbfd,A-118d55,2024-11-13,,Enterprise,36,7164,85968,False,False,False,False,monthly,True,0,Company_65,Cybersecurity,US,2024-10-22,organic,7.0,397.1666666666667,0.0,6.0,5.0,4.333333333333333,24.2,0
S-790762,A-ac85cd,2024-12-24,,Pro,53,2597,31164,False,False,False,False,monthly,True,0,Company_485,EdTech,US,2024-07-31,partner,4.0,293.1,2.0,4.0,3.0,3.5,33.666666666666664,0
S-321498,A-3a7284,2024-12-25,2024-12-31,Pro,31,0,0,True,False,False,True,monthly,True,1,Company_93,FinTech,US,2024-11-17,organic,3.0,140.7,1.0,3.0,3.0,3.5,56.333333333333336,1
S-8cf2ef,A-600734,2024-08-29,,Basic,42,798,9576,False,False,False,False,annual,False,0,Company_327,DevTools,US,2023-11-14,organic,7.0,244.8,5.0,7.0,7.0,3.6666666666666665,52.57142857142857,0
S-48aa95,A-a8b49c,2024-03-23,,Enterprise,7,1393,16716,False,False,False,False,monthly,True,0,Company_72,Cybersecurity,UK,2023-10-06,partner,6.0,277.75,6.0,6.0,1.0,4.0,72.0,0
S-42218c,A-e2cd1b,2024-07-30,,Pro,45,2205,26460,False,False,False,False,monthly,True,0,Company_121,DevTools,US,2024-02-04,other,5.0,364.8666666666667,0.0,5.0,5.0,4.0,37.8,0
S-e6e96f,A-cbd1a3,2024-11-30,,Enterprise,8,0,0,True,False,False,False,annual,False,0,Company_325,DevTools,US,2024-11-25,other,4.0,192.85,1.0,4.0,4.0,4.0,34.5,0
S-627cfa,A-9bfc9f,2023-09-19,2024-01-04,Pro,53,2597,31164,False,False,False,True,monthly,True,1,Company_228,DevTools,CA,2023-09-14,ads,4.0,54.666666666666664,1.0,4.0,6.0,3.3333333333333335,35.333333333333336,0
S-47a04b,A-b54c01,2024-10-07,,Pro,29,0,0,True,False,False,False,annual,True,0,Company_354,DevTools,US,2024-09-29,event,6.0,360.23333333333335,0.0,6.0,5.0,3.0,42.6,0
S-2a6eb3,A-80eeb6,2023-08-27,,Enterprise,68,13532,162384,False,False,False,False,monthly,True,0,Company_402,Cybersecurity,UK,2023-05-09,organic,1.0,147.5,0.0,1.0,4.0,3.6666666666666665,40.25,1
S-c5f3d4,A-9f2731,2024-11-22,,Pro,5,0,0,True,False,False,False,annual,True,0,Company_24,FinTech,IN,2024-10-04,event,7.0,324.9,9.0,7.0,0.0,,,0
S-c3bf1d,A-55f257,2024-03-15,,Pro,9,441,5292,False,False,False,False,annual,True,0,Company_496,FinTech,US,2023-12-21,organic,9.0,317.4,3.0,9.0,6.0,5.0,43.166666666666664,0
S-a82441,A-4a267b,2024-08-09,,Pro,25,1225,14700,False,False,False,False,annual,True,0,Company_451,FinTech,US,2024-05-05,other,3.0,243.11666666666667,0.0,3.0,4.0,4.333333333333333,16.25,1
S-ccdf41,A-94f8c9,2024-11-29,,Enterprise,17,3383,40596,False,False,False,False,monthly,True,0,Company_51,HealthTech,US,2024-03-29,other,3.0,123.4,2.0,3.0,3.0,5.0,47.333333333333336,1
S-3503cb,A-c43359,2024-12-14,,Basic,38,722,8664,False,False,False,False,monthly,True,0,Company_83,FinTech,US,2024-11-16,organic,7.0,410.01666666666665,8.0,7.0,3.0,4.0,26.666666666666668,0
S-ed32c7,A-37f969,2023-10-24,,Pro,30,1470,17640,False,False,False,False,annual,False,0,Company_150,HealthTech,IN,2023-10-14,partner,3.0,280.0,0.0,3.0,5.0,3.6666666666666665,22.2,1
S-64bd69,A-ac9111,2023-10-04,,Basic,21,399,4788,False,False,False,False,annual,True,0,Company_487,HealthTech,US,2023-08-12,event,8.0,302.03333333333336,4.0,8.0,3.0,5.0,24.666666666666668,0
S-abd244,A-66224b,2024-12-05,,Basic,92,1748,20976,False,False,False,False,monthly,False,0,Company_87,HealthTech,US,2024-10-18,other,5.0,381.78333333333336,4.0,5.0,6.0,3.5,39.833333333333336,0
S-1e83a6,A-443b7c,2024-12-29,,Basic,8,152,1824,False,False,False,False,annual,True,0,Company_280,Cybersecurity,US,2024-09-06,other,3.0,116.4,1.0,3.0,8.0,4.4,29.25,1
S-e86a94,A-443f6f,2024-12-26,,Pro,19,931,11172,False,False,False,False,monthly,True,0,Company_304,Cybersecurity,US,2024-12-07,organic,3.0,141.43333333333334,0.0,3.0,4.0,4.666666666666667,28.0,1
S-2480b0,A-6e08f3,2024-12-27,,Basic,13,247,2964,False,False,False,False,annual,True,0,Company_220,Cybersecurity,US,2023-02-27,event,4.0,324.9166666666667,2.0,4.0,2.0,3.5,36.5,0
S-095083,A-98a59a,2023-09-27,,Basic,56,1064,12768,False,False,False,False,annual,True,0,Company_80,FinTech,UK,2023-08-04,partner,2.0,110.8,0.0,2.0,3.0,4.5,37.333333333333336,1
S-07abdd,A-f19409,2023-09-26,,Pro,34,1666,19992,False,False,False,False,annual,True,0,Company_105,DevTools,US,2023-03-16,other,8.0,629.7,1.0,8.0,3.0,4.0,6.333333333333333,0
S-c29f3a,A-b7b7b7,2024-09-10,,Pro,24,1176,14112,False,True,False,False,monthly,False,0,Company_338,FinTech,US,2024-06-30,event,5.0,238.3,2.0,5.0,3.0,5.0,17.0,0
S-b4ac47,A-3b5cd1,2023-10-07,,Pro,31,1519,18228,False,False,False,False,annual,False,0,Company_49,FinTech,US,2023-09-12,event,4.0,224.2,2.0,3.0,5.0,4.0,27.4,0
S-2e017b,A-432483,2023-04-02,2023-04-05,Pro,5,245,2940,False,False,False,True,annual,True,1,Company_78,Cybersecurity,US,2023-02-06,ads,4.0,303.98333333333335,2.0,4.0,1.0,,51.0,0
S-c64e87,A-f3ff05,2024-09-19,,Enterprise,27,5373,64476,False,False,False,False,annual,True,0,Company_44,FinTech,IN,2024-07-06,other,10.0,673.4166666666666,7.0,10.0,3.0,3.5,42.666666666666664,0
S-c24467,A-e888d1,2023-07-05,,Basic,50,0,0,True,False,False,False,monthly,False,0,Company_102,Cybersecurity,US,2023-03-28,other,1.0,79.56666666666666,0.0,1.0,5.0,4.0,43.0,1
S-f7b0e0,A-66224b,2024-11-24,,Basic,92,1748,20976,False,False,False,False,annual,True,0,Company_87,HealthTech,US,2024-10-18,other,4.0,196.75,0.0,4.0,6.0,3.5,39.833333333333336,0
S-edeacd,A-59f724,2024-01-01,,Pro,18,882,10584,False,False,False,False,annual,True,0,Company_432,HealthTech,US,2023-11-03,other,4.0,135.66666666666666,0.0,4.0,4.0,4.25,19.25,0
S-3d6b69,A-2446e3,2024-09-16,,Enterprise,27,5373,64476,False,False,False,False,annual,False,0,Company_241,EdTech,IN,2024-01-10,organic,8.0,365.53333333333336,4.0,7.0,3.0,4.0,28.666666666666668,0
S-63e282,A-6a4e2d,2024-10-15,2024-11-07,Pro,14,686,8232,False,True,False,True,annual,True,1,Company_46,EdTech,UK,2023-04-07,partner,4.0,146.56666666666666,0.0,4.0,2.0,4.5,18.5,0
S-ef2a21,A-427b69,2024-11-28,2024-12-09,Pro,36,1764,21168,False,False,False,True,annual,True,1,Company_453,FinTech,US,2024-08-23,other,5.0,305.3666666666667,7.0,5.0,2.0,3.0,31.5,0
S-e052d8,A-4e44e8,2024-10-26,,Pro,25,0,0,True,False,False,False,annual,True,0,Company_22,DevTools,US,2024-08-20,ads,6.0,266.55,8.0,6.0,3.0,3.3333333333333335,31.333333333333332,0
S-2d51ca,A-96e141,2023-12-05,,Pro,32,1568,18816,False,False,False,False,monthly,True,0,Company_134,DevTools,UK,2023-08-12,partner,7.0,167.03333333333333,2.0,7.0,5.0,4.333333333333333,32.8,0
S-0921a1,A-ee42db,2023-08-02,,Basic,22,418,5016,False,False,False,False,annual,True,0,Company_77,EdTech,DE,2023-04-25,ads,8.0,268.4166666666667,3.0,8.0,4.0,3.0,33.75,0
S-62c98f,A-5a92e7,2024-10-27,,Pro,35,1715,20580,False,False,False,False,monthly,True,0,Company_413,HealthTech,US,2024-06-11,ads,2.0,38.2,3.0,2.0,7.0,4.4,45.0,1
S-1cff77,A-5a3eb9,2023-09-20,,Pro,65,3185,38220,False,False,False,False,annual,True,0,Company_283,DevTools,CA,2023-08-20,other,6.0,270.25,2.0,6.0,3.0,,24.0,0
S-3a28a1,A-b9f5b1,2024-07-25,,Enterprise,15,2985,35820,False,False,False,False,annual,True,0,Company_494,Cybersecurity,US,2023-01-24,other,7.0,354.3,3.0,7.0,6.0,3.3333333333333335,31.833333333333332,0
S-42aaf0,A-6da850,2024-12-31,2024-12-31,Basic,6,114,1368,False,False,False,True,annual,True,1,Company_293,FinTech,IN,2023-10-07,organic,4.0,133.68333333333334,2.0,4.0,5.0,4.0,49.0,0
S-d02277,A-05f0e5,2024-06-11,,Enterprise,92,18308,219696,False,True,False,False,monthly,True,0,Company_40,FinTech,US,2023-05-04,partner,7.0,266.65,0.0,7.0,4.0,4.0,20.0,0
S-72b92f,A-bd4708,2024-12-14,,Enterprise,37,7363,88356,False,False,False,False,monthly,False,0,Company_257,FinTech,US,2024-07-21,ads,1.0,29.5,1.0,1.0,4.0,3.5,24.0,1
S-15609d,A-94d3da,2024-08-04,,Basic,41,0,0,True,False,False,False,monthly,False,0,Company_61,HealthTech,US,2023-05-03,other,2.0,32.96666666666667,1.0,2.0,6.0,3.5,26.833333333333332,1
S-6d12c1,A-d26ab4,2024-11-20,,Basic,11,209,2508,False,False,False,False,monthly,True,0,Company_497,DevTools,UK,2024-11-07,organic,6.0,234.21666666666667,1.0,6.0,2.0,4.0,49.5,0
S-1bf267,A-c42f1f,2024-11-13,,Basic,28,532,6384,False,False,False,False,annual,True,0,Company_21,HealthTech,US,2024-07-28,other,5.0,227.81666666666666,8.0,5.0,9.0,4.0,31.333333333333332,0
S-2d4edf,A-69fad4,2023-09-04,,Enterprise,6,1194,14328,False,False,False,False,annual,False,0,Company_103,FinTech,UK,2023-04-06,ads,5.0,224.55,1.0,5.0,4.0,3.6666666666666665,43.0,0
S-050a91,A-d27f50,2024-08-06,,Basic,45,855,10260,False,False,False,False,annual,True,0,Company_163,Cybersecurity,UK,2024-07-20,ads,4.0,302.21666666666664,4.0,4.0,4.0,3.75,37.5,0
S-e41457,A-5f2961,2024-12-17,,Enterprise,4,796,9552,False,False,False,False,annual,True,0,Company_284,HealthTech,US,2024-11-22,partner,5.0,214.25,1.0,5.0,1.0,,53.0,0
S-9f2386,A-558c72,2024-03-09,,Enterprise,15,2985,35820,False,False,False,False,annual,True,0,Company_438,FinTech,US,2023-06-01,organic,4.0,184.46666666666667,0.0,4.0,4.0,4.5,64.25,0
S-e23fd8,A-cc98bc,2023-06-05,,Enterprise,32,0,0,True,False,False,False,annual,True,0,Company_469,DevTools,US,2023-05-24,ads,8.0,427.1666666666667,2.0,8.0,3.0,4.0,4.666666666666667,0
S-c1056f,A-6f8ad2,2024-10-23,,Basic,21,399,4788,False,False,False,False,monthly,False,0,Company_57,EdTech,IN,2024-07-09,organic,3.0,116.15,2.0,3.0,4.0,4.333333333333333,35.25,1
S-c4c9ce,A-625d0b,2024-11-16,2024-11-22,Enterprise,10,1990,23880,False,False,False,True,monthly,True,1,Company_290,EdTech,AU,2024-09-02,ads,4.0,141.53333333333333,5.0,4.0,5.0,3.0,48.4,0
S-dc90ef,A-bcf87c,2024-07-22,,Pro,17,833,9996,False,False,False,False,annual,True,0,Company_288,FinTech,US,2024-06-27,event,6.0,266.98333333333335,8.0,6.0,2.0,4.0,63.0,0
S-fc1114,A-4c56c9,2024-07-17,2024-10-23,Pro,18,882,10584,False,False,False,True,annual,True,1,Company_449,FinTech,US,2023-12-20,partner,6.0,203.85,1.0,6.0,5.0,3.75,38.6,0
S-b95110,A-b07b56,2024-12-16,,Pro,25,1225,14700,False,False,False,False,monthly,False,0,Company_292,DevTools,US,2024-11-08,event,3.0,226.16666666666666,1.0,3.0,4.0,3.0,31.25,1
S-e2e052,A-91e948,2023-11-07,,Pro,41,2009,24108,False,False,False,False,monthly,True,0,Company_88,EdTech,AU,2023-01-29,partner,8.0,415.8,0.0,8.0,0.0,,,0
S-0de78a,A-e4144b,2024-12-12,,Basic,41,779,9348,False,False,False,False,annual,True,0,Company_316,EdTech,UK,2024-10-22,other,5.0,278.85,0.0,5.0,3.0,4.0,57.0,0
S-8a37c8,A-054577,2024-12-09,,Pro,8,392,4704,False,False,False,False,monthly,True,0,Company_455,EdTech,UK,2024-04-28,ads,7.0,411.55,3.0,7.0,1.0,4.0,46.0,0
S-8d6cec,A-32fb14,2024-07-05,,Pro,32,1568,18816,False,True,False,False,annual,True,0,Company_25,DevTools,US,2023-03-07,event,4.0,116.8,2.0,4.0,5.0,4.5,34.0,0
S-65dd83,A-592832,2024-11-07,,Pro,36,1764,21168,False,False,False,False,annual,True,0,Company_10,Cybersecurity,US,2024-09-25,organic,6.0,156.76666666666668,4.0,6.0,3.0,5.0,32.666666666666664,0
S-fa7c1a,A-df10db,2024-10-21,,Enterprise,12,2388,28656,False,False,False,False,monthly,True,0,Company_143,DevTools,US,2023-06-06,other,3.0,102.95,7.0,3.0,2.0,3.0,68.5,1
S-cc964d,A-d26ab4,2024-11-21,,Basic,15,0,0,True,False,False,False,annual,True,0,Company_497,DevTools,UK,2024-11-07,organic,6.0,414.01666666666665,5.0,6.0,2.0,4.0,49.5,0
S-e72beb,A-712533,2024-10-26,,Pro,70,3430,41160,False,True,False,False,annual,True,0,Company_498,EdTech,US,2023-07-31,organic,3.0,249.45,2.0,3.0,5.0,3.75,37.4,1
S-80199e,A-50bb9f,2024-10-26,,Enterprise,18,3582,42984,False,True,False,False,monthly,True,0,Company_373,Cybersecurity,US,2024-07-12,organic,1.0,17.2,0.0,1.0,7.0,4.0,33.285714285714285,1
S-b6f87e,A-8b25f2,2024-09-30,,Basic,10,190,2280,False,False,False,False,annual,True,0,Company_96,Cybersecurity,US,2024-02-17,ads,3.0,144.76666666666668,1.0,3.0,2.0,4.0,35.5,1
S-6129d4,A-6965e1,2024-12-26,,Enterprise,13,2587,31044,False,False,False,False,annual,True,0,Company_379,DevTools,US,2024-11-25,organic,1.0,28.35,1.0,1.0,3.0,3.0,39.0,1
S-7b647e,A-d62e02,2024-09-03,,Enterprise,10,1990,23880,False,False,True,False,monthly,True,0,Company_420,Cybersecurity,US,2024-08-20,partner,3.0,124.18333333333334,4.0,3.0,1.0,4.0,36.0,1
S-426f2f,A-8145a0,2024-03-08,,Enterprise,3,597,7164,False,False,False,False,annual,True,0,Company_33,Cybersecurity,AU,2023-04-25,partner,2.0,54.43333333333333,3.0,2.0,6.0,4.0,23.666666666666668,1
S-02cde8,A-5b4ebb,2024-11-21,,Enterprise,63,12537,150444,False,False,False,False,monthly,True,0,Company_69,Cybersecurity,UK,2024-07-10,other,7.0,361.03333333333336,3.0,6.0,5.0,4.75,35.4,0
S-61a87e,A-91e948,2023-08-14,,Basic,41,779,9348,False,False,False,False,monthly,True,0,Company_88,EdTech,AU,2023-01-29,partner,4.0,184.7,0.0,4.0,0.0,,,0
S-5698bd,A-52dd88,2023-03-26,,Pro,26,1274,15288,False,False,False,False,monthly,False,0,Company_127,Cybersecurity,US,2023-02-21,ads,5.0,297.2,8.0,5.0,1.0,,72.0,0
S-702fe2,A-d77f4c,2024-03-27,,Enterprise,11,2189,26268,False,False,False,False,monthly,True,0,Company_470,DevTools,US,2023-09-25,partner,2.0,172.6,0.0,2.0,2.0,4.0,31.0,1
S-3e510d,A-50f3f7,2024-06-27,,Pro,31,1519,18228,False,False,True,False,annual,True,0,Company_140,HealthTech,US,2023-12-22,partner,4.0,205.26666666666668,2.0,4.0,6.0,5.0,37.833333333333336,0
S-ec7c12,A-cbd1a3,2024-12-02,,Enterprise,6,1194,14328,False,False,False,False,monthly,True,0,Company_325,DevTools,US,2024-11-25,other,3.0,140.36666666666667,0.0,3.0,4.0,4.0,34.5,1
S-d725da,A-f17767,2024-02-15,,Pro,22,1078,12936,False,False,False,False,annual,True,0,Company_123,DevTools,US,2023-01-30,event,0.0,0.0,0.0,0.0,3.0,4.0,36.333333333333336,1
S-c84c8d,A-7988d1,2024-08-18,,Enterprise,92,0,0,True,False,False,False,annual,True,0,Company_90,Cybersecurity,US,2023-12-20,other,6.0,327.46666666666664,9.0,6.0,3.0,4.333333333333333,35.333333333333336,0
S-049328,A-39b19f,2023-07-20,,Pro,55,2695,32340,False,False,False,False,monthly,True,0,Company_176,FinTech,US,2023-02-03,partner,4.0,254.23333333333332,1.0,4.0,6.0,4.25,47.833333333333336,0
S-d9ad28,A-4f18f0,2024-04-28,,Pro,24,1176,14112,False,False,False,False,monthly,False,0,Company_145,DevTools,CA,2024-04-21,other,5.0,321.56666666666666,1.0,5.0,5.0,4.0,39.2,0
S-eec041,A-c43359,2024-12-22,,Basic,38,722,8664,False,True,False,False,monthly,True,0,Company_83,FinTech,US,2024-11-16,organic,3.0,194.23333333333332,2.0,3.0,3.0,4.0,26.666666666666668,1
S-a554da,A-712f1c,2024-04-09,2024-07-23,Enterprise,17,3383,40596,False,False,False,True,annual,True,1,Company_331,DevTools,US,2023-12-16,ads,7.0,234.23333333333332,2.0,7.0,6.0,4.0,41.666666666666664,0
S-2ccc04,A-9a532a,2024-10-18,,Enterprise,11,2189,26268,False,False,False,False,monthly,True,0,Company_333,HealthTech,US,2024-07-06,partner,10.0,809.2833333333333,5.0,10.0,2.0,,57.5,0
S-984f8b,A-db5e9e,2024-12-28,2024-12-28,Enterprise,17,3383,40596,False,False,True,True,annual,True,1,Company_442,DevTools,US,2024-11-09,partner,7.0,310.15,3.0,7.0,2.0,5.0,66.0,0
S-d3613b,A-6f50ae,2023-11-27,,Enterprise,19,0,0,True,False,False,False,monthly,True,0,Company_466,FinTech,US,2023-09-21,partner,6.0,250.76666666666668,7.0,6.0,5.0,4.5,31.0,0
S-e27a20,A-ffc04f,2024-12-28,,Basic,13,247,2964,False,False,False,False,monthly,True,0,Company_307,EdTech,US,2024-06-06,ads,6.0,283.6333333333333,9.0,6.0,7.0,4.5,17.714285714285715,0
S-41871d,A-029f69,2024-08-10,,Enterprise,3,597,7164,False,False,False,False,annual,True,0,Company_129,Cybersecurity,CA,2024-03-07,event,9.0,418.8,6.0,9.0,2.0,3.0,42.0,0
S-9686c6,A-eb2fdc,2024-05-31,2024-09-25,Pro,33,1617,19404,False,False,False,True,annual,False,1,Company_216,DevTools,AU,2023-11-21,organic,5.0,161.28333333333333,3.0,4.0,5.0,4.5,33.6,0
S-9b1f0e,A-e83938,2024-07-16,,Pro,2,98,1176,False,True,False,False,annual,True,0,Company_111,DevTools,UK,2023-11-21,other,3.0,208.55,0.0,3.0,4.0,3.0,31.0,1
S-3445f5,A-7f6b86,2023-10-15,,Basic,45,855,10260,False,False,False,False,annual,False,0,Company_299,HealthTech,US,2023-08-24,partner,4.0,266.51666666666665,1.0,4.0,7.0,3.6666666666666665,40.42857142857143,0
S-f6e14c,A-8bde0c,2024-12-15,,Enterprise,28,5572,66864,False,False,False,False,annual,True,0,Company_287,DevTools,US,2024-11-04,organic,4.0,304.65,0.0,4.0,3.0,4.0,25.666666666666668,0
S-94cfff,A-439b2f,2024-04-16,2024-05-18,Pro,22,0,0,True,False,False,True,annual,True,1,Company_152,DevTools,US,2024-02-21,ads,5.0,302.85,0.0,5.0,3.0,,18.333333333333332,0
S-ceb9bd,A-7da956,2024-11-12,,Pro,20,980,11760,False,False,False,False,annual,True,0,Company_141,Cybersecurity,US,2024-06-02,event,6.0,296.68333333333334,1.0,6.0,3.0,5.0,32.666666666666664,0
S-2c270f,A-9f9299,2024-08-02,,Enterprise,28,5572,66864,False,False,False,False,annual,False,0,Company_133,FinTech,US,2023-09-02,organic,10.0,519.5166666666667,3.0,9.0,5.0,5.0,36.2,0
S-baba71,A-8b25f2,2024-05-03,,Enterprise,10,1990,23880,False,False,False,False,monthly,True,0,Company_96,Cybersecurity,US,2024-02-17,ads,2.0,39.85,0.0,2.0,2.0,4.0,35.5,1
S-d33d84,A-31ab9a,2024-04-01,,Enterprise,3,597,7164,False,False,False,False,annual,True,0,Company_460,FinTech,DE,2024-03-03,organic,3.0,92.36666666666666,0.0,3.0,7.0,3.5,43.142857142857146,1
S-c1012c,A-b7b7b7,2024-09-19,,Enterprise,24,4776,57312,False,False,False,False,monthly,True,0,Company_338,FinTech,US,2024-06-30,event,5.0,333.01666666666665,6.0,5.0,3.0,5.0,17.0,0
S-42af3d,A-40de06,2023-06-03,,Enterprise,28,5572,66864,False,False,False,False,annual,True,0,Company_369,Cybersecurity,US,2023-05-08,event,10.0,561.2,2.0,10.0,3.0,4.0,40.333333333333336,0
S-d4cc9b,A-10b8f2,2023-10-03,,Pro,54,2646,31752,False,False,False,False,annual,True,0,Company_151,HealthTech,DE,2023-01-11,organic,2.0,121.23333333333333,0.0,2.0,3.0,4.333333333333333,46.333333333333336,1
S-1351ac,A-0cc442,2024-07-27,,Enterprise,45,0,0,True,False,False,False,monthly,True,0,Company_198,EdTech,US,2024-07-18,organic,5.0,426.43333333333334,8.0,5.0,3.0,3.0,37.0,0
S-753a0a,A-ad64c6,2024-06-15,,Enterprise,28,5572,66864,False,False,False,False,annual,False,0,Company_175,DevTools,UK,2024-02-23,event,7.0,499.93333333333334,2.0,7.0,4.0,5.0,34.0,0
S-62a710,A-42b791,2024-11-07,,Pro,22,1078,12936,False,False,False,False,annual,True,0,Company_464,FinTech,AU,2024-05-20,event,4.0,211.2,0.0,4.0,3.0,4.0,33.666666666666664,0
S-85eb8f,A-59f724,2024-01-29,,Enterprise,22,4378,52536,False,False,False,False,monthly,True,0,Company_432,HealthTech,US,2023-11-03,other,9.0,639.25,6.0,9.0,4.0,4.25,19.25,0
S-e6f639,A-37f969,2023-12-02,,Pro,30,1470,17640,False,False,False,False,monthly,True,0,Company_150,HealthTech,IN,2023-10-14,partner,3.0,170.58333333333334,0.0,3.0,5.0,3.6666666666666665,22.2,1
S-85ba19,A-6965e1,2024-12-11,,Enterprise,13,2587,31044,False,True,False,False,monthly,True,0,Company_379,DevTools,US,2024-11-25,organic,5.0,251.65,5.0,5.0,3.0,3.0,39.0,0
S-a14f63,A-e1b9cd,2024-02-04,,Enterprise,40,7960,95520,False,False,True,False,monthly,True,0,Company_484,DevTools,US,2023-02-26,event,7.0,259.4,2.0,7.0,1.0,3.0,35.0,0
S-f80ef5,A-e51ec7,2024-03-22,,Basic,5,0,0,True,False,False,False,annual,True,0,Company_113,FinTech,CA,2023-09-23,partner,3.0,140.16666666666666,1.0,3.0,3.0,5.0,37.0,1
S-ed4e09,A-e43bf7,2024-02-26,,Pro,44,2156,25872,False,True,False,False,annual,True,0,Company_215,Cybersecurity,AU,2023-03-24,other,5.0,187.96666666666667,8.0,5.0,5.0,4.0,27.4,0
S-f49e0b,A-7f6b86,2024-01-21,2024-03-21,Pro,45,2205,26460,False,True,False,True,annual,True,1,Company_299,HealthTech,US,2023-08-24,partner,2.0,97.83333333333333,0.0,2.0,7.0,3.6666666666666665,40.42857142857143,1
S-22be2c,A-35083d,2024-12-15,,Enterprise,49,9751,117012,False,False,False,False,monthly,True,0,Company_27,HealthTech,IN,2023-04-28,partner,3.0,138.03333333333333,1.0,3.0,4.0,5.0,49.75,1
S-6587d8,A-2446e3,2024-04-18,,Enterprise,27,5373,64476,False,False,False,False,monthly,False,0,Company_241,EdTech,IN,2024-01-10,organic,11.0,631.9,5.0,11.0,3.0,4.0,28.666666666666668,0
S-44fba6,A-82d8a6,2024-12-22,,Enterprise,7,0,0,True,False,False,False,annual,True,0,Company_444,Cybersecurity,UK,2024-11-28,ads,4.0,93.5,5.0,4.0,5.0,3.5,42.2,0
S-f14c84,A-fa2041,2024-06-11,,Basic,18,0,0,True,False,False,False,monthly,True,0,Company_211,HealthTech,US,2024-05-29,organic,8.0,374.28333333333336,6.0,8.0,1.0,3.0,16.0,0
S-f243c1,A-e888d1,2024-03-12,2024-12-28,Pro,14,0,0,True,False,False,True,annual,True,1,Company_102,Cybersecurity,US,2023-03-28,other,7.0,434.46666666666664,6.0,7.0,5.0,4.0,43.0,0
S-ca454e,A-9174e0,2024-12-14,,Enterprise,37,7363,88356,False,False,False,False,monthly,True,0,Company_73,Cybersecurity,US,2024-12-04,partner,3.0,184.98333333333332,0.0,3.0,2.0,5.0,39.0,1
S-3e8283,A-940b8b,2024-04-29,,Pro,24,1176,14112,False,True,False,False,annual,False,0,Company_398,HealthTech,DE,2024-03-19,organic,4.0,351.8333333333333,3.0,4.0,3.0,4.0,41.333333333333336,0
S-70ae65,A-df1e44,2024-05-23,,Pro,63,3087,37044,False,True,False,False,monthly,True,0,Company_323,Cybersecurity,UK,2024-02-23,organic,3.0,113.38333333333334,0.0,3.0,2.0,5.0,53.0,1
S-f615d2,A-0a282f,2024-10-23,,Pro,18,882,10584,False,True,False,False,monthly,True,0,Company_2,DevTools,US,2024-08-27,organic,4.0,322.71666666666664,1.0,4.0,3.0,4.666666666666667,43.666666666666664,0
S-a8f236,A-855a48,2024-03-17,,Enterprise,14,2786,33432,False,False,False,False,monthly,False,0,Company_389,EdTech,US,2023-12-22,partner,7.0,439.78333333333336,3.0,7.0,5.0,3.6666666666666665,39.6,0
S-684751,A-86cdb4,2024-12-31,,Basic,17,323,3876,False,False,False,False,monthly,True,0,Company_250,DevTools,DE,2024-09-22,partner,5.0,143.45,1.0,5.0,5.0,4.333333333333333,26.4,0
S-4d9635,A-dcc3f1,2024-08-05,,Enterprise,22,4378,52536,False,False,False,False,annual,True,0,Company_314,HealthTech,US,2023-12-27,event,5.0,255.93333333333334,10.0,5.0,9.0,3.8,35.666666666666664,0
S-43c489,A-c222ab,2024-08-27,,Pro,32,1568,18816,False,False,False,False,annual,True,0,Company_206,Cybersecurity,US,2024-05-10,other,4.0,139.93333333333334,7.0,4.0,4.0,5.0,39.0,0
S-a346d6,A-0a282f,2024-08-31,2024-09-25,Enterprise,19,3781,45372,False,False,False,True,annual,True,1,Company_2,DevTools,US,2024-08-27,organic,4.0,165.6,2.0,4.0,3.0,4.666666666666667,43.666666666666664,0
S-47ce2d,A-d792a6,2023-02-06,,Pro,37,1813,21756,False,False,False,False,monthly,True,0,Company_486,DevTools,US,2023-01-23,organic,6.0,197.03333333333333,0.0,6.0,5.0,4.0,40.6,0
S-b4212b,A-10b8da,2023-05-12,2024-01-21,Enterprise,17,3383,40596,False,True,False,True,monthly,True,1,Company_9,DevTools,US,2023-05-08,partner,8.0,387.8333333333333,5.0,8.0,3.0,3.5,31.333333333333332,0
S-006908,A-d82ef9,2024-09-28,,Pro,26,1274,15288,False,False,True,False,monthly,True,0,Company_355,EdTech,UK,2024-07-02,other,1.0,6.716666666666667,1.0,1.0,5.0,4.25,39.8,1
S-60b7c7,A-02fac6,2024-05-02,,Enterprise,23,4577,54924,False,False,False,False,annual,False,0,Company_52,FinTech,US,2023-04-06,event,6.0,371.28333333333336,1.0,6.0,6.0,4.0,23.333333333333332,0
S-3e54f5,A-157070,2023-12-12,,Basic,17,323,3876,False,False,False,False,annual,True,0,Company_85,FinTech,US,2023-11-09,ads,3.0,96.95,0.0,3.0,3.0,3.0,42.333333333333336,1
S-e32789,A-ac85cd,2024-10-13,,Pro,53,2597,31164,False,False,True,False,annual,True,0,Company_485,EdTech,US,2024-07-31,partner,10.0,315.21666666666664,4.0,10.0,3.0,3.5,33.666666666666664,0
S-6f398a,A-8ed5dd,2023-11-13,,Pro,5,245,2940,False,False,False,False,annual,True,0,Company_222,EdTech,UK,2023-06-29,event,4.0,217.91666666666666,0.0,4.0,6.0,3.75,29.0,0
S-ccc0fe,A-1619f8,2024-11-28,,Basic,29,551,6612,False,False,False,False,monthly,True,0,Company_183,DevTools,US,2024-05-20,organic,5.0,343.6666666666667,3.0,5.0,3.0,5.0,42.0,0
S-1dd0ad,A-ac85cd,2024-11-11,,Basic,53,1007,12084,False,True,False,False,monthly,True,0,Company_485,EdTech,US,2024-07-31,partner,4.0,239.25,4.0,4.0,3.0,3.5,33.666666666666664,0
S-52385a,A-0aaf6e,2024-11-13,,Basic,3,57,684,False,False,False,False,monthly,True,0,Company_114,FinTech,US,2024-05-11,organic,14.0,682.4666666666667,5.0,14.0,5.0,4.0,45.0,0
S-26a630,A-5247b3,2024-03-23,,Enterprise,16,3184,38208,False,False,False,False,monthly,True,0,Company_375,FinTech,UK,2024-03-12,partner,2.0,116.38333333333334,0.0,2.0,5.0,4.0,45.8,1
S-904784,A-9badbd,2024-09-20,,Enterprise,20,0,0,True,False,False,False,monthly,False,0,Company_63,Cybersecurity,DE,2024-06-19,ads,7.0,312.46666666666664,9.0,7.0,5.0,5.0,30.2,0
S-80a6a6,A-4437e4,2024-12-07,,Enterprise,3,597,7164,False,False,False,False,annual,True,0,Company_192,Cybersecurity,US,2023-09-16,event,7.0,365.96666666666664,1.0,7.0,6.0,3.0,34.666666666666664,0
S-d2d423,A-72799b,2024-08-12,,Enterprise,20,3980,47760,False,False,False,False,monthly,True,0,Company_394,DevTools,FR,2023-11-13,event,8.0,394.76666666666665,2.0,8.0,2.0,4.5,33.5,0
S-bdac36,A-443f6f,2024-12-08,,Enterprise,19,3781,45372,False,False,False,False,monthly,False,0,Company_304,Cybersecurity,US,2024-12-07,organic,10.0,432.8,2.0,10.0,4.0,4.666666666666667,28.0,0
S-a68f4f,A-2ebb4b,2023-06-04,,Basic,41,0,0,True,False,False,False,monthly,True,0,Company_334,HealthTech,US,2023-05-15,ads,3.0,213.13333333333333,0.0,3.0,2.0,3.0,43.5,1
S-eb84b1,A-05d3b3,2024-08-24,,Pro,9,441,5292,False,False,False,False,monthly,False,0,Company_213,DevTools,AU,2023-05-28,ads,3.0,69.98333333333333,1.0,3.0,6.0,4.333333333333333,31.5,1
S-c9b181,A-443b7c,2024-10-08,,Pro,28,1372,16464,False,True,False,False,monthly,True,0,Company_280,Cybersecurity,US,2024-09-06,other,2.0,175.38333333333333,3.0,2.0,8.0,4.4,29.25,1
S-2e55e6,A-f19409,2024-12-20,,Basic,35,665,7980,False,False,False,False,annual,False,0,Company_105,DevTools,US,2023-03-16,other,5.0,353.93333333333334,2.0,5.0,3.0,4.0,6.333333333333333,0
S-863c87,A-e43bf7,2023-07-05,,Enterprise,70,13930,167160,False,True,False,False,annual,True,0,Company_215,Cybersecurity,AU,2023-03-24,other,9.0,308.3833333333333,7.0,9.0,5.0,4.0,27.4,0
S-7564c5,A-96215d,2024-09-12,,Pro,17,833,9996,False,False,False,False,monthly,False,0,Company_318,FinTech,US,2024-08-08,event,3.0,262.0,0.0,3.0,1.0,3.0,25.0,1
S-8a9db8,A-474ad4,2024-11-30,2024-12-07,Enterprise,8,1592,19104,False,False,False,True,annual,True,1,Company_261,EdTech,US,2023-11-28,organic,4.0,231.53333333333333,4.0,4.0,3.0,5.0,33.0,0
S-200752,A-4d1e75,2024-09-17,,Pro,20,980,11760,False,True,False,False,monthly,False,0,Company_58,DevTools,US,2024-08-21,other,1.0,36.2,0.0,1.0,2.0,4.0,15.0,1
S-74e211,A-3d957b,2024-07-15,,Pro,14,686,8232,False,True,False,False,monthly,False,0,Company_311,HealthTech,UK,2024-04-04,other,2.0,66.78333333333333,0.0,2.0,3.0,3.0,41.333333333333336,1
S-2aadef,A-1619f8,2024-11-16,,Pro,29,1421,17052,False,False,False,False,annual,True,0,Company_183,DevTools,US,2024-05-20,organic,7.0,345.3833333333333,1.0,7.0,3.0,5.0,42.0,0
S-fdc415,A-726cfa,2023-08-10,,Enterprise,30,5970,71640,False,False,False,False,annual,True,0,Company_82,DevTools,US,2023-07-01,partner,2.0,137.26666666666668,0.0,2.0,3.0,4.0,35.666666666666664,1
S-c03f87,A-6f50ae,2024-01-05,,Enterprise,19,3781,45372,False,False,False,False,annual,True,0,Company_466,FinTech,US,2023-09-21,partner,3.0,196.33333333333334,0.0,3.0,5.0,4.5,31.0,1
S-a245f6,A-86902e,2023-12-28,,Basic,34,646,7752,False,False,False,False,monthly,True,0,Company_169,HealthTech,IN,2023-05-02,other,5.0,329.7,0.0,5.0,9.0,3.5,40.888888888888886,0
S-a1cc61,A-bc4d48,2024-07-04,,Basic,35,665,7980,False,False,False,False,annual,True,0,Company_343,EdTech,US,2024-06-12,ads,4.0,204.76666666666668,1.0,4.0,6.0,4.2,41.166666666666664,0
S-9b96c2,A-02cd81,2024-05-13,,Enterprise,44,8756,105072,False,False,False,False,monthly,True,0,Company_76,HealthTech,IN,2024-03-28,other,4.0,164.65,0.0,4.0,3.0,4.5,17.333333333333332,0
S-2e79e8,A-cb5333,2024-05-16,,Pro,33,0,0,True,False,False,False,monthly,True,0,Company_370,DevTools,US,2024-03-26,ads,7.0,357.4,2.0,7.0,4.0,3.0,30.75,0
S-f965de,A-ab438f,2024-10-20,2024-12-18,Pro,64,0,0,True,True,False,True,monthly,True,1,Company_233,Cybersecurity,US,2024-09-13,ads,2.0,146.75,0.0,2.0,2.0,3.5,33.5,1
S-abff7d,A-94f8c9,2024-06-26,,Basic,20,0,0,True,False,False,False,annual,True,0,Company_51,HealthTech,US,2024-03-29,other,4.0,137.68333333333334,4.0,4.0,3.0,5.0,47.333333333333336,0
S-791c64,A-a1b80b,2024-11-07,,Pro,16,0,0,True,False,False,False,annual,True,0,Company_184,HealthTech,US,2023-11-27,organic,3.0,132.36666666666667,0.0,3.0,4.0,4.0,41.0,1
S-7b7be8,A-d42431,2024-07-08,,Basic,91,1729,20748,False,False,False,False,monthly,True,0,Company_378,FinTech,FR,2024-06-09,ads,4.0,125.83333333333333,0.0,4.0,4.0,4.0,24.25,0
S-6055d4,A-ce550d,2024-11-13,,Enterprise,35,0,0,True,False,False,False,monthly,True,0,Company_4,HealthTech,US,2024-10-27,event,5.0,415.23333333333335,2.0,5.0,7.0,3.8,42.285714285714285,0
S-938e4e,A-794a0b,2024-06-02,,Pro,23,0,0,True,False,False,False,annual,False,0,Company_168,HealthTech,DE,2023-06-02,organic,10.0,335.8666666666667,12.0,10.0,0.0,,,0
S-1f3254,A-4c56c9,2024-12-29,,Basic,18,342,4104,False,False,False,False,annual,True,0,Company_449,FinTech,US,2023-12-20,partner,3.0,120.55,1.0,3.0,5.0,3.75,38.6,1
S-2c4909,A-659280,2024-05-10,,Basic,13,247,2964,False,False,False,False,monthly,False,0,Company_417,FinTech,IN,2023-11-17,event,4.0,227.4,0.0,4.0,4.0,4.333333333333333,8.0,0
S-e143c9,A-bd4513,2024-12-01,,Pro,50,2450,29400,False,False,False,False,annual,True,0,Company_205,DevTools,AU,2024-11-06,event,3.0,165.96666666666667,3.0,3.0,3.0,4.666666666666667,42.0,1
S-c3213f,A-1d5444,2024-08-02,,Enterprise,41,8159,97908,False,False,False,False,annual,False,0,Company_427,Cybersecurity,US,2024-01-18,partner,2.0,92.81666666666666,0.0,2.0,2.0,4.0,30.0,1
S-102053,A-4e0e85,2024-04-10,,Enterprise,6,1194,14328,False,False,False,False,monthly,True,0,Company_409,DevTools,US,2023-09-08,organic,4.0,124.68333333333334,0.0,4.0,2.0,5.0,53.0,0
S-43c2e3,A-6f8ad2,2024-08-11,,Enterprise,35,6965,83580,False,True,False,False,monthly,True,0,Company_57,EdTech,IN,2024-07-09,organic,8.0,353.9166666666667,3.0,8.0,4.0,4.333333333333333,35.25,0
S-a2b83d,A-cc8c8f,2024-07-26,,Basic,23,437,5244,False,False,False,False,annual,True,0,Company_482,DevTools,US,2024-06-16,ads,3.0,247.96666666666667,1.0,3.0,2.0,3.5,14.5,1
S-b6793d,A-6f50ae,2024-07-19,,Pro,22,1078,12936,False,False,False,False,annual,False,0,Company_466,FinTech,US,2023-09-21,partner,5.0,176.26666666666668,3.0,5.0,5.0,4.5,31.0,0
S-a3a1c1,A-f25509,2024-10-02,,Pro,47,2303,27636,False,False,False,False,monthly,True,0,Company_92,EdTech,US,2024-03-22,other,5.0,273.15,4.0,5.0,6.0,4.666666666666667,42.666666666666664,0
S-260e48,A-7f4db3,2023-07-16,,Pro,10,490,5880,False,False,False,False,annual,True,0,Company_441,FinTech,US,2023-03-05,other,7.0,318.3333333333333,5.0,7.0,5.0,3.25,16.6,0
S-e98296,A-6f8ad2,2024-10-22,,Pro,16,784,9408,False,False,True,False,monthly,True,0,Company_57,EdTech,IN,2024-07-09,organic,6.0,424.65,5.0,6.0,4.0,4.333333333333333,35.25,0
S-7d55dc,A-08e34e,2024-09-01,,Enterprise,30,5970,71640,False,False,False,False,annual,True,0,Company_32,EdTech,US,2024-06-27,event,4.0,206.43333333333334,6.0,4.0,3.0,3.0,43.0,0
S-d26ff6,A-a0ca4e,2024-12-01,,Enterprise,26,5174,62088,False,False,False,False,monthly,True,0,Company_6,Cybersecurity,US,2024-03-08,ads,5.0,217.95,1.0,5.0,6.0,3.8,39.166666666666664,0
S-ba8c46,A-9f0b68,2024-10-16,,Pro,18,882,10584,False,True,False,False,monthly,True,0,Company_489,EdTech,US,2024-04-28,ads,7.0,404.73333333333335,3.0,7.0,3.0,3.0,30.333333333333332,0
S-992c2a,A-d922bf,2024-08-11,,Enterprise,26,0,0,True,False,False,False,monthly,True,0,Company_221,HealthTech,US,2023-09-08,ads,8.0,442.0833333333333,4.0,8.0,7.0,3.3333333333333335,39.142857142857146,0
S-19f899,A-331424,2024-05-01,,Enterprise,11,2189,26268,False,False,False,False,annual,False,0,Company_246,DevTools,US,2023-11-06,organic,5.0,246.65,1.0,5.0,2.0,,24.5,0
S-b95751,A-02cd81,2024-04-24,,Basic,44,0,0,True,False,False,False,monthly,True,0,Company_76,HealthTech,IN,2024-03-28,other,5.0,261.15,0.0,5.0,3.0,4.5,17.333333333333332,0
S-d74a31,A-993085,2024-09-23,,Pro,33,1617,19404,False,False,False,False,monthly,True,0,Company_258,HealthTech,US,2023-06-01,ads,5.0,323.25,8.0,4.0,4.0,3.5,46.5,0
S-676254,A-854864,2024-12-31,,Pro,20,980,11760,False,False,False,False,annual,True,0,Company_38,FinTech,IN,2024-12-07,event,6.0,364.5833333333333,2.0,6.0,5.0,4.8,44.2,0
S-3ad7c4,A-f17767,2024-01-03,2024-01-28,Pro,11,539,6468,False,True,False,True,monthly,True,1,Company_123,DevTools,US,2023-01-30,event,2.0,79.71666666666667,0.0,2.0,3.0,4.0,36.333333333333336,1
S-96fb48,A-1f7acb,2024-08-27,,Pro,64,3136,37632,False,False,True,False,monthly,True,0,Company_281,FinTech,UK,2023-08-06,ads,5.0,270.1166666666667,13.0,5.0,7.0,4.4,41.714285714285715,0
S-afea79,A-05f0e5,2024-08-16,,Pro,32,1568,18816,False,True,False,False,annual,False,0,Company_40,FinTech,US,2023-05-04,partner,5.0,334.7,2.0,5.0,4.0,4.0,20.0,0
S-c8a983,A-2d4502,2024-12-04,,Pro,12,588,7056,False,False,False,False,annual,False,0,Company_45,FinTech,IN,2024-04-29,event,6.0,378.1,1.0,6.0,3.0,5.0,26.333333333333332,0
S-e3c3c8,A-856b1e,2023-12-30,,Pro,25,1225,14700,False,True,False,False,monthly,False,0,Company_161,FinTech,US,2023-10-31,partner,1.0,7.116666666666666,0.0,1.0,5.0,,36.0,1
S-020222,A-02fac6,2024-05-23,,Pro,22,1078,12936,False,False,False,False,monthly,True,0,Company_52,FinTech,US,2023-04-06,event,5.0,279.95,3.0,5.0,6.0,4.0,23.333333333333332,0
S-65c079,A-417d2f,2023-07-04,,Basic,5,95,1140,False,False,False,False,annual,True,0,Company_285,Cybersecurity,IN,2023-07-04,partner,6.0,218.65,2.0,6.0,6.0,4.333333333333333,43.5,0
S-056af2,A-054577,2024-09-05,,Enterprise,75,14925,179100,False,False,False,False,monthly,True,0,Company_455,EdTech,UK,2024-04-28,ads,3.0,262.3666666666667,2.0,3.0,1.0,4.0,46.0,1
S-09761d,A-6843f2,2024-12-31,,Pro,23,1127,13524,False,False,False,False,annual,True,0,Company_335,HealthTech,CA,2024-12-10,ads,3.0,67.45,1.0,3.0,2.0,3.0,36.5,1
S-a7d379,A-702032,2024-11-28,,Basic,28,532,6384,False,False,False,False,monthly,True,0,Company_186,HealthTech,US,2023-10-03,ads,4.0,202.98333333333332,2.0,4.0,4.0,3.0,26.0,0
S-a903ad,A-59f724,2024-06-22,,Pro,27,1323,15876,False,False,False,False,annual,True,0,Company_432,HealthTech,US,2023-11-03,other,6.0,236.0,6.0,6.0,4.0,4.25,19.25,0
S-de3416,A-0dbdc6,2024-12-15,,Pro,47,2303,27636,False,False,False,False,annual,True,0,Company_366,Cybersecurity,DE,2023-02-12,other,11.0,683.7666666666667,5.0,11.0,4.0,5.0,47.0,0
S-9161b0,A-4d1e75,2024-09-14,,Enterprise,62,12338,148056,False,True,False,False,monthly,True,0,Company_58,DevTools,US,2024-08-21,other,4.0,204.3,5.0,4.0,2.0,4.0,15.0,0
S-f3274c,A-43a9e3,2024-02-07,,Pro,18,882,10584,False,False,False,False,annual,False,0,Company_1,FinTech,IN,2023-08-17,other,2.0,88.65,0.0,2.0,3.0,4.0,38.0,1
S-2991c7,A-443b7c,2024-11-11,,Pro,38,1862,22344,False,False,False,False,monthly,True,0,Company_280,Cybersecurity,US,2024-09-06,other,1.0,1.0,0.0,1.0,8.0,4.4,29.25,1
S-239a39,A-30b4ca,2024-07-01,,Pro,86,4214,50568,False,False,False,False,monthly,True,0,Company_23,EdTech,IN,2024-05-20,organic,5.0,234.86666666666667,2.0,5.0,3.0,4.0,57.666666666666664,0
S-19f80d,A-d62e02,2024-12-02,,Basic,32,608,7296,False,False,False,False,annual,True,0,Company_420,Cybersecurity,US,2024-08-20,partner,1.0,58.0,2.0,1.0,1.0,4.0,36.0,1
S-13c8b6,A-89ee83,2024-10-29,,Basic,27,513,6156,False,False,False,False,monthly,True,0,Company_312,Cybersecurity,US,2024-10-04,organic,7.0,422.96666666666664,2.0,7.0,5.0,4.0,21.8,0
S-d5a07a,A-19b2c8,2024-07-12,,Basic,24,456,5472,False,False,False,False,annual,True,0,Company_476,DevTools,IN,2023-06-06,other,8.0,433.51666666666665,1.0,8.0,3.0,4.666666666666667,29.333333333333332,0
S-e5ba1c,A-39868b,2024-06-22,,Enterprise,9,1791,21492,False,False,False,False,annual,True,0,Company_422,FinTech,AU,2024-03-17,partner,4.0,253.2,3.0,4.0,6.0,4.25,39.0,0
S-e2793d,A-4c38bc,2024-10-07,,Basic,36,684,8208,False,False,False,False,monthly,True,0,Company_55,HealthTech,UK,2024-03-09,event,2.0,126.91666666666667,0.0,2.0,3.0,3.5,48.333333333333336,1
S-a37653,A-812c5b,2024-10-12,,Pro,55,2695,32340,False,False,False,False,monthly,False,0,Company_395,DevTools,CA,2024-02-25,organic,4.0,127.91666666666667,6.0,4.0,4.0,4.0,27.0,0
S-0b25d7,A-0e966d,2024-10-30,,Basic,22,418,5016,False,False,False,False,monthly,True,0,Company_493,FinTech,IN,2024-06-25,ads,4.0,267.45,0.0,4.0,3.0,4.5,31.666666666666668,0
S-75c1b4,A-5a3eb9,2024-12-10,2024-12-28,Pro,18,882,10584,False,False,False,True,annual,True,1,Company_283,DevTools,CA,2023-08-20,other,5.0,233.75,1.0,5.0,3.0,,24.0,0
S-7262b9,A-4a4c2d,2024-10-03,,Basic,54,1026,12312,False,False,False,False,monthly,True,0,Company_473,DevTools,US,2023-05-02,event,3.0,154.55,0.0,3.0,5.0,4.25,42.0,1
S-6c6e62,A-5fe118,2024-12-29,,Basic,39,0,0,True,False,False,False,monthly,True,0,Company_374,Cybersecurity,US,2024-11-07,other,6.0,269.9166666666667,2.0,6.0,1.0,4.0,19.0,0
S-add03a,A-0cc442,2024-12-18,,Enterprise,45,8955,107460,False,False,False,False,annual,True,0,Company_198,EdTech,US,2024-07-18,organic,6.0,200.06666666666666,1.0,6.0,3.0,3.0,37.0,0
S-648e54,A-993085,2024-06-28,,Pro,31,1519,18228,False,True,False,False,monthly,True,0,Company_258,HealthTech,US,2023-06-01,ads,4.0,190.0,0.0,4.0,4.0,3.5,46.5,0
S-01bbfe,A-50f3f7,2024-07-12,,Pro,31,1519,18228,False,False,False,False,annual,True,0,Company_140,HealthTech,US,2023-12-22,partner,2.0,64.6,0.0,2.0,6.0,5.0,37.833333333333336,1
S-6c9dc9,A-de24d5,2024-12-26,,Basic,10,190,2280,False,False,False,False,monthly,True,0,Company_231,DevTools,US,2024-11-05,other,2.0,23.266666666666666,1.0,2.0,7.0,3.0,43.142857142857146,1
S-826424,A-fa2041,2024-10-30,,Enterprise,18,3582,42984,False,False,False,False,annual,True,0,Company_211,HealthTech,US,2024-05-29,organic,4.0,113.86666666666666,1.0,4.0,1.0,3.0,16.0,0
S-e64c2b,A-c16b88,2024-11-25,,Enterprise,23,4577,54924,False,True,False,False,annual,False,0,Company_431,HealthTech,US,2023-12-02,event,4.0,172.15,0.0,4.0,3.0,3.0,48.333333333333336,0
S-c693b6,A-d4ac0e,2024-08-09,,Basic,27,513,6156,False,True,False,False,monthly,False,0,Company_364,DevTools,UK,2024-04-20,ads,4.0,99.46666666666667,0.0,4.0,4.0,3.5,21.0,0
S-096065,A-2b9d3e,2024-03-27,,Enterprise,11,0,0,True,False,False,False,annual,True,0,Company_319,EdTech,US,2023-06-04,partner,3.0,127.76666666666667,0.0,3.0,3.0,5.0,34.666666666666664,1
S-d449e1,A-ccabf0,2024-10-15,2024-11-06,Basic,25,0,0,True,False,False,True,annual,True,1,Company_471,HealthTech,IN,2023-11-06,organic,4.0,274.4,0.0,4.0,4.0,3.6666666666666665,46.25,0
S-592c0d,A-a7bd4b,2023-06-13,,Pro,5,0,0,True,False,False,False,annual,True,0,Company_363,Cybersecurity,US,2023-02-15,ads,4.0,190.03333333333333,0.0,4.0,6.0,3.25,36.833333333333336,0
S-ab24c6,A-4e631b,2024-10-15,,Enterprise,22,4378,52536,False,False,True,False,annual,True,0,Company_298,FinTech,US,2024-03-16,other,5.0,233.35,0.0,5.0,2.0,4.0,24.5,0
S-e32b34,A-4c56c9,2024-07-23,,Basic,12,228,2736,False,False,False,False,monthly,True,0,Company_449,FinTech,US,2023-12-20,partner,8.0,392.3,7.0,8.0,5.0,3.75,38.6,0
S-191550,A-6c093d,2024-05-08,,Basic,15,285,3420,False,True,False,False,monthly,True,0,Company_12,DevTools,US,2023-04-14,partner,3.0,185.18333333333334,1.0,3.0,3.0,5.0,40.333333333333336,1
S-c65c8b,A-bc4d48,2024-06-26,,Basic,35,665,7980,False,False,False,False,annual,False,0,Company_343,EdTech,US,2024-06-12,ads,2.0,59.583333333333336,1.0,2.0,6.0,4.2,41.166666666666664,1
S-39e88c,A-3b37d9,2023-07-10,,Pro,23,1127,13524,False,False,False,False,annual,True,0,Company_384,FinTech,US,2023-01-27,event,10.0,436.4,5.0,10.0,5.0,4.5,36.0,0
S-9a08ff,A-a1bbb6,2023-06-07,,Enterprise,16,3184,38208,False,False,False,False,annual,False,0,Company_74,DevTools,CA,2023-04-05,organic,5.0,227.03333333333333,4.0,5.0,3.0,4.0,17.666666666666668,0
S-95d15a,A-9289f6,2024-12-05,,Basic,13,247,2964,False,False,False,False,annual,True,0,Company_104,EdTech,US,2023-05-31,event,10.0,593.6166666666667,4.0,10.0,6.0,4.333333333333333,37.5,0
S-7c5f3b,A-1e1b80,2024-04-30,,Basic,50,950,11400,False,False,False,False,monthly,True,0,Company_416,FinTech,CA,2023-09-12,other,9.0,372.93333333333334,6.0,9.0,6.0,3.2,43.0,0
S-70af60,A-0354fe,2024-12-10,,Basic,34,0,0,True,False,False,False,annual,True,0,Company_380,Cybersecurity,US,2024-10-22,other,10.0,534.4166666666666,6.0,10.0,4.0,4.0,20.0,0
S-175429,A-b54c01,2024-12-23,,Basic,29,551,6612,False,False,False,False,annual,False,0,Company_354,DevTools,US,2024-09-29,event,7.0,339.18333333333334,6.0,7.0,5.0,3.0,42.6,0
S-d36b9f,A-0cc442,2024-11-01,,Enterprise,45,8955,107460,False,False,False,False,annual,False,0,Company_198,EdTech,US,2024-07-18,organic,8.0,419.4166666666667,2.0,8.0,3.0,3.0,37.0,0
S-65071f,A-b9f5b1,2024-08-11,,Basic,43,817,9804,False,False,False,False,monthly,True,0,Company_494,Cybersecurity,US,2023-01-24,other,6.0,260.96666666666664,2.0,6.0,6.0,3.3333333333333335,31.833333333333332,0
S-ab63e3,A-0354fe,2024-11-23,,Basic,34,646,7752,False,False,False,False,annual,True,0,Company_380,Cybersecurity,US,2024-10-22,other,6.0,394.75,1.0,6.0,4.0,4.0,20.0,0
S-260d1e,A-337bc1,2024-03-05,,Enterprise,31,6169,74028,False,False,False,False,annual,True,0,Company_424,Cybersecurity,US,2023-07-19,organic,5.0,312.1666666666667,5.0,5.0,4.0,4.0,32.5,0
S-bdc6b7,A-7f29a7,2024-12-02,2024-12-25,Enterprise,41,8159,97908,False,False,False,True,monthly,False,1,Company_386,Cybersecurity,UK,2024-09-18,event,2.0,52.1,1.0,2.0,1.0,4.0,24.0,1
S-1c3522,A-075038,2023-11-26,,Pro,17,0,0,True,False,False,False,annual,True,0,Company_397,HealthTech,UK,2023-05-12,ads,4.0,166.36666666666667,0.0,4.0,2.0,3.0,43.5,0
S-891ad9,A-7988d1,2024-12-03,,Basic,33,0,0,True,False,False,False,monthly,True,0,Company_90,Cybersecurity,US,2023-12-20,other,2.0,105.0,0.0,2.0,3.0,4.333333333333333,35.333333333333336,1
S-2c1ca6,A-118f1c,2024-11-11,,Enterprise,32,6368,76416,False,False,False,False,monthly,False,0,Company_492,Cybersecurity,US,2024-10-31,other,4.0,80.46666666666667,2.0,4.0,1.0,3.0,64.0,0
S-11066a,A-779e4e,2023-02-12,2023-11-24,Pro,19,931,11172,False,False,False,True,annual,True,1,Company_193,HealthTech,US,2023-01-02,organic,7.0,386.85,2.0,7.0,5.0,4.0,26.6,0
S-f4db1d,A-526d93,2024-07-05,,Enterprise,43,0,0,True,False,False,False,annual,True,0,Company_66,HealthTech,FR,2024-04-14,organic,8.0,413.1,9.0,8.0,5.0,3.5,51.4,0
S-45baa6,A-0a282f,2024-10-08,,Pro,4,196,2352,False,False,False,False,monthly,True,0,Company_2,DevTools,US,2024-08-27,organic,4.0,161.2,3.0,4.0,3.0,4.666666666666667,43.666666666666664,0
S-f74ac6,A-684255,2024-07-01,,Pro,9,441,5292,False,False,False,False,monthly,True,0,Company_20,FinTech,US,2024-04-14,ads,3.0,214.83333333333334,0.0,3.0,4.0,4.666666666666667,14.25,1
S-bc1457,A-69b156,2024-10-06,,Enterprise,7,1393,16716,False,False,True,False,annual,True,0,Company_396,EdTech,US,2023-11-21,other,1.0,11.7,0.0,1.0,7.0,4.0,32.0,1
S-b8daaa,A-4bfa33,2024-12-25,,Enterprise,8,0,0,True,False,False,False,annual,True,0,Company_251,Cybersecurity,US,2024-12-07,event,3.0,113.05,0.0,3.0,4.0,3.6666666666666665,16.5,1
S-49aa80,A-a45270,2024-12-22,2024-12-30,Pro,3,147,1764,False,False,True,True,monthly,True,1,Company_37,HealthTech,US,2024-06-24,ads,9.0,507.1666666666667,6.0,9.0,4.0,4.0,64.0,0
S-9740c1,A-9f0b68,2024-06-14,,Enterprise,10,1990,23880,False,False,False,False,monthly,True,0,Company_489,EdTech,US,2024-04-28,ads,6.0,340.6666666666667,1.0,6.0,3.0,3.0,30.333333333333332,0
S-d6c9dc,A-80eeb6,2024-10-07,,Basic,27,513,6156,False,False,False,False,annual,True,0,Company_402,Cybersecurity,UK,2023-05-09,organic,7.0,368.1666666666667,0.0,7.0,4.0,3.6666666666666665,40.25,0
S-1e8c9e,A-c37cab,2024-12-13,,Pro,13,637,7644,False,False,False,False,monthly,True,0,Company_278,Cybersecurity,UK,2024-07-29,event,5.0,155.45,1.0,5.0,4.0,3.75,33.0,0
S-4c0b7b,A-e60f9d,2024-10-21,,Basic,60,1140,13680,False,False,True,False,annual,True,0,Company_178,FinTech,US,2024-08-26,other,4.0,243.18333333333334,0.0,4.0,2.0,,70.5,0
S-e7b281,A-86902e,2024-05-05,,Pro,34,1666,19992,False,False,False,False,monthly,True,0,Company_169,HealthTech,IN,2023-05-02,other,4.0,269.53333333333336,0.0,4.0,9.0,3.5,40.888888888888886,0
S-761a0f,A-d792a6,2024-10-17,,Enterprise,65,12935,155220,False,False,False,False,annual,True,0,Company_486,DevTools,US,2023-01-23,organic,4.0,113.86666666666666,0.0,4.0,5.0,4.0,40.6,0
S-859ee0,A-8bde0c,2024-12-26,,Enterprise,28,5572,66864,False,False,False,False,monthly,True,0,Company_287,DevTools,US,2024-11-04,organic,4.0,190.01666666666668,0.0,4.0,3.0,4.0,25.666666666666668,0
S-924925,A-4d1e75,2024-11-17,,Pro,31,1519,18228,False,False,False,False,monthly,False,0,Company_58,DevTools,US,2024-08-21,other,5.0,174.68333333333334,5.0,5.0,2.0,4.0,15.0,0
S-c55cbb,A-798a3f,2024-09-11,,Enterprise,12,0,0,True,False,False,False,monthly,True,0,Company_463,DevTools,FR,2023-10-19,other,3.0,180.5,3.0,3.0,5.0,4.0,33.0,1
S-872bdd,A-d3c88e,2024-10-23,,Enterprise,16,3184,38208,False,False,False,False,annual,True,0,Company_490,DevTools,US,2024-10-18,event,8.0,285.9166666666667,0.0,8.0,3.0,4.0,58.0,0
S-bf9b37,A-692f18,2024-05-25,,Pro,6,294,3528,False,False,False,False,annual,True,0,Company_195,EdTech,US,2024-03-28,other,6.0,165.78333333333333,10.0,6.0,2.0,5.0,37.5,0
S-51924b,A-67be94,2024-01-18,,Basic,62,1178,14136,False,False,False,False,annual,True,0,Company_276,EdTech,US,2023-04-04,organic,9.0,495.8333333333333,5.0,9.0,5.0,4.0,38.6,0
S-b03125,A-fd9422,2024-12-20,,Pro,58,2842,34104,False,False,True,False,annual,True,0,Company_263,Cybersecurity,US,2024-04-04,organic,11.0,588.0833333333334,10.0,11.0,6.0,3.5,44.333333333333336,0
S-02ab8b,A-4e44e8,2024-11-03,,Enterprise,75,14925,179100,False,False,False,False,monthly,True,0,Company_22,DevTools,US,2024-08-20,ads,5.0,309.15,1.0,5.0,3.0,3.3333333333333335,31.333333333333332,0
S-de5d6e,A-e36807,2024-09-25,,Basic,26,494,5928,False,False,False,False,monthly,True,0,Company_164,EdTech,AU,2024-05-17,other,6.0,222.56666666666666,2.0,6.0,2.0,4.5,41.0,0
S-e1fa5b,A-157070,2024-12-08,2024-12-25,Enterprise,16,3184,38208,False,False,False,True,monthly,True,1,Company_85,FinTech,US,2023-11-09,ads,1.0,10.95,0.0,1.0,3.0,3.0,42.333333333333336,1
S-b41494,A-b7724f,2023-06-03,,Basic,33,627,7524,False,False,False,False,monthly,True,0,Company_320,HealthTech,UK,2023-03-28,organic,3.0,94.03333333333333,0.0,3.0,3.0,3.0,28.666666666666668,1
S-d7ccbd,A-db5e9e,2024-12-22,,Pro,40,0,0,True,False,False,False,monthly,True,0,Company_442,DevTools,US,2024-11-09,partner,8.0,302.1666666666667,0.0,8.0,2.0,5.0,66.0,0
S-34f2f9,A-f19409,2024-09-16,,Enterprise,23,4577,54924,False,False,False,False,annual,True,0,Company_105,DevTools,US,2023-03-16,other,8.0,419.6333333333333,5.0,8.0,3.0,4.0,6.333333333333333,0
S-54d2a3,A-712f1c,2024-01-21,,Enterprise,17,3383,40596,False,False,False,False,monthly,True,0,Company_331,DevTools,US,2023-12-16,ads,9.0,442.28333333333336,8.0,9.0,6.0,4.0,41.666666666666664,0
S-d1350e,A-6c093d,2024-07-27,,Enterprise,61,12139,145668,False,False,False,False,annual,True,0,Company_12,DevTools,US,2023-04-14,partner,2.0,110.2,0.0,2.0,3.0,5.0,40.333333333333336,1
S-e76e80,A-832ec2,2024-01-02,,Basic,25,0,0,True,False,False,False,monthly,True,0,Company_19,FinTech,UK,2023-11-19,event,7.0,435.71666666666664,2.0,7.0,3.0,4.0,26.0,0
S-f4097a,A-faa28c,2024-06-06,,Enterprise,48,9552,114624,False,False,False,False,monthly,False,0,Company_91,HealthTech,US,2024-01-30,organic,6.0,141.83333333333334,7.0,6.0,4.0,4.666666666666667,52.25,0
S-d4f02f,A-342303,2024-07-10,,Pro,28,1372,16464,False,False,False,False,annual,True,0,Company_294,EdTech,US,2024-03-16,other,1.0,9.566666666666666,1.0,1.0,3.0,4.5,29.333333333333332,1
S-bf3403,A-0cc442,2024-11-10,,Enterprise,45,8955,107460,False,False,False,False,annual,False,0,Company_198,EdTech,US,2024-07-18,organic,5.0,282.4,4.0,5.0,3.0,3.0,37.0,0
S-0a83cc,A-d922bf,2024-02-16,,Basic,5,0,0,True,False,False,False,annual,True,0,Company_221,HealthTech,US,2023-09-08,ads,4.0,285.85,0.0,4.0,7.0,3.3333333333333335,39.142857142857146,0
S-1a9fb7,A-b30291,2024-06-04,,Enterprise,16,3184,38208,False,False,False,False,monthly,True,0,Company_344,HealthTech,US,2024-04-05,event,2.0,139.66666666666666,0.0,2.0,1.0,,16.0,1
S-1a3627,A-86fc1d,2024-12-31,,Basic,26,0,0,True,False,False,False,monthly,True,0,Company_328,DevTools,UK,2024-07-26,partner,2.0,125.78333333333333,0.0,2.0,5.0,4.0,27.0,1
S-93f835,A-5a215a,2024-02-11,,Pro,87,4263,51156,False,True,False,False,monthly,True,0,Company_358,EdTech,FR,2024-01-05,other,6.0,313.3,0.0,6.0,4.0,4.0,29.5,0
S-75e469,A-b78bf8,2024-12-28,,Pro,33,1617,19404,False,False,False,False,monthly,True,0,Company_148,DevTools,US,2024-11-15,event,3.0,65.78333333333333,1.0,3.0,5.0,4.2,24.2,1
S-409291,A-3932db,2024-10-29,,Pro,36,1764,21168,False,False,False,False,annual,True,0,Company_144,HealthTech,CA,2023-10-04,other,7.0,415.7,4.0,7.0,6.0,4.333333333333333,41.0,0
S-41cdf0,A-68f37c,2023-08-15,2023-11-03,Pro,17,0,0,True,True,False,True,monthly,True,1,Company_202,HealthTech,US,2023-07-15,ads,2.0,154.75,2.0,2.0,5.0,4.0,20.2,1
S-5be27b,A-5b4ebb,2024-10-18,,Enterprise,21,4179,50148,False,False,False,False,annual,True,0,Company_69,Cybersecurity,UK,2024-07-10,other,6.0,236.9,2.0,6.0,5.0,4.75,35.4,0
S-8f7c91,A-ccb686,2024-12-11,,Basic,11,209,2508,False,False,False,False,annual,True,0,Company_491,DevTools,US,2024-01-22,other,7.0,387.18333333333334,7.0,7.0,1.0,4.0,67.0,0
S-aaed3e,A-e6afc1,2024-12-18,,Pro,9,0,0,True,False,False,False,monthly,False,0,Company_346,DevTools,US,2023-02-24,ads,12.0,646.0833333333334,8.0,12.0,0.0,,,0
S-4fdfa3,A-5a3eb9,2024-11-09,,Enterprise,18,3582,42984,False,False,False,False,monthly,True,0,Company_283,DevTools,CA,2023-08-20,other,7.0,429.6166666666667,7.0,7.0,3.0,,24.0,0
S-f421c8,A-9badbd,2024-06-29,,Basic,28,532,6384,False,False,False,False,annual,True,0,Company_63,Cybersecurity,DE,2024-06-19,ads,11.0,416.8833333333333,8.0,11.0,5.0,5.0,30.2,0
S-34553e,A-d49cc5,2024-06-25,,Basic,50,950,11400,False,False,False,False,annual,False,0,Company_275,Cybersecurity,FR,2023-09-19,event,4.0,174.06666666666666,3.0,4.0,4.0,4.5,32.0,0
S-e6a17a,A-039727,2024-12-19,2024-12-30,Enterprise,25,4975,59700,False,True,False,True,annual,True,1,Company_107,EdTech,AU,2024-11-02,organic,7.0,447.6166666666667,2.0,7.0,0.0,,,0
S-9d36ff,A-2e3bad,2024-03-11,,Enterprise,61,0,0,True,False,False,False,monthly,True,0,Company_108,FinTech,CA,2023-08-13,other,4.0,124.96666666666667,4.0,4.0,5.0,3.5,31.4,0
S-583ae2,A-726cfa,2024-01-05,,Basic,17,323,3876,False,False,False,False,annual,False,0,Company_82,DevTools,US,2023-07-01,partner,3.0,46.63333333333333,0.0,3.0,3.0,4.0,35.666666666666664,1
S-e162d0,A-503d5a,2023-12-18,,Basic,19,0,0,True,False,False,False,monthly,True,0,Company_99,FinTech,US,2023-10-21,other,12.0,648.2666666666667,8.0,12.0,9.0,4.0,36.55555555555556,0
S-96383d,A-39ddf4,2024-12-29,,Enterprise,40,7960,95520,False,False,False,False,annual,True,0,Company_435,EdTech,US,2024-12-05,partner,6.0,360.46666666666664,3.0,6.0,5.0,4.25,23.0,0
S-f0ad87,A-acb7f7,2024-10-13,,Basic,32,0,0,True,False,False,False,annual,False,0,Company_330,EdTech,US,2024-01-06,ads,5.0,282.8,2.0,5.0,3.0,3.5,41.0,0
S-d619ad,A-bc4d48,2024-06-29,,Pro,35,0,0,True,False,False,False,monthly,True,0,Company_343,EdTech,US,2024-06-12,ads,6.0,251.28333333333333,2.0,6.0,6.0,4.2,41.166666666666664,0
S-d65491,A-186a44,2024-12-17,,Pro,20,0,0,True,False,False,False,annual,True,0,Company_101,HealthTech,US,2023-08-07,ads,4.0,216.76666666666668,2.0,4.0,7.0,3.5,38.285714285714285,0
S-34cc51,A-118d55,2024-11-21,,Basic,15,285,3420,False,False,False,False,annual,False,0,Company_65,Cybersecurity,US,2024-10-22,organic,1.0,3.2,0.0,1.0,5.0,4.333333333333333,24.2,1
S-e4ba87,A-e40f45,2024-05-23,,Basic,27,513,6156,False,False,False,False,annual,True,0,Company_317,HealthTech,US,2024-04-18,organic,4.0,88.95,4.0,4.0,7.0,4.333333333333333,26.714285714285715,0
S-709484,A-bcf664,2024-08-22,,Pro,8,392,4704,False,False,False,False,annual,True,0,Company_248,DevTools,US,2023-05-19,other,5.0,263.85,0.0,5.0,5.0,4.0,36.0,0
S-631547,A-d82ef9,2024-11-28,,Basic,26,0,0,True,False,False,False,annual,False,0,Company_355,EdTech,UK,2024-07-02,other,8.0,438.9,4.0,8.0,5.0,4.25,39.8,0
S-d7e65d,A-5a92e7,2024-08-30,,Pro,20,980,11760,False,False,False,False,monthly,True,0,Company_413,HealthTech,US,2024-06-11,ads,2.0,123.86666666666666,0.0,2.0,7.0,4.4,45.0,1
S-f32440,A-0a282f,2024-10-06,,Basic,40,760,9120,False,False,False,False,monthly,True,0,Company_2,DevTools,US,2024-08-27,organic,5.0,226.63333333333333,2.0,5.0,3.0,4.666666666666667,43.666666666666664,0
S-44d025,A-d4ac0e,2024-11-29,,Pro,18,882,10584,False,False,False,False,annual,True,0,Company_364,DevTools,UK,2024-04-20,ads,3.0,121.83333333333333,4.0,3.0,4.0,3.5,21.0,1
S-e3a257,A-84ebe4,2024-02-14,,Pro,18,882,10584,False,False,False,False,annual,True,0,Company_68,FinTech,US,2023-03-12,ads,1.0,19.0,2.0,1.0,4.0,4.0,29.5,1
S-6e0562,A-9bfc9f,2024-03-15,,Pro,53,2597,31164,False,False,False,False,annual,True,0,Company_228,DevTools,CA,2023-09-14,ads,3.0,105.8,3.0,3.0,6.0,3.3333333333333335,35.333333333333336,1
S-11d378,A-f51f16,2024-02-18,,Basic,24,456,5472,False,True,False,False,monthly,True,0,Company_282,HealthTech,US,2023-12-25,partner,3.0,120.16666666666667,0.0,3.0,4.0,3.0,29.25,1
S-a69559,A-cd458b,2024-08-25,,Basic,10,190,2280,False,False,False,False,monthly,False,0,Company_430,DevTools,US,2024-06-15,other,7.0,376.85,0.0,7.0,5.0,4.6,38.4,0
S-984423,A-96e141,2024-08-21,,Enterprise,25,4975,59700,False,False,False,False,monthly,True,0,Company_134,DevTools,UK,2023-08-12,partner,2.0,147.41666666666666,2.0,2.0,5.0,4.333333333333333,32.8,1
S-49e3e5,A-6e7827,2023-06-11,,Basic,9,171,2052,False,True,False,False,monthly,True,0,Company_372,DevTools,US,2023-03-26,other,2.0,72.43333333333334,0.0,2.0,2.0,3.5,51.0,1
S-0b6e58,A-1e1b80,2024-07-05,,Enterprise,50,9950,119400,False,False,False,False,annual,False,0,Company_416,FinTech,CA,2023-09-12,other,1.0,4.116666666666666,0.0,1.0,6.0,3.2,43.0,1
S-16ef7a,A-751c58,2024-12-16,,Basic,16,0,0,True,False,False,False,monthly,True,0,Company_393,FinTech,UK,2024-07-18,organic,6.0,322.5,4.0,6.0,5.0,4.333333333333333,39.6,0
S-3fb291,A-f51f16,2024-05-06,,Enterprise,39,7761,93132,False,False,False,False,annual,True,0,Company_282,HealthTech,US,2023-12-25,partner,3.0,59.5,6.0,3.0,4.0,3.0,29.25,1
S-f6cd70,A-2ebb4b,2023-10-14,,Pro,41,2009,24108,False,False,False,False,annual,True,0,Company_334,HealthTech,US,2023-05-15,ads,8.0,401.3666666666667,6.0,8.0,2.0,3.0,43.5,0
S-e7d026,A-0aaf6e,2024-12-25,,Enterprise,88,17512,210144,False,False,False,False,annual,True,0,Company_114,FinTech,US,2024-05-11,organic,10.0,414.4166666666667,4.0,10.0,5.0,4.0,45.0,0
S-c2fd82,A-84ebe4,2024-06-29,2024-11-06,Enterprise,82,0,0,True,False,False,True,monthly,True,1,Company_68,FinTech,US,2023-03-12,ads,4.0,200.18333333333334,0.0,4.0,4.0,4.0,29.5,0
S-38131a,A-aa9511,2024-04-13,,Enterprise,23,0,0,True,False,False,False,monthly,True,0,Company_203,DevTools,US,2023-10-10,other,2.0,70.41666666666667,0.0,2.0,2.0,4.0,56.5,1
S-aa3a36,A-ccc747,2024-05-13,,Enterprise,16,0,0,True,True,False,False,monthly,False,0,Company_339,HealthTech,FR,2024-01-12,event,4.0,173.53333333333333,1.0,4.0,4.0,5.0,32.25,0
S-46eb1c,A-089363,2024-10-13,,Basic,11,209,2508,False,False,False,False,annual,False,0,Company_387,FinTech,AU,2023-05-06,event,7.0,318.7,8.0,7.0,3.0,3.6666666666666665,35.0,0
S-6ed77d,A-fe79a5,2024-05-22,,Enterprise,9,1791,21492,False,False,False,False,monthly,True,0,Company_81,HealthTech,IN,2024-02-21,ads,5.0,223.53333333333333,7.0,5.0,4.0,5.0,28.5,0
S-f72b84,A-f44180,2024-06-22,,Pro,9,441,5292,False,False,False,False,monthly,True,0,Company_376,Cybersecurity,UK,2023-02-13,event,6.0,403.35,0.0,6.0,2.0,5.0,46.5,0
S-0f0d3a,A-ad296b,2024-11-16,2024-11-20,Basic,38,722,8664,False,False,False,True,annual,True,1,Company_112,DevTools,AU,2024-07-15,event,2.0,73.76666666666667,0.0,2.0,3.0,3.6666666666666665,28.333333333333332,1
S-05b080,A-b9eed8,2024-06-21,,Basic,11,209,2508,False,False,False,False,monthly,True,0,Company_189,Cybersecurity,US,2024-02-23,organic,4.0,325.75,4.0,4.0,5.0,3.75,29.2,0
S-bae2c4,A-bb1486,2024-12-25,,Pro,67,3283,39396,False,False,False,False,annual,True,0,Company_265,HealthTech,US,2024-11-05,organic,2.0,107.98333333333333,0.0,2.0,3.0,3.0,11.0,1
S-8ca9f0,A-e693b6,2024-09-01,2024-09-06,Basic,55,1045,12540,False,False,False,True,annual,True,1,Company_240,FinTech,AU,2023-05-25,event,9.0,370.46666666666664,4.0,9.0,1.0,3.0,1.0,0
S-33eb1d,A-02fac6,2024-09-20,,Enterprise,22,4378,52536,False,False,False,False,annual,False,0,Company_52,FinTech,US,2023-04-06,event,6.0,220.33333333333334,4.0,6.0,6.0,4.0,23.333333333333332,0
S-45baac,A-1d5444,2024-05-31,,Enterprise,24,4776,57312,False,False,False,False,monthly,False,0,Company_427,Cybersecurity,US,2024-01-18,partner,1.0,52.93333333333333,0.0,1.0,2.0,4.0,30.0,1
S-e9dc6e,A-4437e4,2024-08-15,,Pro,38,1862,22344,False,False,False,False,annual,True,0,Company_192,Cybersecurity,US,2023-09-16,event,7.0,234.41666666666666,1.0,7.0,6.0,3.0,34.666666666666664,0
S-871e83,A-8adedc,2024-03-21,,Enterprise,14,2786,33432,False,False,False,False,annual,True,0,Company_300,EdTech,US,2024-02-11,event,7.0,376.6166666666667,1.0,7.0,4.0,4.0,49.25,0
S-88a47f,A-4437e4,2024-12-23,,Basic,9,171,2052,False,False,False,False,annual,True,0,Company_192,Cybersecurity,US,2023-09-16,event,4.0,247.35,1.0,4.0,6.0,3.0,34.666666666666664,0
S-9714fa,A-158f4e,2024-02-19,,Pro,61,2989,35868,False,False,False,False,annual,True,0,Company_180,FinTech,IN,2023-03-03,other,6.0,195.61666666666667,4.0,6.0,5.0,4.333333333333333,27.6,0
S-c77c84,A-0be015,2024-12-31,,Basic,19,0,0,True,False,False,False,monthly,False,0,Company_454,FinTech,US,2024-10-15,event,3.0,283.3,0.0,3.0,7.0,4.2,40.285714285714285,1
S-86d360,A-b48f73,2024-11-23,,Basic,80,1520,18240,False,False,False,False,monthly,True,0,Company_225,EdTech,AU,2024-11-13,event,6.0,337.18333333333334,4.0,6.0,3.0,4.0,28.666666666666668,0
S-c15fcc,A-fd9422,2024-08-25,2024-10-02,Basic,58,1102,13224,False,False,False,True,monthly,False,1,Company_263,Cybersecurity,US,2024-04-04,organic,5.0,197.75,1.0,5.0,6.0,3.5,44.333333333333336,0
S-b0ed51,A-98a59a,2024-08-08,,Enterprise,56,11144,133728,False,False,False,False,monthly,False,0,Company_80,FinTech,UK,2023-08-04,partner,7.0,426.01666666666665,4.0,7.0,3.0,4.5,37.333333333333336,0
S-2e7756,A-b7b7b7,2024-08-27,,Pro,67,3283,39396,False,False,False,False,annual,True,0,Company_338,FinTech,US,2024-06-30,event,3.0,165.9,1.0,3.0,3.0,5.0,17.0,1
S-2fe253,A-1f0636,2024-02-28,2024-10-30,Pro,105,0,0,True,False,False,True,annual,True,1,Company_368,EdTech,AU,2024-01-01,partner,6.0,438.9,2.0,6.0,2.0,3.5,38.5,0
S-a575f5,A-039727,2024-12-09,,Basic,25,475,5700,False,False,False,False,annual,True,0,Company_107,EdTech,AU,2024-11-02,organic,5.0,251.5,3.0,5.0,0.0,,,0
S-39bb68,A-d40bf7,2024-11-23,,Basic,59,1121,13452,False,False,False,False,monthly,True,0,Company_11,FinTech,IN,2024-11-08,organic,6.0,137.08333333333334,2.0,6.0,2.0,5.0,20.5,0
S-7685a3,A-6da850,2024-08-05,,Basic,18,0,0,True,True,False,False,monthly,True,0,Company_293,FinTech,IN,2023-10-07,organic,7.0,441.8333333333333,6.0,7.0,5.0,4.0,49.0,0
S-712f3a,A-eb1312,2024-11-20,2024-12-26,Basic,25,475,5700,False,False,False,True,monthly,True,1,Company_322,FinTech,US,2024-09-16,partner,3.0,61.583333333333336,1.0,3.0,1.0,5.0,68.0,1
S-dfa4c8,A-eb7fac,2024-01-21,2024-04-22,Pro,7,343,4116,False,False,False,True,annual,True,1,Company_28,DevTools,US,2023-10-28,organic,9.0,564.05,6.0,9.0,4.0,4.0,34.0,0
S-f3dd83,A-00bed1,2024-08-28,,Enterprise,28,0,0,True,False,False,False,monthly,True,0,Company_306,Cybersecurity,US,2023-11-14,ads,5.0,164.71666666666667,2.0,5.0,4.0,4.0,31.75,0
S-a900c2,A-4c56c9,2024-12-22,,Enterprise,24,4776,57312,False,False,False,False,annual,False,0,Company_449,FinTech,US,2023-12-20,partner,5.0,343.55,2.0,5.0,5.0,3.75,38.6,0
S-302856,A-e1b9cd,2023-05-24,2024-08-25,Basic,40,760,9120,False,False,False,True,annual,True,1,Company_484,DevTools,US,2023-02-26,event,8.0,417.01666666666665,6.0,8.0,1.0,3.0,35.0,0
S-51b668,A-82d8a6,2024-12-28,,Basic,30,570,6840,False,False,False,False,monthly,True,0,Company_444,Cybersecurity,UK,2024-11-28,ads,1.0,95.5,0.0,1.0,5.0,3.5,42.2,1
S-310ae0,A-58b9ff,2024-09-13,2024-10-01,Enterprise,2,398,4776,False,False,False,True,monthly,True,1,Company_425,DevTools,IN,2024-05-31,partner,4.0,207.4,4.0,4.0,2.0,4.0,66.0,0
S-21eeea,A-2b9d3e,2024-11-08,,Pro,29,1421,17052,False,False,False,False,monthly,True,0,Company_319,EdTech,US,2023-06-04,partner,5.0,271.05,2.0,5.0,3.0,5.0,34.666666666666664,0
S-7b9b62,A-cb5333,2024-09-17,,Pro,33,1617,19404,False,False,False,False,monthly,False,0,Company_370,DevTools,US,2024-03-26,ads,5.0,291.53333333333336,3.0,5.0,4.0,3.0,30.75,0
S-799da2,A-95b24a,2024-06-27,,Pro,38,1862,22344,False,False,False,False,monthly,True,0,Company_117,FinTech,US,2023-06-06,event,4.0,258.5833333333333,3.0,4.0,5.0,4.25,21.2,0
S-e82bdc,A-4c38bc,2024-03-17,,Basic,36,684,8208,False,False,False,False,annual,True,0,Company_55,HealthTech,UK,2024-03-09,event,2.0,126.0,0.0,2.0,3.0,3.5,48.333333333333336,1
S-879b43,A-3cc791,2024-03-26,,Enterprise,6,1194,14328,False,False,False,False,monthly,True,0,Company_423,EdTech,US,2024-01-10,other,7.0,394.0833333333333,4.0,7.0,6.0,4.25,48.333333333333336,0
S-6fd24b,A-7988d1,2024-08-19,,Enterprise,33,6567,78804,False,False,False,False,monthly,True,0,Company_90,Cybersecurity,US,2023-12-20,other,4.0,189.78333333333333,4.0,4.0,3.0,4.333333333333333,35.333333333333336,0
S-d2e00a,A-4c56c9,2024-09-17,,Enterprise,9,1791,21492,False,False,False,False,monthly,True,0,Company_449,FinTech,US,2023-12-20,partner,5.0,205.1,4.0,5.0,5.0,3.75,38.6,0
S-a916cb,A-eb7c38,2024-10-28,,Enterprise,35,6965,83580,False,False,False,False,monthly,True,0,Company_47,DevTools,AU,2024-02-25,organic,7.0,269.43333333333334,1.0,7.0,5.0,4.333333333333333,22.4,0
S-3fe1c3,A-0158bb,2024-10-23,,Enterprise,20,0,0,True,False,False,False,monthly,True,0,Company_461,FinTech,DE,2024-05-22,partner,6.0,326.68333333333334,2.0,6.0,1.0,3.0,32.0,0
S-dccf50,A-a09355,2024-11-28,,Enterprise,23,4577,54924,False,False,False,False,annual,False,0,Company_459,FinTech,US,2024-08-10,organic,8.0,310.15,6.0,8.0,5.0,4.0,32.6,0
S-023f3c,A-b9eed8,2024-03-16,,Enterprise,15,2985,35820,False,False,False,False,annual,False,0,Company_189,Cybersecurity,US,2024-02-23,organic,6.0,155.7,6.0,6.0,5.0,3.75,29.2,0
S-c35f78,A-95b24a,2024-10-11,,Pro,38,0,0,True,True,False,False,annual,True,0,Company_117,FinTech,US,2023-06-06,event,7.0,473.85,10.0,7.0,5.0,4.25,21.2,0
S-eb15a1,A-2edab2,2024-11-30,,Enterprise,17,3383,40596,False,False,False,False,monthly,True,0,Company_301,HealthTech,US,2023-11-17,event,1.0,73.23333333333333,0.0,1.0,4.0,3.0,30.0,1
S-079321,A-e1462e,2023-07-27,,Pro,15,735,8820,False,False,False,False,annual,False,0,Company_217,FinTech,UK,2023-03-12,partner,6.0,272.35,9.0,6.0,2.0,3.5,39.5,0
S-c25263,A-c7ffc2,2023-09-22,,Basic,30,570,6840,False,True,False,False,annual,True,0,Company_392,Cybersecurity,US,2023-01-27,partner,8.0,392.18333333333334,1.0,8.0,2.0,3.0,64.0,0
S-a86344,A-00bed1,2024-08-18,,Pro,36,1764,21168,False,True,False,False,annual,True,0,Company_306,Cybersecurity,US,2023-11-14,ads,5.0,123.93333333333334,3.0,5.0,4.0,4.0,31.75,0
S-4cdee1,A-8b25f2,2024-02-19,,Enterprise,20,0,0,True,False,False,False,monthly,True,0,Company_96,Cybersecurity,US,2024-02-17,ads,3.0,71.16666666666667,2.0,3.0,2.0,4.0,35.5,1
S-381c99,A-e7a1e2,2024-11-03,,Basic,3,57,684,False,False,False,False,monthly,True,0,Company_295,Cybersecurity,US,2024-06-23,event,4.0,176.53333333333333,1.0,4.0,1.0,4.0,45.0,0
S-8e719f,A-4437e4,2024-08-16,,Basic,11,209,2508,False,False,False,False,annual,True,0,Company_192,Cybersecurity,US,2023-09-16,event,7.0,347.1666666666667,4.0,7.0,6.0,3.0,34.666666666666664,0
S-d111f5,A-f03140,2024-05-25,,Basic,27,513,6156,False,False,False,False,monthly,True,0,Company_209,DevTools,IN,2023-11-22,event,8.0,380.6666666666667,3.0,8.0,7.0,3.6666666666666665,36.0,0
S-82484b,A-cab532,2024-11-22,,Pro,21,1029,12348,False,False,False,False,annual,True,0,Company_218,DevTools,FR,2023-04-03,organic,10.0,279.8333333333333,2.0,10.0,1.0,4.0,32.0,0
S-891eb4,A-716841,2024-09-20,,Pro,45,2205,26460,False,False,False,False,annual,True,0,Company_437,FinTech,US,2024-05-06,other,7.0,388.1166666666667,2.0,7.0,5.0,4.0,29.8,0
S-4e3e04,A-883b7d,2024-08-16,,Enterprise,17,3383,40596,False,False,False,False,annual,False,0,Company_313,Cybersecurity,IN,2024-03-28,other,5.0,216.51666666666668,1.0,5.0,7.0,3.6,25.571428571428573,0
S-7679b6,A-7f29a7,2024-10-14,,Pro,41,2009,24108,False,False,False,False,annual,False,0,Company_386,Cybersecurity,UK,2024-09-18,event,9.0,489.46666666666664,8.0,9.0,1.0,4.0,24.0,0
S-de9ce0,A-faa28c,2024-08-06,2024-12-26,Enterprise,48,9552,114624,False,False,False,True,annual,True,1,Company_91,HealthTech,US,2024-01-30,organic,4.0,255.51666666666668,2.0,4.0,4.0,4.666666666666667,52.25,0
S-37d13a,A-029f69,2024-08-11,,Enterprise,15,0,0,True,False,False,False,annual,True,0,Company_129,Cybersecurity,CA,2024-03-07,event,3.0,72.76666666666667,0.0,3.0,2.0,3.0,42.0,1
S-7d0dea,A-69b156,2024-11-16,,Pro,7,0,0,True,False,True,False,monthly,True,0,Company_396,EdTech,US,2023-11-21,other,1.0,61.2,0.0,1.0,7.0,4.0,32.0,1
S-83c56d,A-716841,2024-12-13,,Enterprise,45,8955,107460,False,False,False,False,monthly,True,0,Company_437,FinTech,US,2024-05-06,other,3.0,44.833333333333336,0.0,3.0,5.0,4.0,29.8,1
S-5ee117,A-f5641b,2024-07-25,,Pro,31,1519,18228,False,False,False,False,monthly,True,0,Company_382,EdTech,US,2024-03-30,other,2.0,32.28333333333333,0.0,2.0,4.0,3.0,47.5,1
S-5e572d,A-94f8c9,2024-07-16,,Enterprise,13,2587,31044,False,False,False,False,annual,False,0,Company_51,HealthTech,US,2024-03-29,other,3.0,99.56666666666666,1.0,3.0,3.0,5.0,47.333333333333336,1
S-7b29d1,A-80eeb6,2024-04-19,,Enterprise,65,12935,155220,False,False,False,False,monthly,True,0,Company_402,Cybersecurity,UK,2023-05-09,organic,6.0,404.43333333333334,4.0,6.0,4.0,3.6666666666666665,40.25,0
S-ff79f7,A-726cfa,2024-08-02,,Enterprise,19,3781,45372,False,False,False,False,monthly,True,0,Company_82,DevTools,US,2023-07-01,partner,5.0,167.78333333333333,2.0,5.0,3.0,4.0,35.666666666666664,0
S-bb82ac,A-e19ff6,2023-10-29,,Basic,38,722,8664,False,False,False,False,annual,True,0,Company_411,Cybersecurity,UK,2023-07-28,partner,3.0,162.66666666666666,1.0,3.0,3.0,4.666666666666667,30.666666666666668,1
S-b21a0b,A-b7ef83,2024-10-29,,Pro,17,833,9996,False,False,False,False,monthly,True,0,Company_474,Cybersecurity,UK,2024-05-29,partner,7.0,428.1666666666667,8.0,7.0,2.0,4.0,47.5,0
S-711820,A-08e34e,2024-09-02,,Basic,49,931,11172,False,False,False,False,annual,False,0,Company_32,EdTech,US,2024-06-27,event,7.0,315.35,6.0,7.0,3.0,3.0,43.0,0
S-22365f,A-05f0e5,2023-06-11,,Enterprise,32,6368,76416,False,False,False,False,annual,True,0,Company_40,FinTech,US,2023-05-04,partner,7.0,415.3833333333333,9.0,7.0,4.0,4.0,20.0,0
S-f0d2fd,A-19b2c8,2024-07-20,,Enterprise,28,5572,66864,False,False,False,False,annual,True,0,Company_476,DevTools,IN,2023-06-06,other,10.0,468.7,10.0,9.0,3.0,4.666666666666667,29.333333333333332,0
S-f225d0,A-d4ac0e,2024-05-19,,Basic,18,342,4104,False,False,False,False,annual,True,0,Company_364,DevTools,UK,2024-04-20,ads,3.0,51.95,3.0,3.0,4.0,3.5,21.0,1
S-a10eb2,A-3c1a3f,2023-08-31,,Basic,45,0,0,True,False,False,False,annual,False,0,Company_224,DevTools,UK,2023-08-26,event,6.0,341.23333333333335,5.0,6.0,4.0,3.5,33.25,0
S-78ffdd,A-503d5a,2023-11-07,,Enterprise,12,2388,28656,False,False,False,False,monthly,True,0,Company_99,FinTech,US,2023-10-21,other,7.0,442.48333333333335,5.0,7.0,9.0,4.0,36.55555555555556,0
S-97a010,A-dcc3f1,2024-03-22,,Enterprise,21,0,0,True,False,False,False,monthly,True,0,Company_314,HealthTech,US,2023-12-27,event,8.0,292.25,8.0,8.0,9.0,3.8,35.666666666666664,0
S-7785af,A-a1b80b,2024-03-28,,Enterprise,16,3184,38208,False,True,False,False,monthly,False,0,Company_184,HealthTech,US,2023-11-27,organic,4.0,168.63333333333333,0.0,4.0,4.0,4.0,41.0,0
S-120ae3,A-781cc0,2024-09-24,,Basic,34,646,7752,False,False,False,False,annual,True,0,Company_499,EdTech,US,2024-09-04,organic,3.0,163.83333333333334,3.0,3.0,4.0,3.6666666666666665,57.5,1
S-37b59a,A-2d1036,2024-09-24,2024-12-18,Pro,69,3381,40572,False,False,False,True,annual,True,1,Company_399,FinTech,US,2024-06-14,ads,4.0,84.56666666666666,0.0,4.0,5.0,4.6,37.8,0
S-f36371,A-34d880,2024-07-22,,Enterprise,35,6965,83580,False,False,False,False,monthly,False,0,Company_207,Cybersecurity,AU,2024-04-11,ads,7.0,286.21666666666664,10.0,7.0,5.0,3.0,52.2,0
S-329a60,A-c16cf7,2024-10-24,,Basic,84,1596,19152,False,False,False,False,annual,True,0,Company_377,EdTech,US,2024-10-16,event,5.0,285.48333333333335,1.0,4.0,3.0,3.5,48.333333333333336,0
S-5ca11a,A-309e54,2024-12-26,,Enterprise,48,9552,114624,False,False,False,False,annual,True,0,Company_371,DevTools,US,2024-12-09,other,7.0,382.25,2.0,7.0,5.0,3.0,23.8,0
S-c8fa77,A-56962b,2024-08-28,,Basic,163,3097,37164,False,False,False,False,monthly,True,0,Company_177,EdTech,UK,2024-04-09,partner,3.0,119.31666666666666,3.0,3.0,4.0,3.0,37.5,1
S-016b5f,A-977ca0,2024-04-08,,Enterprise,6,0,0,True,False,False,False,monthly,True,0,Company_232,HealthTech,IN,2023-02-20,partner,5.0,213.3,6.0,4.0,3.0,4.0,64.0,0
S-cf2b4a,A-9f9299,2023-11-30,2024-08-15,Pro,28,1372,16464,False,False,False,True,monthly,True,1,Company_133,FinTech,US,2023-09-02,organic,7.0,304.6,9.0,7.0,5.0,5.0,36.2,0
S-6f1051,A-e98302,2024-02-01,,Enterprise,34,6766,81192,False,False,False,False,annual,True,0,Company_286,EdTech,US,2023-12-26,ads,7.0,288.56666666666666,6.0,7.0,9.0,4.142857142857143,44.44444444444444,0
S-33db08,A-fa3095,2024-12-30,,Basic,70,1330,15960,False,False,False,False,annual,True,0,Company_174,FinTech,US,2023-09-03,ads,7.0,561.9166666666666,3.0,7.0,5.0,5.0,49.2,0
S-4daf2d,A-297a2d,2024-11-05,,Enterprise,27,5373,64476,False,False,False,False,annual,True,0,Company_448,HealthTech,UK,2023-05-05,event,6.0,287.28333333333336,10.0,6.0,2.0,3.0,32.5,0
S-4ed997,A-d82ef9,2024-10-23,,Pro,26,1274,15288,False,False,False,False,annual,True,0,Company_355,EdTech,UK,2024-07-02,other,8.0,503.0833333333333,7.0,8.0,5.0,4.25,39.8,0
S-8ae507,A-72799b,2024-03-16,,Pro,20,980,11760,False,True,False,False,annual,False,0,Company_394,DevTools,FR,2023-11-13,event,9.0,410.3666666666667,6.0,9.0,2.0,4.5,33.5,0
S-3eb206,A-b179bf,2024-12-24,,Enterprise,43,8557,102684,False,False,False,False,monthly,True,0,Company_348,Cybersecurity,IN,2024-10-27,ads,6.0,280.45,1.0,6.0,6.0,4.0,24.666666666666668,0
S-6643a2,A-331424,2024-01-04,,Pro,11,0,0,True,False,False,False,monthly,True,0,Company_246,DevTools,US,2023-11-06,organic,5.0,376.01666666666665,0.0,5.0,2.0,,24.5,0
S-41ca59,A-692f18,2024-07-18,,Enterprise,37,7363,88356,False,False,False,False,monthly,True,0,Company_195,EdTech,US,2024-03-28,other,3.0,139.73333333333332,1.0,3.0,2.0,5.0,37.5,1
S-720c17,A-4e0e85,2024-02-16,,Pro,20,0,0,True,False,False,False,annual,True,0,Company_409,DevTools,US,2023-09-08,organic,1.0,78.2,0.0,1.0,2.0,5.0,53.0,1
S-afc545,A-0baac2,2024-10-14,,Basic,33,627,7524,False,False,False,False,annual,True,0,Company_264,FinTech,DE,2024-05-30,organic,3.0,169.45,0.0,3.0,6.0,4.333333333333333,43.5,1
S-5e6fc2,A-52dd88,2023-12-12,,Basic,23,437,5244,False,False,False,False,annual,True,0,Company_127,Cybersecurity,US,2023-02-21,ads,9.0,444.28333333333336,7.0,9.0,1.0,,72.0,0
S-9dcef8,A-b30291,2024-09-27,,Basic,41,779,9348,False,False,False,False,monthly,True,0,Company_344,HealthTech,US,2024-04-05,event,3.0,88.43333333333334,1.0,3.0,1.0,,16.0,1
S-389426,A-922109,2024-07-04,,Pro,3,147,1764,False,False,False,False,monthly,True,0,Company_243,Cybersecurity,US,2024-01-26,ads,7.0,367.6333333333333,2.0,7.0,3.0,3.0,25.333333333333332,0
S-1131ff,A-0f7d77,2024-12-01,2024-12-31,Basic,3,0,0,True,False,False,True,monthly,True,1,Company_457,FinTech,IN,2024-10-28,partner,5.0,376.4166666666667,3.0,5.0,5.0,5.0,27.2,0
S-c9da7a,A-0651a4,2024-11-10,,Basic,16,304,3648,False,False,False,False,monthly,True,0,Company_255,HealthTech,FR,2024-10-16,organic,3.0,179.8,0.0,3.0,4.0,4.0,29.25,1
S-eabe72,A-5790f4,2024-12-26,,Basic,33,627,7524,False,False,False,False,monthly,False,0,Company_446,FinTech,UK,2024-12-22,event,3.0,158.8,2.0,3.0,4.0,4.0,44.0,1
S-fffeb8,A-69fad4,2023-12-17,,Enterprise,10,1990,23880,False,False,False,False,annual,True,0,Company_103,FinTech,UK,2023-04-06,ads,5.0,230.13333333333333,8.0,5.0,4.0,3.6666666666666665,43.0,0
S-92dede,A-9208f0,2023-08-28,,Basic,4,76,912,False,False,False,False,monthly,True,0,Company_79,EdTech,US,2023-05-11,organic,4.0,163.1,2.0,4.0,8.0,3.3333333333333335,41.25,0
S-8d122e,A-e6afc1,2024-07-12,,Enterprise,16,3184,38208,False,False,False,False,monthly,True,0,Company_346,DevTools,US,2023-02-24,ads,9.0,369.06666666666666,4.0,9.0,0.0,,,0
S-285534,A-49b828,2024-11-09,,Basic,13,247,2964,False,False,False,False,annual,True,0,Company_391,FinTech,IN,2023-05-05,ads,4.0,292.6666666666667,3.0,4.0,3.0,3.5,13.666666666666666,0
S-1cebf9,A-dfbd31,2024-10-16,,Pro,60,2940,35280,False,False,False,False,annual,True,0,Company_190,DevTools,UK,2023-12-04,partner,2.0,60.233333333333334,3.0,2.0,6.0,4.25,29.666666666666668,1
S-36ad61,A-a09355,2024-10-19,,Pro,14,686,8232,False,False,False,False,monthly,True,0,Company_459,FinTech,US,2024-08-10,organic,3.0,101.75,0.0,3.0,5.0,4.0,32.6,1
S-9fbee8,A-49b828,2024-10-09,,Pro,10,490,5880,False,False,False,False,annual,True,0,Company_391,FinTech,IN,2023-05-05,ads,2.0,100.98333333333333,1.0,2.0,3.0,3.5,13.666666666666666,1
S-d5d8ef,A-e51ec7,2024-10-11,,Enterprise,83,16517,198204,False,False,False,False,monthly,False,0,Company_113,FinTech,CA,2023-09-23,partner,2.0,105.86666666666666,0.0,2.0,3.0,5.0,37.0,1
S-418b7c,A-35083d,2024-10-17,,Pro,19,931,11172,False,False,False,False,annual,True,0,Company_27,HealthTech,IN,2023-04-28,partner,8.0,565.55,1.0,8.0,4.0,5.0,49.75,0
S-506cbd,A-9c18c4,2023-08-29,2024-02-22,Enterprise,19,3781,45372,False,False,False,True,annual,False,1,Company_481,HealthTech,US,2023-07-27,ads,4.0,223.21666666666667,0.0,4.0,4.0,4.0,42.25,0
S-ee5448,A-cc1d8d,2024-12-29,,Basic,9,171,2052,False,False,False,False,annual,True,0,Company_440,FinTech,US,2024-12-08,other,5.0,134.71666666666667,5.0,5.0,5.0,4.5,30.2,0
S-d32441,A-781cc0,2024-09-19,2024-11-24,Enterprise,12,2388,28656,False,False,False,True,annual,True,1,Company_499,EdTech,US,2024-09-04,organic,2.0,73.06666666666666,0.0,2.0,4.0,3.6666666666666665,57.5,1
S-7f5316,A-856b1e,2024-10-17,,Basic,19,0,0,True,False,False,False,monthly,True,0,Company_161,FinTech,US,2023-10-31,partner,7.0,445.6333333333333,6.0,7.0,5.0,,36.0,0
S-bdf8bf,A-cdf020,2023-12-01,2024-09-23,Pro,31,1519,18228,False,False,False,True,monthly,True,1,Company_345,DevTools,AU,2023-08-16,organic,6.0,271.51666666666665,2.0,6.0,4.0,4.0,29.5,0
S-795878,A-5b1bcd,2024-03-19,,Enterprise,73,14527,174324,False,False,False,False,annual,True,0,Company_166,DevTools,US,2023-09-16,organic,5.0,224.88333333333333,2.0,5.0,4.0,4.5,43.25,0
S-2fc8fa,A-65a46c,2024-08-10,,Pro,13,637,7644,False,True,False,False,monthly,False,0,Company_95,HealthTech,US,2023-11-04,event,4.0,275.48333333333335,4.0,4.0,8.0,4.0,45.125,0
S-c508b3,A-671f31,2024-12-24,,Enterprise,59,11741,140892,False,False,False,False,annual,False,0,Company_137,DevTools,US,2024-11-24,ads,2.0,39.38333333333333,0.0,2.0,7.0,4.2,33.0,1
S-42d724,A-7a0d69,2024-08-01,,Pro,4,0,0,True,False,False,False,annual,True,0,Company_187,DevTools,DE,2024-06-15,ads,7.0,232.95,4.0,7.0,2.0,5.0,29.0,0
S-bd9394,A-039727,2024-11-28,,Enterprise,64,0,0,True,True,False,False,annual,False,0,Company_107,EdTech,AU,2024-11-02,organic,4.0,200.55,2.0,4.0,0.0,,,0
S-9b12da,A-702032,2024-12-13,2024-12-21,Pro,28,1372,16464,False,False,False,True,annual,True,1,Company_186,HealthTech,US,2023-10-03,ads,6.0,353.6166666666667,4.0,6.0,4.0,3.0,26.0,0
S-3632aa,A-f25509,2024-05-28,,Enterprise,32,6368,76416,False,False,False,False,monthly,True,0,Company_92,EdTech,US,2024-03-22,other,3.0,125.81666666666666,1.0,3.0,6.0,4.666666666666667,42.666666666666664,1
S-9488ec,A-1e1b80,2023-11-02,,Enterprise,50,9950,119400,False,False,False,False,annual,False,0,Company_416,FinTech,CA,2023-09-12,other,9.0,541.6,5.0,9.0,6.0,3.2,43.0,0
S-f40318,A-e19ff6,2024-03-25,,Enterprise,14,0,0,True,False,False,False,annual,False,0,Company_411,Cybersecurity,UK,2023-07-28,partner,4.0,276.35,3.0,4.0,3.0,4.666666666666667,30.666666666666668,0
S-214edb,A-558c72,2024-06-25,,Basic,77,1463,17556,False,False,False,False,monthly,True,0,Company_438,FinTech,US,2023-06-01,organic,3.0,220.71666666666667,0.0,3.0,4.0,4.5,64.25,1
S-d43a40,A-4e0e85,2024-09-20,,Basic,15,0,0,True,False,False,False,annual,True,0,Company_409,DevTools,US,2023-09-08,organic,6.0,265.9166666666667,6.0,6.0,2.0,5.0,53.0,0
S-565c4b,A-7920cc,2023-11-27,,Basic,39,741,8892,False,False,False,False,annual,True,0,Company_412,Cybersecurity,FR,2023-11-23,ads,2.0,139.66666666666666,0.0,2.0,7.0,4.333333333333333,32.857142857142854,1
S-1ebe39,A-0651a4,2024-11-02,,Enterprise,19,3781,45372,False,False,False,False,annual,True,0,Company_255,HealthTech,FR,2024-10-16,organic,2.0,106.28333333333333,4.0,2.0,4.0,4.0,29.25,1
S-dc3bbc,A-80eeb6,2024-09-18,,Pro,25,1225,14700,False,False,False,False,annual,True,0,Company_402,Cybersecurity,UK,2023-05-09,organic,2.0,114.0,1.0,2.0,4.0,3.6666666666666665,40.25,1
S-937207,A-8bde0c,2024-12-28,,Enterprise,12,2388,28656,False,False,False,False,monthly,True,0,Company_287,DevTools,US,2024-11-04,organic,5.0,270.65,6.0,5.0,3.0,4.0,25.666666666666668,0
S-14c8b9,A-aa9511,2023-11-29,,Enterprise,33,6567,78804,False,False,False,False,monthly,True,0,Company_203,DevTools,US,2023-10-10,other,2.0,173.8,1.0,2.0,2.0,4.0,56.5,1
S-fd648e,A-396e5f,2024-10-29,,Pro,37,1813,21756,False,False,False,False,annual,False,0,Company_30,Cybersecurity,CA,2024-10-02,other,2.0,71.33333333333333,0.0,2.0,5.0,4.0,24.8,1
S-3b3fac,A-7641d3,2024-11-21,,Basic,10,190,2280,False,False,False,False,annual,True,0,Company_429,EdTech,US,2023-02-16,partner,4.0,293.28333333333336,5.0,4.0,5.0,4.333333333333333,45.2,0
S-561850,A-0a62f5,2024-10-23,,Pro,16,784,9408,False,False,False,False,annual,True,0,Company_381,FinTech,UK,2024-09-11,partner,9.0,515.1666666666666,2.0,9.0,2.0,,33.5,0
S-2ded36,A-a1b80b,2024-09-08,,Enterprise,16,3184,38208,False,True,False,False,annual,True,0,Company_184,HealthTech,US,2023-11-27,organic,2.0,159.23333333333332,5.0,2.0,4.0,4.0,41.0,1
S-6904e6,A-39b19f,2023-02-23,,Pro,16,784,9408,False,False,False,False,monthly,True,0,Company_176,FinTech,US,2023-02-03,partner,6.0,256.15,4.0,6.0,6.0,4.25,47.833333333333336,0
S-07f282,A-88c6ca,2024-11-19,,Enterprise,5,995,11940,False,False,False,False,monthly,True,0,Company_179,FinTech,DE,2024-10-25,ads,8.0,295.3,2.0,8.0,1.0,,56.0,0
S-343743,A-2d1036,2024-08-25,,Pro,69,3381,40572,False,False,False,False,annual,True,0,Company_399,FinTech,US,2024-06-14,ads,8.0,372.35,7.0,8.0,5.0,4.6,37.8,0
S-d92159,A-b30291,2024-12-22,,Pro,5,245,2940,False,False,False,False,annual,True,0,Company_344,HealthTech,US,2024-04-05,event,8.0,498.43333333333334,1.0,8.0,1.0,,16.0,0
S-a9916f,A-054577,2024-05-18,,Pro,7,343,4116,False,False,False,False,annual,True,0,Company_455,EdTech,UK,2024-04-28,ads,2.0,49.333333333333336,4.0,2.0,1.0,4.0,46.0,1
S-ec690c,A-328bd0,2023-10-11,,Basic,18,342,4104,False,False,False,False,annual,True,0,Company_237,HealthTech,AU,2023-05-16,partner,7.0,249.08333333333334,8.0,7.0,5.0,3.6666666666666665,46.0,0
S-ee2669,A-e43bf7,2024-12-29,,Enterprise,44,8756,105072,False,False,False,False,annual,True,0,Company_215,Cybersecurity,AU,2023-03-24,other,5.0,181.5,0.0,5.0,5.0,4.0,27.4,0
S-e6cfc1,A-1e6fc3,2024-01-11,2024-04-02,Basic,1,0,0,True,False,False,True,annual,True,1,Company_434,EdTech,FR,2023-12-06,other,7.0,378.18333333333334,2.0,7.0,5.0,3.6666666666666665,23.8,0
S-195f9b,A-92a333,2024-02-08,,Pro,14,686,8232,False,False,False,False,annual,True,0,Company_116,FinTech,US,2023-03-24,event,8.0,467.1333333333333,8.0,8.0,4.0,,23.25,0
S-704b48,A-a7bd4b,2023-11-15,2024-10-10,Enterprise,15,0,0,True,False,False,True,annual,False,1,Company_363,Cybersecurity,US,2023-02-15,ads,2.0,45.233333333333334,2.0,2.0,6.0,3.25,36.833333333333336,1
S-a1d67e,A-bbc346,2024-12-20,,Pro,20,980,11760,False,False,False,False,annual,False,0,Company_138,FinTech,US,2024-08-29,partner,3.0,212.4,1.0,3.0,3.0,4.5,45.333333333333336,1
S-55a3e4,A-f5641b,2024-12-21,,Pro,31,1519,18228,False,False,False,False,annual,False,0,Company_382,EdTech,US,2024-03-30,other,3.0,179.5,1.0,3.0,4.0,3.0,47.5,1
S-ffd591,A-157070,2024-02-11,2024-04-15,Basic,17,323,3876,False,True,False,True,monthly,True,1,Company_85,FinTech,US,2023-11-09,ads,2.0,50.55,0.0,2.0,3.0,3.0,42.333333333333336,1
S-f0972b,A-b7b7b7,2024-09-02,,Enterprise,27,5373,64476,False,False,False,False,monthly,True,0,Company_338,FinTech,US,2024-06-30,event,7.0,382.15,0.0,7.0,3.0,5.0,17.0,0
S-65491f,A-039727,2024-11-12,,Pro,25,1225,14700,False,False,False,False,monthly,False,0,Company_107,EdTech,AU,2024-11-02,organic,4.0,245.68333333333334,6.0,4.0,0.0,,,0
S-ad26e3,A-c37601,2024-11-04,2024-12-09,Pro,6,0,0,True,False,False,True,monthly,False,1,Company_48,EdTech,US,2024-10-31,partner,2.0,158.5,0.0,2.0,4.0,3.6666666666666665,42.25,1
S-53fa80,A-462d45,2024-08-05,,Enterprise,14,2786,33432,False,False,False,False,monthly,True,0,Company_13,Cybersecurity,US,2024-01-15,partner,6.0,222.23333333333332,4.0,6.0,4.0,4.0,26.75,0
S-592443,A-c1dfe1,2024-05-01,,Enterprise,26,5174,62088,False,False,True,False,monthly,False,0,Company_53,DevTools,DE,2023-08-07,ads,2.0,68.6,0.0,2.0,3.0,4.0,50.333333333333336,1
S-6c6e91,A-2bc93d,2024-04-16,,Pro,31,1519,18228,False,False,False,False,monthly,True,0,Company_43,HealthTech,US,2023-03-14,event,3.0,252.75,0.0,3.0,2.0,4.5,12.0,1
S-c17a35,A-1ac5e0,2024-11-25,,Pro,33,1617,19404,False,False,False,False,monthly,False,0,Company_126,DevTools,US,2024-10-20,event,7.0,402.95,4.0,7.0,7.0,3.8,40.42857142857143,0
S-3a79ac,A-f92792,2024-11-15,,Basic,4,0,0,True,False,False,False,monthly,True,0,Company_67,FinTech,US,2024-07-04,ads,4.0,138.98333333333332,0.0,4.0,2.0,4.0,45.0,0
S-2f138c,A-ce66f8,2024-07-27,,Pro,29,1421,17052,False,False,False,False,annual,True,0,Company_17,EdTech,CA,2023-08-23,event,9.0,513.8666666666667,1.0,9.0,6.0,3.5,41.666666666666664,0
S-d2b5db,A-db5e9e,2024-12-09,,Pro,13,0,0,True,False,False,False,annual,False,0,Company_442,DevTools,US,2024-11-09,partner,9.0,378.81666666666666,0.0,9.0,2.0,5.0,66.0,0
S-b6c0a0,A-443b7c,2024-11-01,,Basic,3,57,684,False,False,False,False,monthly,True,0,Company_280,Cybersecurity,US,2024-09-06,other,3.0,156.78333333333333,1.0,3.0,8.0,4.4,29.25,1
S-770018,A-149a69,2024-12-14,,Enterprise,34,6766,81192,False,False,False,False,annual,False,0,Company_302,DevTools,US,2024-10-17,event,6.0,404.5,2.0,6.0,8.0,4.2,33.875,0
S-18f7e5,A-2789e3,2024-12-04,,Enterprise,30,5970,71640,False,False,False,False,annual,True,0,Company_268,FinTech,US,2024-09-14,partner,4.0,292.93333333333334,3.0,4.0,4.0,4.0,47.25,0
S-80632f,A-068fc6,2024-07-06,,Pro,35,1715,20580,False,False,False,False,monthly,False,0,Company_465,EdTech,US,2023-07-17,event,2.0,30.0,0.0,2.0,5.0,4.333333333333333,38.8,1
S-c0e639,A-7920cc,2024-01-07,,Pro,50,0,0,True,False,False,False,annual,True,0,Company_412,Cybersecurity,FR,2023-11-23,ads,4.0,175.21666666666667,0.0,4.0,7.0,4.333333333333333,32.857142857142854,0
S-63606e,A-7a0d69,2024-09-28,,Pro,4,196,2352,False,True,False,False,monthly,True,0,Company_187,DevTools,DE,2024-06-15,ads,3.0,217.31666666666666,1.0,3.0,2.0,5.0,29.0,1
S-038c7d,A-712426,2024-11-10,,Basic,9,0,0,True,False,False,False,monthly,True,0,Company_155,HealthTech,US,2024-11-10,other,4.0,217.45,0.0,4.0,6.0,4.4,37.333333333333336,0
S-0c03b0,A-39b19f,2023-11-23,,Pro,36,1764,21168,False,False,False,False,monthly,False,0,Company_176,FinTech,US,2023-02-03,partner,5.0,215.21666666666667,1.0,5.0,6.0,4.25,47.833333333333336,0
S-18f829,A-a33200,2024-11-16,,Pro,36,1764,21168,False,True,False,False,annual,True,0,Company_352,HealthTech,US,2024-09-15,partner,4.0,98.65,3.0,4.0,3.0,4.5,36.333333333333336,0
S-4bfa1d,A-ce550d,2024-12-21,2024-12-30,Pro,35,1715,20580,False,False,False,True,monthly,True,1,Company_4,HealthTech,US,2024-10-27,event,5.0,291.1666666666667,4.0,5.0,7.0,3.8,42.285714285714285,0
S-c657b6,A-7c5768,2024-03-05,,Enterprise,5,995,11940,False,False,False,False,annual,True,0,Company_407,HealthTech,UK,2024-03-02,event,7.0,269.06666666666666,5.0,7.0,5.0,4.0,28.8,0
S-8b721c,A-8b25f2,2024-09-14,,Enterprise,28,5572,66864,False,False,False,False,annual,True,0,Company_96,Cybersecurity,US,2024-02-17,ads,7.0,372.43333333333334,0.0,7.0,2.0,4.0,35.5,0
S-290ee5,A-68f37c,2024-03-26,,Basic,67,1273,15276,False,False,False,False,annual,True,0,Company_202,HealthTech,US,2023-07-15,ads,5.0,252.91666666666666,2.0,5.0,5.0,4.0,20.2,0
S-f6f1e1,A-337bc1,2024-08-09,,Basic,40,760,9120,False,True,False,False,annual,True,0,Company_424,Cybersecurity,US,2023-07-19,organic,5.0,275.28333333333336,4.0,5.0,4.0,4.0,32.5,0
S-597873,A-05f0e5,2024-07-09,,Enterprise,32,6368,76416,False,False,False,False,monthly,True,0,Company_40,FinTech,US,2023-05-04,partner,8.0,399.25,7.0,7.0,4.0,4.0,20.0,0
S-e50d84,A-0baac2,2024-12-11,,Enterprise,14,2786,33432,False,False,False,False,annual,True,0,Company_264,FinTech,DE,2024-05-30,organic,3.0,160.51666666666668,1.0,3.0,6.0,4.333333333333333,43.5,1
S-9ed535,A-4f18f0,2024-10-04,,Enterprise,24,4776,57312,False,False,False,False,annual,True,0,Company_145,DevTools,CA,2024-04-21,other,5.0,210.96666666666667,5.0,5.0,5.0,4.0,39.2,0
S-e66f1a,A-fa2041,2024-07-16,,Basic,20,0,0,True,False,False,False,monthly,True,0,Company_211,HealthTech,US,2024-05-29,organic,6.0,107.6,6.0,6.0,1.0,3.0,16.0,0
S-c8ba3e,A-5b4ebb,2024-09-22,,Basic,21,399,4788,False,False,False,False,annual,True,0,Company_69,Cybersecurity,UK,2024-07-10,other,4.0,295.95,1.0,4.0,5.0,4.75,35.4,0
S-755e1b,A-e4144b,2024-12-18,,Pro,41,2009,24108,False,False,False,False,annual,True,0,Company_316,EdTech,UK,2024-10-22,other,1.0,169.1,0.0,1.0,3.0,4.0,57.0,1
S-5cba26,A-8b25f2,2024-07-30,,Basic,6,114,1368,False,False,False,False,monthly,True,0,Company_96,Cybersecurity,US,2024-02-17,ads,8.0,404.23333333333335,4.0,8.0,2.0,4.0,35.5,0
S-579a24,A-32fb14,2024-09-04,,Basic,26,494,5928,False,True,False,False,monthly,False,0,Company_25,DevTools,US,2023-03-07,event,9.0,505.53333333333336,1.0,9.0,5.0,4.5,34.0,0
S-e561b9,A-d26ab4,2024-11-13,2024-11-30,Pro,18,882,10584,False,False,True,True,monthly,True,1,Company_497,DevTools,UK,2024-11-07,organic,4.0,172.46666666666667,3.0,4.0,2.0,4.0,49.5,0
S-8ae804,A-0dbdc6,2024-05-05,,Enterprise,50,9950,119400,False,False,False,False,monthly,True,0,Company_366,Cybersecurity,DE,2023-02-12,other,6.0,208.71666666666667,7.0,6.0,4.0,5.0,47.0,0
S-d97ff1,A-7d514c,2024-03-20,,Basic,17,323,3876,False,False,False,False,monthly,True,0,Company_119,HealthTech,DE,2024-02-03,organic,3.0,160.23333333333332,7.0,3.0,3.0,5.0,33.333333333333336,1
S-bb8429,A-dbc825,2024-04-27,,Pro,19,931,11172,False,False,False,False,annual,True,0,Company_252,EdTech,FR,2024-01-07,partner,3.0,189.26666666666668,5.0,3.0,6.0,4.0,49.5,1
S-78ba09,A-f97b9a,2024-11-30,,Pro,54,2646,31752,False,True,False,False,annual,False,0,Company_159,FinTech,US,2023-07-09,event,2.0,169.58333333333334,0.0,2.0,7.0,3.6666666666666665,31.714285714285715,1
S-979365,A-bb2f49,2023-06-29,,Pro,68,3332,39984,False,False,True,False,monthly,True,0,Company_356,Cybersecurity,US,2023-05-28,other,10.0,504.4166666666667,9.0,10.0,3.0,4.0,22.333333333333332,0
S-b96ee3,A-c16b88,2024-12-20,,Basic,23,437,5244,False,False,False,False,monthly,True,0,Company_431,HealthTech,US,2023-12-02,event,7.0,390.18333333333334,4.0,7.0,3.0,3.0,48.333333333333336,0
S-70cc83,A-313be3,2024-12-16,,Pro,47,2303,27636,False,False,False,False,monthly,True,0,Company_136,EdTech,US,2023-11-15,partner,8.0,275.8,7.0,8.0,4.0,5.0,22.5,0
S-3b29ea,A-c37cab,2024-11-26,,Basic,13,247,2964,False,False,False,False,monthly,False,0,Company_278,Cybersecurity,UK,2024-07-29,event,7.0,465.68333333333334,2.0,7.0,4.0,3.75,33.0,0
S-8ff318,A-e7beab,2024-12-23,2024-12-29,Pro,5,245,2940,False,False,False,True,monthly,True,1,Company_458,EdTech,DE,2023-10-20,organic,6.0,463.43333333333334,2.0,6.0,6.0,4.0,36.666666666666664,0
S-0509b8,A-e351e1,2024-12-26,2024-12-29,Basic,33,627,7524,False,False,False,True,annual,True,1,Company_62,EdTech,US,2024-09-26,other,6.0,363.4,2.0,6.0,4.0,3.75,17.0,0
S-95cf94,A-1ac5e0,2024-10-24,,Basic,33,627,7524,False,False,False,False,annual,True,0,Company_126,DevTools,US,2024-10-20,event,6.0,321.1,2.0,6.0,7.0,3.8,40.42857142857143,0
S-7da02b,A-f44180,2023-05-20,2023-12-19,Enterprise,89,17711,212532,False,False,False,True,annual,True,1,Company_376,Cybersecurity,UK,2023-02-13,event,4.0,197.56666666666666,2.0,4.0,2.0,5.0,46.5,0
S-07ff57,A-c608c8,2024-03-11,,Pro,58,2842,34104,False,False,False,False,monthly,False,0,Company_199,DevTools,DE,2023-04-27,ads,7.0,310.53333333333336,2.0,7.0,2.0,3.0,59.0,0
S-a0ba0c,A-eb1312,2024-12-18,,Basic,42,798,9576,False,False,False,False,monthly,True,0,Company_322,FinTech,US,2024-09-16,partner,10.0,535.3833333333333,9.0,10.0,1.0,5.0,68.0,0
S-b250cc,A-029f69,2024-11-08,,Enterprise,3,597,7164,False,True,False,False,annual,True,0,Company_129,Cybersecurity,CA,2024-03-07,event,8.0,371.46666666666664,1.0,8.0,2.0,3.0,42.0,0
S-d11e9f,A-186a44,2024-08-10,,Basic,20,380,4560,False,False,False,False,monthly,True,0,Company_101,HealthTech,US,2023-08-07,ads,3.0,175.06666666666666,2.0,3.0,7.0,3.5,38.285714285714285,1
S-24a63d,A-712533,2023-11-23,,Basic,36,684,8208,False,False,False,False,annual,True,0,Company_498,EdTech,US,2023-07-31,organic,5.0,220.5,0.0,5.0,5.0,3.75,37.4,0
S-aba835,A-5b1bcd,2023-09-23,2024-11-02,Basic,73,1387,16644,False,False,False,True,annual,True,1,Company_166,DevTools,US,2023-09-16,organic,7.0,387.23333333333335,3.0,7.0,4.0,4.5,43.25,0
S-a0c517,A-7f6b86,2023-10-24,,Pro,59,2891,34692,False,True,False,False,monthly,True,0,Company_299,HealthTech,US,2023-08-24,partner,7.0,471.4,4.0,7.0,7.0,3.6666666666666665,40.42857142857143,0
S-c3cb12,A-ce550d,2024-11-01,,Enterprise,54,10746,128952,False,False,False,False,annual,False,0,Company_4,HealthTech,US,2024-10-27,event,9.0,542.0,5.0,9.0,7.0,3.8,42.285714285714285,0
S-a88726,A-a33200,2024-11-30,,Basic,29,551,6612,False,False,False,False,annual,True,0,Company_352,HealthTech,US,2024-09-15,partner,5.0,189.46666666666667,6.0,5.0,3.0,4.5,36.333333333333336,0
S-d7ae8c,A-72799b,2023-12-28,,Basic,20,380,4560,False,True,False,False,monthly,True,0,Company_394,DevTools,FR,2023-11-13,event,6.0,211.41666666666666,3.0,6.0,2.0,4.5,33.5,0
S-86fd71,A-0651a4,2024-10-27,,Enterprise,60,11940,143280,False,False,False,False,annual,True,0,Company_255,HealthTech,FR,2024-10-16,organic,8.0,357.3,2.0,8.0,4.0,4.0,29.25,0
S-cac22d,A-19b2c8,2023-08-06,,Basic,20,380,4560,False,False,False,False,annual,True,0,Company_476,DevTools,IN,2023-06-06,other,1.0,83.25,0.0,1.0,3.0,4.666666666666667,29.333333333333332,1
S-f463d3,A-acb7f7,2024-03-24,,Enterprise,32,6368,76416,False,True,False,False,monthly,True,0,Company_330,EdTech,US,2024-01-06,ads,7.0,356.3333333333333,4.0,7.0,3.0,3.5,41.0,0
S-6ceec5,A-7e0a10,2024-07-24,,Basic,46,874,10488,False,False,False,False,annual,True,0,Company_64,FinTech,US,2023-11-18,ads,6.0,420.03333333333336,3.0,6.0,5.0,4.0,39.4,0
S-9220c9,A-417d2f,2024-06-23,,Pro,4,196,2352,False,False,False,False,monthly,True,0,Company_285,Cybersecurity,IN,2023-07-04,partner,5.0,196.75,2.0,5.0,6.0,4.333333333333333,43.5,0
S-d97185,A-592832,2024-12-22,,Pro,37,1813,21756,False,False,False,False,annual,True,0,Company_10,Cybersecurity,US,2024-09-25,organic,5.0,296.5,1.0,5.0,3.0,5.0,32.666666666666664,0
S-0e3b42,A-cb5333,2024-06-02,2024-06-12,Pro,33,1617,19404,False,False,True,True,annual,False,1,Company_370,DevTools,US,2024-03-26,ads,8.0,526.3166666666667,4.0,8.0,4.0,3.0,30.75,0
S-1ad0ca,A-ed510f,2024-04-09,,Enterprise,42,8358,100296,False,False,False,False,annual,True,0,Company_361,Cybersecurity,IN,2023-01-17,partner,6.0,315.51666666666665,8.0,6.0,9.0,4.0,44.55555555555556,0
S-21e372,A-4e960a,2024-09-23,,Basic,12,228,2736,False,False,False,False,monthly,True,0,Company_277,FinTech,US,2024-01-17,other,3.0,62.18333333333333,0.0,3.0,6.0,4.0,29.166666666666668,1
S-05624a,A-c37cab,2024-10-26,,Pro,13,637,7644,False,False,False,False,annual,True,0,Company_278,Cybersecurity,UK,2024-07-29,event,7.0,245.71666666666667,0.0,7.0,4.0,3.75,33.0,0
S-44a7c3,A-50f3f7,2024-10-23,,Enterprise,31,6169,74028,False,False,False,False,monthly,True,0,Company_140,HealthTech,US,2023-12-22,partner,6.0,366.0833333333333,5.0,6.0,6.0,5.0,37.833333333333336,0
S-a9e864,A-44dc83,2024-09-24,,Basic,17,0,0,True,False,False,False,annual,True,0,Company_35,EdTech,FR,2024-05-12,other,5.0,274.01666666666665,6.0,5.0,7.0,4.6,40.857142857142854,0
S-5e558a,A-10b8f2,2023-10-07,,Enterprise,47,9353,112236,False,False,False,False,annual,True,0,Company_151,HealthTech,DE,2023-01-11,organic,6.0,328.1166666666667,0.0,6.0,3.0,4.333333333333333,46.333333333333336,0
S-ea5984,A-977ca0,2023-02-20,,Enterprise,6,1194,14328,False,False,False,False,annual,True,0,Company_232,HealthTech,IN,2023-02-20,partner,4.0,172.1,3.0,4.0,3.0,4.0,64.0,0
S-d6d433,A-5247b3,2024-06-14,2024-11-19,Basic,16,0,0,True,False,False,True,annual,True,1,Company_375,FinTech,UK,2024-03-12,partner,5.0,201.51666666666668,5.0,5.0,5.0,4.0,45.8,0
S-d93967,A-075038,2024-01-11,,Pro,50,2450,29400,False,False,False,False,monthly,False,0,Company_397,HealthTech,UK,2023-05-12,ads,3.0,143.16666666666666,1.0,3.0,2.0,3.0,43.5,1
S-0e8ae2,A-4814a3,2024-11-24,,Pro,87,0,0,True,False,False,False,monthly,True,0,Company_337,Cybersecurity,IN,2024-09-17,event,12.0,473.31666666666666,9.0,12.0,4.0,4.0,18.75,0
S-5eb846,A-2789e3,2024-12-10,,Pro,11,539,6468,False,False,False,False,monthly,False,0,Company_268,FinTech,US,2024-09-14,partner,3.0,167.41666666666666,6.0,3.0,4.0,4.0,47.25,1
S-472fda,A-883b7d,2024-08-19,,Pro,27,1323,15876,False,False,False,False,annual,True,0,Company_313,Cybersecurity,IN,2024-03-28,other,2.0,131.23333333333332,1.0,2.0,7.0,3.6,25.571428571428573,1
S-afc4cb,A-86fc1d,2024-10-16,,Basic,26,494,5928,False,False,False,False,monthly,True,0,Company_328,DevTools,UK,2024-07-26,partner,6.0,350.56666666666666,3.0,6.0,5.0,4.0,27.0,0
S-a69aed,A-0b0d6d,2024-12-30,,Basic,3,57,684,False,False,False,False,monthly,True,0,Company_267,DevTools,US,2024-12-30,organic,9.0,299.3333333333333,14.0,9.0,5.0,4.0,31.4,0
S-41f762,A-faa28c,2024-02-15,,Basic,48,0,0,True,False,False,False,monthly,True,0,Company_91,HealthTech,US,2024-01-30,organic,1.0,42.0,0.0,1.0,4.0,4.666666666666667,52.25,1
S-853f5d,A-bcf664,2023-12-01,,Basic,13,247,2964,False,False,False,False,monthly,True,0,Company_248,DevTools,US,2023-05-19,other,3.0,264.6,1.0,3.0,5.0,4.0,36.0,1
S-35a22f,A-b07b56,2024-12-19,,Pro,34,1666,19992,False,False,False,False,annual,True,0,Company_292,DevTools,US,2024-11-08,event,7.0,414.46666666666664,3.0,7.0,4.0,3.0,31.25,0
S-fd04d6,A-b07346,2024-12-28,,Enterprise,51,0,0,True,False,False,False,annual,True,0,Company_269,HealthTech,US,2024-10-10,partner,8.0,523.95,7.0,8.0,3.0,3.5,42.333333333333336,0
S-5ed35a,A-32fb14,2024-03-16,2024-04-21,Basic,47,893,10716,False,False,False,True,monthly,True,1,Company_25,DevTools,US,2023-03-07,event,5.0,220.1,1.0,5.0,5.0,4.5,34.0,0
S-2ddf94,A-19b2c8,2024-01-05,,Enterprise,20,3980,47760,False,False,False,False,annual,False,0,Company_476,DevTools,IN,2023-06-06,other,5.0,328.73333333333335,4.0,5.0,3.0,4.666666666666667,29.333333333333332,0
S-02be35,A-e08cd3,2024-10-01,2024-12-21,Pro,67,3283,39396,False,False,False,True,monthly,True,1,Company_475,FinTech,US,2024-09-21,ads,7.0,395.8333333333333,0.0,7.0,8.0,4.0,30.375,0
S-6e0edc,A-a1b80b,2024-09-07,,Enterprise,16,3184,38208,False,False,False,False,annual,True,0,Company_184,HealthTech,US,2023-11-27,organic,2.0,109.36666666666666,0.0,2.0,4.0,4.0,41.0,1
S-01990c,A-d62e02,2024-11-22,,Enterprise,16,3184,38208,False,False,False,False,monthly,True,0,Company_420,Cybersecurity,US,2024-08-20,partner,1.0,20.1,2.0,1.0,1.0,4.0,36.0,1
S-28eb12,A-d535f6,2024-11-20,,Pro,12,588,7056,False,False,False,False,monthly,False,0,Company_421,DevTools,US,2024-09-03,organic,6.0,339.51666666666665,4.0,6.0,0.0,,,0
S-5e06b2,A-5247b3,2024-04-17,,Pro,16,0,0,True,False,False,False,monthly,True,0,Company_375,FinTech,UK,2024-03-12,partner,3.0,107.45,1.0,3.0,5.0,4.0,45.8,1
S-a01aad,A-5f7781,2024-10-14,,Enterprise,22,4378,52536,False,False,False,False,monthly,True,0,Company_483,DevTools,US,2024-08-20,other,6.0,346.6333333333333,4.0,6.0,2.0,4.0,28.5,0
S-e42331,A-94f8c9,2024-07-25,,Enterprise,23,0,0,True,False,False,False,annual,True,0,Company_51,HealthTech,US,2024-03-29,other,1.0,27.666666666666668,5.0,1.0,3.0,5.0,47.333333333333336,1
S-36ee88,A-fabe19,2024-11-23,,Enterprise,31,6169,74028,False,False,False,False,monthly,True,0,Company_97,DevTools,UK,2024-11-11,ads,7.0,255.36666666666667,5.0,7.0,3.0,4.0,40.666666666666664,0
S-b147b9,A-fce879,2024-12-13,,Basic,21,399,4788,False,False,False,False,annual,True,0,Company_291,EdTech,UK,2024-09-24,partner,6.0,149.56666666666666,2.0,6.0,2.0,4.0,28.0,0
S-fc44ed,A-f5641b,2024-05-23,,Enterprise,31,6169,74028,False,False,False,False,annual,True,0,Company_382,EdTech,US,2024-03-30,other,6.0,293.18333333333334,4.0,6.0,4.0,3.0,47.5,0
S-3ee7c3,A-cdf020,2024-04-06,2024-11-10,Enterprise,23,4577,54924,False,False,False,True,monthly,False,1,Company_345,DevTools,AU,2023-08-16,organic,5.0,205.3,1.0,5.0,4.0,4.0,29.5,0
S-7a9d40,A-157070,2024-12-18,2024-12-26,Basic,38,722,8664,False,False,False,True,annual,True,1,Company_85,FinTech,US,2023-11-09,ads,2.0,93.15,1.0,2.0,3.0,3.0,42.333333333333336,1
S-53d6be,A-993085,2024-05-11,,Enterprise,31,0,0,True,False,False,False,monthly,True,0,Company_258,HealthTech,US,2023-06-01,ads,1.0,33.86666666666667,0.0,1.0,4.0,3.5,46.5,1
S-dbd6b9,A-cea1f0,2024-11-19,,Pro,8,0,0,True,False,False,False,annual,True,0,Company_273,FinTech,US,2024-04-07,event,10.0,553.8833333333333,3.0,10.0,5.0,4.333333333333333,42.2,0
S-e63c67,A-1f7acb,2024-07-03,,Pro,64,3136,37632,False,False,False,False,annual,True,0,Company_281,FinTech,UK,2023-08-06,ads,13.0,607.7666666666667,12.0,13.0,7.0,4.4,41.714285714285715,0
S-82eb3e,A-49b828,2024-07-18,,Enterprise,6,1194,14328,False,False,False,False,annual,False,0,Company_391,FinTech,IN,2023-05-05,ads,5.0,251.9,3.0,5.0,3.0,3.5,13.666666666666666,0
S-5a18e5,A-3d957b,2024-08-05,,Enterprise,14,2786,33432,False,True,False,False,monthly,True,0,Company_311,HealthTech,UK,2024-04-04,other,6.0,361.96666666666664,9.0,6.0,3.0,3.0,41.333333333333336,0
S-193d88,A-4437e4,2024-10-12,,Enterprise,6,1194,14328,False,True,True,False,annual,True,0,Company_192,Cybersecurity,US,2023-09-16,event,8.0,427.93333333333334,6.0,8.0,6.0,3.0,34.666666666666664,0
S-29b014,A-a1b80b,2024-07-15,,Pro,36,1764,21168,False,False,False,False,annual,True,0,Company_184,HealthTech,US,2023-11-27,organic,4.0,170.63333333333333,7.0,4.0,4.0,4.0,41.0,0
S-7ce677,A-2e4581,2024-10-20,,Pro,9,441,5292,False,False,False,False,monthly,True,0,Company_0,EdTech,US,2024-10-16,partner,4.0,166.06666666666666,5.0,4.0,2.0,3.0,23.0,0
S-7f7e38,A-bb1486,2024-11-13,,Pro,42,2058,24696,False,False,False,False,monthly,True,0,Company_265,HealthTech,US,2024-11-05,organic,5.0,262.1666666666667,4.0,5.0,3.0,3.0,11.0,0
S-c5723e,A-544d0a,2024-06-27,,Basic,11,209,2508,False,False,False,False,annual,True,0,Company_153,DevTools,US,2024-05-02,organic,3.0,293.05,1.0,3.0,2.0,4.0,38.5,1
S-388190,A-d40bf7,2024-12-27,,Enterprise,59,11741,140892,False,False,False,False,annual,False,0,Company_11,FinTech,IN,2024-11-08,organic,5.0,266.23333333333335,3.0,5.0,2.0,5.0,20.5,0
S-da0fb6,A-d77f4c,2024-07-04,,Enterprise,55,10945,131340,False,False,False,False,monthly,True,0,Company_470,DevTools,US,2023-09-25,partner,3.0,118.5,1.0,3.0,2.0,4.0,31.0,1
S-95c467,A-c37601,2024-11-02,,Pro,10,490,5880,False,False,False,False,annual,True,0,Company_48,EdTech,US,2024-10-31,partner,8.0,362.45,5.0,8.0,4.0,3.6666666666666665,42.25,0
S-15a058,A-9208f0,2023-09-29,2024-04-03,Pro,2,98,1176,False,False,False,True,monthly,True,1,Company_79,EdTech,US,2023-05-11,organic,10.0,528.15,6.0,9.0,8.0,3.3333333333333335,41.25,0
S-67474a,A-7d514c,2024-06-13,,Pro,17,833,9996,False,False,False,False,monthly,True,0,Company_119,HealthTech,DE,2024-02-03,organic,4.0,127.1,2.0,4.0,3.0,5.0,33.333333333333336,0
S-8c767b,A-b07b56,2024-12-03,2024-12-09,Enterprise,29,0,0,True,False,False,True,monthly,True,1,Company_292,DevTools,US,2024-11-08,event,4.0,223.83333333333334,2.0,4.0,4.0,3.0,31.25,0
S-5bde76,A-cb5333,2024-09-08,,Pro,33,1617,19404,False,False,False,False,monthly,True,0,Company_370,DevTools,US,2024-03-26,ads,6.0,435.3666666666667,4.0,6.0,4.0,3.0,30.75,0
S-746e1b,A-90a8c8,2024-09-17,,Enterprise,73,14527,174324,False,False,False,False,annual,True,0,Company_249,FinTech,AU,2024-08-24,organic,3.0,122.9,2.0,3.0,4.0,3.25,45.0,1
S-460deb,A-832ec2,2024-11-27,,Enterprise,22,4378,52536,False,True,False,False,annual,False,0,Company_19,FinTech,UK,2023-11-19,event,8.0,548.2333333333333,6.0,8.0,3.0,4.0,26.0,0
S-62af97,A-05f0e5,2023-06-30,,Pro,46,2254,27048,False,False,False,False,annual,False,0,Company_40,FinTech,US,2023-05-04,partner,5.0,252.05,1.0,5.0,4.0,4.0,20.0,0
S-7b01d4,A-cbbe12,2024-06-08,,Pro,49,2401,28812,False,True,False,False,monthly,True,0,Company_450,Cybersecurity,DE,2023-03-22,partner,2.0,82.33333333333333,1.0,2.0,6.0,4.25,38.0,1
S-59f6b6,A-dec005,2024-11-10,,Basic,21,399,4788,False,True,False,False,monthly,False,0,Company_445,HealthTech,US,2023-10-13,partner,5.0,377.3,7.0,5.0,2.0,3.0,59.0,0
S-8013f6,A-6a7c9d,2024-12-11,2024-12-20,Basic,47,893,10716,False,False,False,True,monthly,True,1,Company_324,Cybersecurity,US,2024-10-24,organic,1.0,22.133333333333333,1.0,1.0,3.0,4.0,34.333333333333336,1
S-dcd084,A-d27f50,2024-12-05,2024-12-09,Enterprise,48,9552,114624,False,False,False,True,annual,True,1,Company_163,Cybersecurity,UK,2024-07-20,ads,5.0,243.86666666666667,7.0,5.0,4.0,3.75,37.5,0
S-8e6903,A-bd4708,2024-09-15,,Basic,37,703,8436,False,False,False,False,monthly,False,0,Company_257,FinTech,US,2024-07-21,ads,7.0,360.71666666666664,4.0,7.0,4.0,3.5,24.0,0
S-a96f6c,A-b30291,2024-10-23,,Pro,13,0,0,True,False,False,False,monthly,True,0,Company_344,HealthTech,US,2024-04-05,event,6.0,393.81666666666666,6.0,6.0,1.0,,16.0,0
S-7730b1,A-e51ec7,2024-05-01,,Pro,4,196,2352,False,False,False,False,annual,True,0,Company_113,FinTech,CA,2023-09-23,partner,7.0,182.65,2.0,7.0,3.0,5.0,37.0,0
S-62f048,A-c45b23,2024-02-13,,Pro,7,343,4116,False,False,False,False,monthly,True,0,Company_75,FinTech,UK,2023-12-08,partner,10.0,591.9333333333333,0.0,10.0,3.0,3.0,36.666666666666664,0
S-4f56f5,A-922109,2024-11-13,,Enterprise,3,597,7164,False,False,False,False,monthly,True,0,Company_243,Cybersecurity,US,2024-01-26,ads,7.0,378.28333333333336,3.0,7.0,3.0,3.0,25.333333333333332,0
S-851743,A-443b7c,2024-10-27,,Pro,13,637,7644,False,True,False,False,monthly,True,0,Company_280,Cybersecurity,US,2024-09-06,other,4.0,215.5,3.0,3.0,8.0,4.4,29.25,0
S-8bfab5,A-af0cd2,2024-05-30,2024-12-14,Pro,19,931,11172,False,False,False,True,monthly,True,1,Company_204,Cybersecurity,IN,2023-01-03,other,10.0,462.9166666666667,4.0,10.0,3.0,,54.333333333333336,0
S-f5d8ce,A-756192,2023-10-27,,Pro,19,931,11172,False,False,False,False,monthly,False,0,Company_390,FinTech,IN,2023-06-11,other,6.0,224.73333333333332,0.0,6.0,3.0,4.0,37.333333333333336,0
S-58a152,A-90a8c8,2024-12-03,,Enterprise,15,2985,35820,False,False,False,False,monthly,False,0,Company_249,FinTech,AU,2024-08-24,organic,7.0,237.8,1.0,7.0,4.0,3.25,45.0,0
S-ec41f7,A-8bde0c,2024-12-13,,Enterprise,19,3781,45372,False,True,False,False,monthly,True,0,Company_287,DevTools,US,2024-11-04,organic,5.0,203.23333333333332,4.0,5.0,3.0,4.0,25.666666666666668,0
S-8a4156,A-5a184f,2023-08-31,,Pro,19,0,0,True,False,False,False,annual,True,0,Company_124,DevTools,DE,2023-06-19,other,2.0,162.35,3.0,2.0,3.0,4.333333333333333,15.333333333333334,1
S-b0af8f,A-ff79f2,2024-10-17,,Enterprise,8,0,0,True,False,False,False,monthly,True,0,Company_165,DevTools,US,2024-04-25,ads,3.0,212.15,2.0,3.0,2.0,,50.0,1
S-6cafdf,A-6f8ad2,2024-12-27,,Pro,7,343,4116,False,False,False,False,annual,False,0,Company_57,EdTech,IN,2024-07-09,organic,9.0,576.2833333333333,5.0,9.0,4.0,4.333333333333333,35.25,0
S-708924,A-7a0d69,2024-09-12,,Basic,22,0,0,True,False,False,False,annual,True,0,Company_187,DevTools,DE,2024-06-15,ads,4.0,218.33333333333334,3.0,4.0,2.0,5.0,29.0,0
S-fced99,A-39b19f,2024-10-03,,Enterprise,42,0,0,True,False,False,False,monthly,True,0,Company_176,FinTech,US,2023-02-03,partner,4.0,69.23333333333333,6.0,4.0,6.0,4.25,47.833333333333336,0
S-8c61f4,A-72799b,2024-04-17,,Basic,34,646,7752,False,False,False,False,annual,False,0,Company_394,DevTools,FR,2023-11-13,event,8.0,418.8,4.0,8.0,2.0,4.5,33.5,0
S-2daa17,A-c62e55,2024-05-05,,Enterprise,15,2985,35820,False,False,False,False,monthly,True,0,Company_315,EdTech,US,2023-02-08,partner,3.0,99.88333333333334,0.0,3.0,4.0,4.0,27.5,1
S-81fe83,A-b48f73,2024-11-15,,Basic,80,1520,18240,False,False,False,False,monthly,True,0,Company_225,EdTech,AU,2024-11-13,event,5.0,266.28333333333336,8.0,5.0,3.0,4.0,28.666666666666668,0
S-53f831,A-82861f,2024-07-29,,Basic,41,779,9348,False,False,False,False,monthly,False,0,Company_350,DevTools,UK,2024-04-25,organic,4.0,172.01666666666668,5.0,4.0,5.0,3.2,24.4,0
S-fe0c52,A-6f8ad2,2024-07-22,,Basic,29,0,0,True,False,False,False,monthly,False,0,Company_57,EdTech,IN,2024-07-09,organic,5.0,233.38333333333333,3.0,5.0,4.0,4.333333333333333,35.25,0
S-6d3f0b,A-82d8a6,2024-12-16,,Basic,36,684,8208,False,False,False,False,annual,True,0,Company_444,Cybersecurity,UK,2024-11-28,ads,6.0,259.0,0.0,6.0,5.0,3.5,42.2,0
S-25b756,A-d82ef9,2024-07-30,,Pro,58,2842,34104,False,True,False,False,annual,True,0,Company_355,EdTech,UK,2024-07-02,other,5.0,221.93333333333334,0.0,5.0,5.0,4.25,39.8,0
S-c899a3,A-2446e3,2024-01-21,,Pro,27,1323,15876,False,False,True,False,monthly,True,0,Company_241,EdTech,IN,2024-01-10,organic,5.0,325.15,8.0,5.0,3.0,4.0,28.666666666666668,0
S-05ef15,A-d42431,2024-10-24,,Basic,35,665,7980,False,False,False,False,monthly,True,0,Company_378,FinTech,FR,2024-06-09,ads,3.0,192.08333333333334,7.0,3.0,4.0,4.0,24.25,1
S-8ececc,A-533452,2024-12-15,,Pro,9,441,5292,False,False,False,False,annual,True,0,Company_279,DevTools,AU,2024-11-12,organic,3.0,75.83333333333333,2.0,3.0,4.0,4.0,32.75,1
S-a24db6,A-96215d,2024-09-13,,Enterprise,14,2786,33432,False,True,False,False,monthly,True,0,Company_318,FinTech,US,2024-08-08,event,7.0,445.98333333333335,9.0,6.0,1.0,3.0,25.0,0
S-9acc7f,A-4437e4,2024-07-10,,Enterprise,16,3184,38208,False,False,False,False,monthly,True,0,Company_192,Cybersecurity,US,2023-09-16,event,7.0,376.06666666666666,2.0,7.0,6.0,3.0,34.666666666666664,0
S-bb1a91,A-5c046d,2024-08-18,,Basic,93,1767,21204,False,False,False,False,annual,True,0,Company_130,EdTech,FR,2024-07-06,partner,6.0,333.31666666666666,0.0,6.0,1.0,3.0,13.0,0
S-80c296,A-e888d1,2024-12-19,,Pro,17,833,9996,False,False,False,False,monthly,True,0,Company_102,Cybersecurity,US,2023-03-28,other,3.0,126.48333333333333,8.0,3.0,5.0,4.0,43.0,1
S-275d57,A-b3fe05,2024-11-11,,Basic,15,285,3420,False,False,False,False,monthly,True,0,Company_238,Cybersecurity,CA,2024-05-28,partner,7.0,365.8333333333333,4.0,7.0,4.0,3.0,48.25,0
S-6ca46a,A-0cc442,2024-09-25,,Enterprise,53,10547,126564,False,True,False,False,annual,True,0,Company_198,EdTech,US,2024-07-18,organic,10.0,404.03333333333336,7.0,10.0,3.0,3.0,37.0,0
S-98845b,A-db5e9e,2024-11-15,,Basic,42,798,9576,False,False,False,False,annual,True,0,Company_442,DevTools,US,2024-11-09,partner,9.0,524.3833333333333,9.0,9.0,2.0,5.0,66.0,0
S-fb285f,A-82d8a6,2024-12-22,,Basic,32,608,7296,False,False,False,False,annual,True,0,Company_444,Cybersecurity,UK,2024-11-28,ads,2.0,169.4,3.0,2.0,5.0,3.5,42.2,1
S-da9f05,A-151c9a,2023-05-08,,Pro,23,1127,13524,False,False,True,False,annual,True,0,Company_260,FinTech,US,2023-01-27,ads,7.0,305.15,2.0,7.0,2.0,3.5,31.0,0
S-9f38a5,A-cc102e,2024-05-30,,Basic,13,247,2964,False,False,False,False,monthly,True,0,Company_443,HealthTech,US,2024-04-15,partner,2.0,27.333333333333332,0.0,2.0,4.0,4.333333333333333,33.25,1
S-dc7143,A-3ce5b8,2024-04-28,,Enterprise,14,2786,33432,False,False,False,False,monthly,True,0,Company_256,FinTech,IN,2023-09-07,ads,5.0,226.93333333333334,0.0,5.0,10.0,3.7142857142857144,42.5,0
S-68ecd5,A-684255,2024-08-18,,Enterprise,9,1791,21492,False,False,False,False,annual,True,0,Company_20,FinTech,US,2024-04-14,ads,3.0,153.55,2.0,3.0,4.0,4.666666666666667,14.25,1
S-601bbe,A-0532a9,2024-11-26,,Pro,21,1029,12348,False,True,False,False,monthly,False,0,Company_170,FinTech,IN,2024-09-25,event,7.0,421.8333333333333,1.0,7.0,8.0,3.0,30.75,0
S-a34e37,A-10b8da,2024-04-27,,Enterprise,23,0,0,True,False,False,False,annual,True,0,Company_9,DevTools,US,2023-05-08,partner,5.0,238.1,2.0,5.0,3.0,3.5,31.333333333333332,0
S-0a70a3,A-5b051a,2024-10-21,2024-12-24,Basic,22,418,5016,False,False,False,True,annual,True,1,Company_181,Cybersecurity,US,2024-08-05,event,2.0,126.75,1.0,2.0,1.0,3.0,2.0,1
S-de543d,A-1e50e0,2023-04-25,2024-01-13,Enterprise,19,0,0,True,False,False,True,annual,True,1,Company_415,Cybersecurity,DE,2023-02-21,other,6.0,301.25,2.0,6.0,2.0,5.0,20.5,0
S-084e4f,A-054577,2024-11-22,,Basic,25,475,5700,False,False,False,False,annual,False,0,Company_455,EdTech,UK,2024-04-28,ads,7.0,278.4166666666667,4.0,7.0,1.0,4.0,46.0,0
S-febd10,A-e61e98,2024-01-05,,Pro,32,0,0,True,False,False,False,annual,True,0,Company_115,FinTech,US,2023-10-20,partner,6.0,384.73333333333335,2.0,6.0,6.0,4.6,30.333333333333332,0
S-25a969,A-c9bb3e,2024-06-02,,Basic,15,285,3420,False,False,False,False,annual,True,0,Company_336,EdTech,US,2024-03-24,ads,6.0,406.1166666666667,2.0,6.0,7.0,4.2,27.714285714285715,0
S-5d299e,A-560d27,2024-10-25,,Enterprise,23,4577,54924,False,False,False,False,monthly,True,0,Company_266,DevTools,US,2024-05-05,organic,5.0,417.85,0.0,5.0,4.0,3.6666666666666665,30.75,0
S-5a1fc3,A-05d3b3,2024-01-29,,Enterprise,13,2587,31044,False,False,False,False,monthly,True,0,Company_213,DevTools,AU,2023-05-28,ads,3.0,185.21666666666667,3.0,3.0,6.0,4.333333333333333,31.5,1
S-af854c,A-cab532,2024-02-16,,Enterprise,58,0,0,True,False,False,False,annual,True,0,Company_218,DevTools,FR,2023-04-03,organic,7.0,520.0833333333334,5.0,7.0,1.0,4.0,32.0,0
S-70b1cf,A-4ae22a,2024-09-24,,Basic,28,532,6384,False,False,False,False,monthly,True,0,Company_229,EdTech,US,2024-05-09,other,4.0,261.3333333333333,0.0,4.0,3.0,3.0,14.333333333333334,0
S-feaca1,A-2ebb4b,2023-10-03,,Enterprise,65,12935,155220,False,False,False,False,monthly,True,0,Company_334,HealthTech,US,2023-05-15,ads,3.0,162.4,0.0,3.0,2.0,3.0,43.5,1
S-f1aa04,A-7f4db3,2023-07-24,,Pro,7,343,4116,False,False,False,False,monthly,True,0,Company_441,FinTech,US,2023-03-05,other,10.0,434.75,9.0,10.0,5.0,3.25,16.6,0
S-ca0eb1,A-6e08f3,2023-07-25,,Enterprise,24,0,0,True,False,False,False,monthly,True,0,Company_220,Cybersecurity,US,2023-02-27,event,10.0,467.4,4.0,10.0,2.0,3.5,36.5,0
S-a4b1af,A-17939a,2024-12-26,,Enterprise,13,2587,31044,False,False,False,False,monthly,True,0,Company_162,HealthTech,US,2024-12-26,organic,3.0,165.7,2.0,3.0,7.0,4.5,38.0,1
S-b15faf,A-3a5ad8,2024-05-15,,Basic,95,1805,21660,False,False,False,False,monthly,True,0,Company_94,HealthTech,US,2023-12-05,organic,5.0,84.35,0.0,5.0,4.0,4.5,44.75,0
S-108282,A-49b828,2024-03-26,,Pro,30,1470,17640,False,False,False,False,annual,True,0,Company_391,FinTech,IN,2023-05-05,ads,7.0,319.18333333333334,11.0,7.0,3.0,3.5,13.666666666666666,0
S-9b623b,A-712426,2024-12-08,,Enterprise,13,2587,31044,False,False,False,False,annual,True,0,Company_155,HealthTech,US,2024-11-10,other,7.0,677.6833333333333,3.0,7.0,6.0,4.4,37.333333333333336,0
S-b28ec2,A-ee42db,2023-11-03,,Basic,33,627,7524,False,False,False,False,monthly,False,0,Company_77,EdTech,DE,2023-04-25,ads,4.0,265.78333333333336,3.0,4.0,4.0,3.0,33.75,0
S-d1ef4d,A-3a5ad8,2023-12-18,,Enterprise,9,0,0,True,False,False,False,annual,True,0,Company_94,HealthTech,US,2023-12-05,organic,3.0,124.78333333333333,0.0,3.0,4.0,4.5,44.75,1
S-c4a98e,A-ced9aa,2024-12-16,,Enterprise,5,995,11940,False,False,False,False,monthly,True,0,Company_310,DevTools,US,2024-10-05,other,6.0,151.25,2.0,6.0,7.0,3.0,28.857142857142858,0
S-bff8c5,A-202b67,2024-07-18,,Basic,11,209,2508,False,False,False,False,monthly,True,0,Company_305,HealthTech,US,2024-03-22,organic,6.0,144.45,4.0,6.0,4.0,4.666666666666667,36.75,0
S-3401bf,A-1619f8,2024-06-09,,Enterprise,55,10945,131340,False,False,False,False,annual,True,0,Company_183,DevTools,US,2024-05-20,organic,3.0,108.9,2.0,3.0,3.0,5.0,42.0,1
S-a583df,A-84ebe4,2024-08-07,,Enterprise,45,8955,107460,False,False,False,False,annual,True,0,Company_68,FinTech,US,2023-03-12,ads,8.0,398.2,5.0,8.0,4.0,4.0,29.5,0
S-f80617,A-d4ac0e,2024-10-28,2024-12-16,Basic,18,342,4104,False,False,False,True,annual,True,1,Company_364,DevTools,UK,2024-04-20,ads,2.0,104.78333333333333,3.0,2.0,4.0,3.5,21.0,1
S-e7e013,A-241e75,2024-08-07,,Basic,18,342,4104,False,False,False,False,monthly,False,0,Company_242,EdTech,US,2024-07-03,partner,9.0,516.4333333333333,13.0,9.0,4.0,4.5,31.5,0
S-4d2392,A-e61e98,2023-11-05,,Pro,19,931,11172,False,True,False,False,monthly,False,0,Company_115,FinTech,US,2023-10-20,partner,5.0,237.93333333333334,2.0,5.0,6.0,4.6,30.333333333333332,0
S-f6b264,A-4a4c2d,2024-02-02,,Pro,54,2646,31752,False,False,False,False,monthly,False,0,Company_473,DevTools,US,2023-05-02,event,10.0,573.2333333333333,0.0,10.0,5.0,4.25,42.0,0
S-c8fd93,A-0354fe,2024-11-16,2024-11-20,Basic,34,646,7752,False,True,False,True,monthly,True,1,Company_380,Cybersecurity,US,2024-10-22,other,4.0,216.93333333333334,1.0,4.0,4.0,4.0,20.0,0
S-f60667,A-b7ef83,2024-09-18,,Enterprise,5,995,11940,False,True,False,False,annual,True,0,Company_474,Cybersecurity,UK,2024-05-29,partner,6.0,284.5833333333333,2.0,6.0,2.0,4.0,47.5,0
S-8e602b,A-a33200,2024-10-26,,Pro,29,1421,17052,False,False,False,False,monthly,False,0,Company_352,HealthTech,US,2024-09-15,partner,4.0,189.88333333333333,0.0,4.0,3.0,4.5,36.333333333333336,0
S-2ba4ee,A-cab532,2024-05-21,,Basic,20,0,0,True,False,False,False,annual,True,0,Company_218,DevTools,FR,2023-04-03,organic,10.0,540.1166666666667,8.0,10.0,1.0,4.0,32.0,0
S-ed75af,A-1f0636,2024-06-09,,Pro,105,5145,61740,False,True,False,False,monthly,True,0,Company_368,EdTech,AU,2024-01-01,partner,12.0,660.2166666666667,10.0,12.0,2.0,3.5,38.5,0
S-214d98,A-560d27,2024-06-01,,Pro,23,1127,13524,False,False,False,False,annual,False,0,Company_266,DevTools,US,2024-05-05,organic,7.0,272.4166666666667,4.0,7.0,4.0,3.6666666666666665,30.75,0
S-343642,A-3cc791,2024-01-31,,Basic,25,0,0,True,False,False,False,annual,False,0,Company_423,EdTech,US,2024-01-10,other,7.0,385.65,2.0,7.0,6.0,4.25,48.333333333333336,0
S-f5c7b2,A-f44180,2023-03-25,,Enterprise,9,1791,21492,False,False,False,False,annual,True,0,Company_376,Cybersecurity,UK,2023-02-13,event,1.0,21.466666666666665,0.0,1.0,2.0,5.0,46.5,1
S-33df6f,A-0baac2,2024-12-11,2024-12-12,Enterprise,14,2786,33432,False,False,False,True,monthly,True,1,Company_264,FinTech,DE,2024-05-30,organic,4.0,167.66666666666666,1.0,4.0,6.0,4.333333333333333,43.5,0
S-9225ac,A-eafc6e,2024-09-28,,Pro,31,0,0,True,False,False,False,annual,True,0,Company_149,DevTools,US,2023-07-06,partner,5.0,310.78333333333336,0.0,5.0,1.0,,64.0,0
S-a332ba,A-69b156,2024-04-15,2024-07-09,Pro,7,343,4116,False,False,False,True,annual,False,1,Company_396,EdTech,US,2023-11-21,other,4.0,240.16666666666666,2.0,4.0,7.0,4.0,32.0,0
S-c2168a,A-37f969,2024-08-22,,Basic,30,570,6840,False,False,False,False,monthly,True,0,Company_150,HealthTech,IN,2023-10-14,partner,6.0,246.71666666666667,6.0,6.0,5.0,3.6666666666666665,22.2,0
S-31090f,A-328bd0,2024-08-20,,Basic,18,342,4104,False,False,False,False,monthly,False,0,Company_237,HealthTech,AU,2023-05-16,partner,2.0,35.61666666666667,3.0,2.0,5.0,3.6666666666666665,46.0,1
S-f316d5,A-f25509,2024-12-26,,Basic,57,1083,12996,False,False,True,False,annual,True,0,Company_92,EdTech,US,2024-03-22,other,3.0,166.81666666666666,1.0,3.0,6.0,4.666666666666667,42.666666666666664,1
S-6d0817,A-fa2041,2024-08-19,,Pro,21,1029,12348,False,False,False,False,monthly,True,0,Company_211,HealthTech,US,2024-05-29,organic,5.0,261.1,4.0,5.0,1.0,3.0,16.0,0
S-b63db8,A-faa28c,2024-09-18,,Enterprise,48,9552,114624,False,False,False,False,monthly,False,0,Company_91,HealthTech,US,2024-01-30,organic,5.0,190.43333333333334,1.0,5.0,4.0,4.666666666666667,52.25,0
S-cfcd07,A-4a267b,2024-08-29,,Basic,25,0,0,True,False,False,False,annual,True,0,Company_451,FinTech,US,2024-05-05,other,7.0,233.76666666666668,8.0,7.0,4.0,4.333333333333333,16.25,0
S-c192eb,A-ff79f2,2024-10-19,,Enterprise,83,16517,198204,False,False,False,False,monthly,True,0,Company_165,DevTools,US,2024-04-25,ads,4.0,222.31666666666666,3.0,4.0,2.0,,50.0,0
S-bfc0f8,A-7cfe77,2024-08-10,,Basic,69,1311,15732,False,False,False,False,monthly,True,0,Company_367,DevTools,US,2024-07-10,ads,7.0,304.68333333333334,9.0,7.0,7.0,3.5,30.714285714285715,0
S-90525e,A-ed510f,2024-04-21,,Enterprise,42,8358,100296,False,False,False,False,annual,True,0,Company_361,Cybersecurity,IN,2023-01-17,partner,3.0,77.3,2.0,3.0,9.0,4.0,44.55555555555556,1
S-4d9bfd,A-2bc93d,2024-08-31,,Enterprise,14,0,0,True,False,False,False,annual,True,0,Company_43,HealthTech,US,2023-03-14,event,4.0,98.45,2.0,4.0,2.0,4.5,12.0,0
S-741431,A-6e7827,2024-08-30,,Enterprise,11,2189,26268,False,False,False,False,monthly,True,0,Company_372,DevTools,US,2023-03-26,other,2.0,76.3,1.0,2.0,2.0,3.5,51.0,1
S-c3660c,A-779e4e,2024-07-18,,Pro,5,245,2940,False,False,False,False,monthly,True,0,Company_193,HealthTech,US,2023-01-02,organic,1.0,107.6,0.0,1.0,5.0,4.0,26.6,1
S-9a8d01,A-751c58,2024-08-30,,Pro,33,1617,19404,False,True,False,False,monthly,False,0,Company_393,FinTech,UK,2024-07-18,organic,3.0,111.13333333333334,0.0,3.0,5.0,4.333333333333333,39.6,1
S-18e3a5,A-c43359,2024-11-25,2024-11-28,Basic,38,722,8664,False,False,False,True,annual,True,1,Company_83,FinTech,US,2024-11-16,organic,5.0,95.45,4.0,5.0,3.0,4.0,26.666666666666668,0
S-a04ba5,A-afa505,2024-06-02,,Enterprise,70,13930,167160,False,False,False,False,annual,True,0,Company_157,DevTools,US,2023-12-27,partner,9.0,381.1,2.0,9.0,4.0,3.0,37.25,0
S-be601b,A-8ae05d,2024-07-07,,Basic,86,1634,19608,False,False,False,False,monthly,True,0,Company_147,FinTech,IN,2024-04-06,other,3.0,296.51666666666665,0.0,3.0,1.0,4.0,47.0,1
S-951de6,A-ccb686,2024-05-04,2024-10-10,Basic,10,190,2280,False,False,False,True,annual,True,1,Company_491,DevTools,US,2024-01-22,other,7.0,345.9,5.0,7.0,1.0,4.0,67.0,0
S-665df9,A-a0ca4e,2024-10-28,,Pro,11,539,6468,False,False,False,False,annual,True,0,Company_6,Cybersecurity,US,2024-03-08,ads,4.0,305.01666666666665,0.0,4.0,6.0,3.8,39.166666666666664,0
S-a0f3f7,A-c37cab,2024-07-30,,Enterprise,21,4179,50148,False,False,False,False,annual,True,0,Company_278,Cybersecurity,UK,2024-07-29,event,10.0,483.4,7.0,10.0,4.0,3.75,33.0,0
S-e090ae,A-e2cd1b,2024-05-25,,Enterprise,15,2985,35820,False,False,False,False,annual,True,0,Company_121,DevTools,US,2024-02-04,other,7.0,320.53333333333336,1.0,7.0,5.0,4.0,37.8,0
S-dad08c,A-977ca0,2024-04-14,,Pro,20,0,0,True,False,False,False,monthly,True,0,Company_232,HealthTech,IN,2023-02-20,partner,7.0,343.3,4.0,7.0,3.0,4.0,64.0,0
S-053142,A-ffc04f,2024-11-06,,Basic,16,304,3648,False,False,False,False,monthly,True,0,Company_307,EdTech,US,2024-06-06,ads,6.0,308.46666666666664,6.0,6.0,7.0,4.5,17.714285714285715,0
S-5a6941,A-4a267b,2024-09-22,,Pro,25,1225,14700,False,False,False,False,monthly,True,0,Company_451,FinTech,US,2024-05-05,other,8.0,290.3,1.0,8.0,4.0,4.333333333333333,16.25,0
S-856241,A-32fb14,2023-09-12,,Basic,26,494,5928,False,False,False,False,monthly,True,0,Company_25,DevTools,US,2023-03-07,event,5.0,334.35,0.0,5.0,5.0,4.5,34.0,0
S-eaa2c2,A-2ebb4b,2024-05-06,,Basic,41,779,9348,False,False,False,False,monthly,True,0,Company_334,HealthTech,US,2023-05-15,ads,5.0,217.63333333333333,3.0,5.0,2.0,3.0,43.5,0
S-e567db,A-716841,2024-05-14,,Enterprise,45,0,0,True,False,False,False,annual,True,0,Company_437,FinTech,US,2024-05-06,other,2.0,107.93333333333334,0.0,2.0,5.0,4.0,29.8,1
S-94fc5d,A-86902e,2023-07-30,,Basic,34,0,0,True,False,False,False,monthly,True,0,Company_169,HealthTech,IN,2023-05-02,other,8.0,449.9,6.0,8.0,9.0,3.5,40.888888888888886,0
S-474b5a,A-05d3b3,2023-11-26,,Basic,11,209,2508,False,False,False,False,annual,False,0,Company_213,DevTools,AU,2023-05-28,ads,5.0,253.68333333333334,0.0,5.0,6.0,4.333333333333333,31.5,0
S-bf304b,A-89ee83,2024-12-27,,Enterprise,18,3582,42984,False,False,False,False,monthly,True,0,Company_312,Cybersecurity,US,2024-10-04,organic,3.0,100.91666666666667,1.0,3.0,5.0,4.0,21.8,1
S-b22602,A-b9f5b1,2024-05-04,2024-09-29,Enterprise,39,0,0,True,False,False,True,annual,True,1,Company_494,Cybersecurity,US,2023-01-24,other,1.0,35.75,0.0,1.0,6.0,3.3333333333333335,31.833333333333332,1
S-09c11e,A-19b2c8,2023-07-12,,Basic,20,380,4560,False,False,False,False,annual,False,0,Company_476,DevTools,IN,2023-06-06,other,7.0,306.85,4.0,7.0,3.0,4.666666666666667,29.333333333333332,0
S-13d6d1,A-ff79f2,2024-07-28,,Pro,10,490,5880,False,False,False,False,monthly,False,0,Company_165,DevTools,US,2024-04-25,ads,4.0,149.33333333333334,1.0,4.0,2.0,,50.0,0
S-9eda4d,A-524364,2024-12-31,,Enterprise,3,0,0,True,False,False,False,monthly,True,0,Company_388,DevTools,FR,2024-12-31,partner,5.0,245.53333333333333,4.0,5.0,3.0,4.333333333333333,47.666666666666664,0
S-779baa,A-eafc6e,2024-10-30,,Basic,30,0,0,True,False,False,False,monthly,True,0,Company_149,DevTools,US,2023-07-06,partner,6.0,334.78333333333336,4.0,6.0,1.0,,64.0,0
S-20952f,A-d82ef9,2024-09-10,,Pro,26,1274,15288,False,False,False,False,annual,True,0,Company_355,EdTech,UK,2024-07-02,other,9.0,354.3,10.0,9.0,5.0,4.25,39.8,0
S-d2fae0,A-2789e3,2024-10-10,,Enterprise,11,0,0,True,False,False,False,monthly,True,0,Company_268,FinTech,US,2024-09-14,partner,5.0,404.78333333333336,1.0,5.0,4.0,4.0,47.25,0
S-0206eb,A-883b7d,2024-04-26,,Basic,31,589,7068,False,False,False,False,monthly,True,0,Company_313,Cybersecurity,IN,2024-03-28,other,7.0,324.23333333333335,1.0,7.0,7.0,3.6,25.571428571428573,0
S-3bd95c,A-51ec1b,2024-11-12,,Enterprise,17,3383,40596,False,True,False,False,annual,True,0,Company_247,DevTools,US,2023-11-08,ads,9.0,635.4333333333333,4.0,9.0,3.0,5.0,52.333333333333336,0
S-88cb91,A-cab532,2024-12-16,,Pro,35,1715,20580,False,False,False,False,annual,True,0,Company_218,DevTools,FR,2023-04-03,organic,8.0,430.4,1.0,8.0,1.0,4.0,32.0,0
S-bb45bb,A-b07346,2024-12-22,,Enterprise,51,10149,121788,False,False,False,False,annual,False,0,Company_269,HealthTech,US,2024-10-10,partner,8.0,441.56666666666666,7.0,8.0,3.0,3.5,42.333333333333336,0
S-5c631b,A-b7ef83,2024-07-01,,Enterprise,26,5174,62088,False,False,False,False,annual,False,0,Company_474,Cybersecurity,UK,2024-05-29,partner,3.0,109.71666666666667,2.0,3.0,2.0,4.0,47.5,1
S-6f6fca,A-560d27,2024-11-07,,Enterprise,50,0,0,True,True,False,False,annual,True,0,Company_266,DevTools,US,2024-05-05,organic,6.0,388.01666666666665,3.0,6.0,4.0,3.6666666666666665,30.75,0
S-b6ab32,A-dbc825,2024-04-08,2024-08-05,Enterprise,19,3781,45372,False,False,False,True,annual,True,1,Company_252,EdTech,FR,2024-01-07,partner,1.0,69.46666666666667,0.0,1.0,6.0,4.0,49.5,1
S-9a6596,A-503d5a,2023-10-21,,Basic,49,931,11172,False,False,True,False,monthly,True,0,Company_99,FinTech,US,2023-10-21,other,6.0,308.6333333333333,2.0,6.0,9.0,4.0,36.55555555555556,0
S-8e5df4,A-b3fe05,2024-11-04,,Basic,15,285,3420,False,False,False,False,monthly,True,0,Company_238,Cybersecurity,CA,2024-05-28,partner,1.0,89.6,0.0,1.0,4.0,3.0,48.25,1
S-d2624d,A-4e0e85,2024-07-19,,Pro,6,294,3528,False,False,False,False,annual,False,0,Company_409,DevTools,US,2023-09-08,organic,2.0,47.95,0.0,2.0,2.0,5.0,53.0,1
S-3c1038,A-30b4ca,2024-08-13,,Pro,86,0,0,True,False,False,False,monthly,True,0,Company_23,EdTech,IN,2024-05-20,organic,2.0,118.1,2.0,2.0,3.0,4.0,57.666666666666664,1
S-ee53e8,A-1b9609,2024-09-03,,Basic,17,323,3876,False,False,False,False,annual,True,0,Company_5,EdTech,IN,2023-10-12,ads,7.0,494.28333333333336,1.0,6.0,4.0,3.0,43.0,0
S-11eef4,A-5c046d,2024-07-23,,Pro,93,4557,54684,False,False,False,False,annual,True,0,Company_130,EdTech,FR,2024-07-06,partner,5.0,264.43333333333334,2.0,5.0,1.0,3.0,13.0,0
S-9a065e,A-92a3af,2024-11-24,,Pro,25,1225,14700,False,False,False,False,monthly,True,0,Company_259,Cybersecurity,IN,2024-07-07,organic,2.0,124.93333333333334,4.0,2.0,4.0,4.0,57.5,1
S-7a2991,A-4d1e75,2024-11-14,,Pro,39,1911,22932,False,False,False,False,annual,True,0,Company_58,DevTools,US,2024-08-21,other,5.0,285.9166666666667,0.0,5.0,2.0,4.0,15.0,0
S-ca136e,A-cb5333,2024-04-09,,Basic,44,836,10032,False,False,False,False,monthly,True,0,Company_370,DevTools,US,2024-03-26,ads,3.0,107.4,2.0,3.0,4.0,3.0,30.75,1
S-52b9a9,A-86902e,2024-04-12,,Enterprise,34,6766,81192,False,True,False,False,annual,True,0,Company_169,HealthTech,IN,2023-05-02,other,4.0,179.65,0.0,4.0,9.0,3.5,40.888888888888886,0
S-712e04,A-cc98bc,2024-09-20,,Basic,32,0,0,True,False,False,False,monthly,True,0,Company_469,DevTools,US,2023-05-24,ads,10.0,490.6666666666667,4.0,10.0,3.0,4.0,4.666666666666667,0
S-70e232,A-331424,2024-01-24,,Enterprise,11,2189,26268,False,False,False,False,annual,True,0,Company_246,DevTools,US,2023-11-06,organic,4.0,268.6666666666667,1.0,4.0,2.0,,24.5,0
S-04911c,A-bc87bc,2024-12-01,2024-12-15,Pro,3,0,0,True,False,False,True,annual,True,1,Company_456,FinTech,US,2024-07-17,event,4.0,218.73333333333332,3.0,4.0,7.0,3.75,40.57142857142857,0
S-384681,A-e08cd3,2024-12-25,,Basic,67,1273,15276,False,False,True,False,annual,True,0,Company_475,FinTech,US,2024-09-21,ads,3.0,250.85,0.0,3.0,8.0,4.0,30.375,1
S-875cf3,A-54ecc2,2024-04-29,,Enterprise,30,5970,71640,False,False,False,False,monthly,True,0,Company_289,Cybersecurity,US,2023-06-11,partner,6.0,314.9,7.0,6.0,5.0,5.0,37.4,0
S-335e1e,A-22f2df,2024-12-24,,Pro,40,1960,23520,False,False,False,False,monthly,True,0,Company_106,DevTools,US,2024-12-14,ads,7.0,486.31666666666666,0.0,7.0,5.0,5.0,44.8,0
S-da8d5f,A-55f257,2024-03-06,,Pro,14,686,8232,False,False,False,False,monthly,True,0,Company_496,FinTech,US,2023-12-21,organic,5.0,216.53333333333333,2.0,5.0,6.0,5.0,43.166666666666664,0
S-8cd315,A-c1e51e,2024-11-19,,Enterprise,55,10945,131340,False,False,False,False,monthly,True,0,Company_173,FinTech,US,2024-10-02,organic,6.0,304.76666666666665,0.0,6.0,5.0,3.2,40.0,0
S-0bb284,A-b07b56,2024-12-16,,Pro,27,1323,15876,False,False,False,False,monthly,False,0,Company_292,DevTools,US,2024-11-08,event,3.0,171.06666666666666,1.0,3.0,4.0,3.0,31.25,1
S-0283b5,A-443f6f,2024-12-10,,Pro,19,931,11172,False,False,False,False,annual,True,0,Company_304,Cybersecurity,US,2024-12-07,organic,5.0,241.68333333333334,0.0,5.0,4.0,4.666666666666667,28.0,0
S-9a8f71,A-a7bd4b,2023-03-19,,Pro,8,392,4704,False,False,False,False,annual,True,0,Company_363,Cybersecurity,US,2023-02-15,ads,7.0,332.75,9.0,7.0,6.0,3.25,36.833333333333336,0
S-44c9ae,A-f3ff05,2024-11-10,,Basic,2,0,0,True,False,False,False,annual,False,0,Company_44,FinTech,IN,2024-07-06,other,10.0,485.35,8.0,10.0,3.0,3.5,42.666666666666664,0
S-c98905,A-de24d5,2024-12-28,,Pro,5,245,2940,False,False,False,False,monthly,False,0,Company_231,DevTools,US,2024-11-05,other,3.0,104.03333333333333,2.0,3.0,7.0,3.0,43.142857142857146,1
S-bcbe03,A-2789e3,2024-10-22,,Basic,11,209,2508,False,False,False,False,monthly,False,0,Company_268,FinTech,US,2024-09-14,partner,3.0,124.05,3.0,3.0,4.0,4.0,47.25,1
S-9871f4,A-8e47ca,2024-03-05,,Basic,19,361,4332,False,False,False,False,monthly,True,0,Company_191,HealthTech,US,2024-02-15,organic,3.0,242.75,3.0,3.0,5.0,4.0,33.4,1
S-635c1e,A-b2af2e,2024-12-31,,Basic,54,1026,12312,False,False,True,False,annual,False,0,Company_227,Cybersecurity,UK,2024-08-24,event,5.0,398.4166666666667,2.0,5.0,2.0,4.0,39.5,0
S-d32fbc,A-798a3f,2024-07-01,,Basic,12,228,2736,False,False,False,False,monthly,True,0,Company_463,DevTools,FR,2023-10-19,other,5.0,182.41666666666666,4.0,5.0,5.0,4.0,33.0,0
S-17e05f,A-fa3095,2024-12-18,,Pro,70,3430,41160,False,False,False,False,annual,True,0,Company_174,FinTech,US,2023-09-03,ads,3.0,207.76666666666668,8.0,3.0,5.0,5.0,49.2,1
S-9c6bd0,A-075038,2024-04-11,,Basic,17,323,3876,False,False,False,False,monthly,True,0,Company_397,HealthTech,UK,2023-05-12,ads,6.0,327.4166666666667,4.0,6.0,2.0,3.0,43.5,0
S-90d405,A-d62e02,2024-12-30,,Enterprise,6,1194,14328,False,False,False,False,monthly,False,0,Company_420,Cybersecurity,US,2024-08-20,partner,3.0,279.78333333333336,5.0,3.0,1.0,4.0,36.0,1
S-d80516,A-f19409,2023-04-22,,Pro,44,2156,25872,False,True,False,False,annual,True,0,Company_105,DevTools,US,2023-03-16,other,2.0,164.31666666666666,1.0,2.0,3.0,4.0,6.333333333333333,1
S-425607,A-ffdfd5,2024-06-11,,Basic,21,399,4788,False,False,False,False,annual,True,0,Company_365,EdTech,US,2024-04-13,organic,6.0,309.51666666666665,4.0,6.0,0.0,,,0
S-0eb2e0,A-970c97,2024-03-23,,Enterprise,14,2786,33432,False,False,False,False,monthly,True,0,Company_477,HealthTech,DE,2024-03-01,other,6.0,301.73333333333335,2.0,6.0,1.0,5.0,61.0,0
S-fe753c,A-0532a9,2024-11-23,,Basic,19,361,4332,False,False,False,False,monthly,True,0,Company_170,FinTech,IN,2024-09-25,event,4.0,175.28333333333333,2.0,4.0,8.0,3.0,30.75,0
S-cb54dc,A-560d27,2024-11-17,,Enterprise,42,0,0,True,False,False,False,annual,False,0,Company_266,DevTools,US,2024-05-05,organic,7.0,269.9,10.0,7.0,4.0,3.6666666666666665,30.75,0
S-e338a1,A-d40bf7,2024-12-14,,Pro,59,2891,34692,False,False,False,False,monthly,True,0,Company_11,FinTech,IN,2024-11-08,organic,4.0,220.21666666666667,2.0,4.0,2.0,5.0,20.5,0
S-441ab2,A-e36807,2024-07-07,,Basic,25,0,0,True,False,False,False,annual,True,0,Company_164,EdTech,AU,2024-05-17,other,3.0,81.83333333333333,5.0,3.0,2.0,4.5,41.0,1
S-bb9299,A-7da956,2024-10-16,,Pro,13,0,0,True,False,False,False,annual,True,0,Company_141,Cybersecurity,US,2024-06-02,event,4.0,98.05,2.0,4.0,3.0,5.0,32.666666666666664,0
S-07c505,A-bc4d48,2024-07-12,,Pro,35,1715,20580,False,True,False,False,monthly,True,0,Company_343,EdTech,US,2024-06-12,ads,5.0,373.28333333333336,1.0,5.0,6.0,4.2,41.166666666666664,0
S-cd3a01,A-98a59a,2024-05-10,,Basic,56,1064,12768,False,False,False,False,monthly,False,0,Company_80,FinTech,UK,2023-08-04,partner,2.0,110.25,0.0,2.0,3.0,4.5,37.333333333333336,1
S-9d78e2,A-d3c88e,2024-12-28,,Enterprise,47,9353,112236,False,False,False,False,monthly,True,0,Company_490,DevTools,US,2024-10-18,event,4.0,171.18333333333334,2.0,4.0,3.0,4.0,58.0,0
S-8ca516,A-f19409,2024-09-21,,Pro,23,1127,13524,False,False,False,False,annual,True,0,Company_105,DevTools,US,2023-03-16,other,4.0,247.13333333333333,3.0,4.0,3.0,4.0,6.333333333333333,0
S-cafa84,A-bbc346,2024-09-16,,Enterprise,19,3781,45372,False,False,False,False,annual,True,0,Company_138,FinTech,US,2024-08-29,partner,7.0,359.73333333333335,6.0,7.0,3.0,4.5,45.333333333333336,0
S-92f4b4,A-6da850,2024-02-09,,Basic,18,342,4104,False,False,False,False,monthly,True,0,Company_293,FinTech,IN,2023-10-07,organic,1.0,89.75,0.0,1.0,5.0,4.0,49.0,1
S-1ad713,A-f97b9a,2024-06-19,,Enterprise,16,3184,38208,False,False,False,False,annual,True,0,Company_159,FinTech,US,2023-07-09,event,5.0,385.56666666666666,4.0,5.0,7.0,3.6666666666666665,31.714285714285715,0
S-d9eb73,A-32fb14,2023-07-18,,Basic,26,0,0,True,False,False,False,annual,True,0,Company_25,DevTools,US,2023-03-07,event,6.0,269.23333333333335,3.0,6.0,5.0,4.5,34.0,0
S-31ac79,A-f19b24,2024-12-01,,Basic,29,551,6612,False,False,False,False,monthly,True,0,Company_462,Cybersecurity,US,2023-01-10,organic,6.0,364.5,5.0,6.0,2.0,4.0,35.5,0
S-2f8dbb,A-13466a,2023-11-18,2024-06-23,Basic,2,38,456,False,False,False,True,annual,False,1,Company_196,DevTools,AU,2023-10-22,event,5.0,281.7,0.0,5.0,3.0,4.333333333333333,32.333333333333336,0
S-f554b0,A-faa28c,2024-11-30,,Enterprise,48,9552,114624,False,True,False,False,annual,True,0,Company_91,HealthTech,US,2024-01-30,organic,3.0,175.68333333333334,0.0,3.0,4.0,4.666666666666667,52.25,1
S-81d63a,A-c62e55,2024-02-07,,Pro,56,2744,32928,False,False,False,False,annual,True,0,Company_315,EdTech,US,2023-02-08,partner,3.0,134.06666666666666,2.0,3.0,4.0,4.0,27.5,1
S-1b6221,A-f6b2fb,2024-06-12,2024-12-23,Enterprise,23,0,0,True,False,False,True,monthly,False,1,Company_418,DevTools,AU,2024-04-23,event,6.0,448.3666666666667,4.0,6.0,5.0,4.0,55.0,0
S-e1ee60,A-712533,2024-11-18,,Enterprise,18,3582,42984,False,False,False,False,monthly,True,0,Company_498,EdTech,US,2023-07-31,organic,7.0,514.1,8.0,7.0,5.0,3.75,37.4,0
S-44c5dd,A-eb7c38,2024-10-21,,Basic,5,95,1140,False,False,False,False,annual,False,0,Company_47,DevTools,AU,2024-02-25,organic,7.0,308.6166666666667,5.0,7.0,5.0,4.333333333333333,22.4,0
S-f0fe0a,A-d5a319,2024-08-22,,Pro,24,1176,14112,False,False,False,False,monthly,True,0,Company_158,FinTech,US,2023-05-04,other,6.0,511.3333333333333,4.0,6.0,1.0,4.0,17.0,0
S-653165,A-ac85cd,2024-09-26,2024-12-13,Basic,53,1007,12084,False,False,False,True,annual,True,1,Company_485,EdTech,US,2024-07-31,partner,3.0,62.31666666666667,2.0,3.0,3.0,3.5,33.666666666666664,1
S-5c8af8,A-a2485e,2024-11-05,,Pro,10,490,5880,False,False,False,False,monthly,True,0,Company_467,FinTech,US,2024-08-04,event,4.0,205.73333333333332,3.0,4.0,0.0,,,0
S-878fe0,A-5a215a,2024-12-10,,Pro,87,4263,51156,False,False,False,False,annual,True,0,Company_358,EdTech,FR,2024-01-05,other,3.0,193.76666666666668,4.0,3.0,4.0,4.0,29.5,1
S-4d8a27,A-977ca0,2024-07-03,,Basic,20,380,4560,False,True,False,False,monthly,True,0,Company_232,HealthTech,IN,2023-02-20,partner,7.0,250.88333333333333,6.0,7.0,3.0,4.0,64.0,0
S-5c4ef1,A-922109,2024-03-23,,Pro,38,1862,22344,False,False,False,False,annual,True,0,Company_243,Cybersecurity,US,2024-01-26,ads,7.0,515.6333333333333,5.0,7.0,3.0,3.0,25.333333333333332,0
S-d4c0a0,A-81edc3,2024-01-25,,Pro,18,882,10584,False,False,False,False,annual,True,0,Company_236,Cybersecurity,IN,2023-10-30,ads,2.0,71.63333333333334,2.0,2.0,3.0,4.0,52.666666666666664,1
S-2d62ad,A-dcc2f0,2023-11-29,,Enterprise,15,2985,35820,False,False,False,False,monthly,True,0,Company_309,FinTech,UK,2023-07-22,organic,5.0,251.66666666666666,2.0,5.0,2.0,,27.0,0
S-7d2c1b,A-34d880,2024-06-04,,Pro,9,0,0,True,False,False,False,monthly,True,0,Company_207,Cybersecurity,AU,2024-04-11,ads,8.0,519.8666666666667,5.0,8.0,5.0,3.0,52.2,0
S-6bfd97,A-016043,2024-10-16,,Enterprise,59,0,0,True,True,False,False,annual,True,0,Company_405,EdTech,CA,2024-07-31,organic,4.0,350.0,0.0,4.0,3.0,4.0,30.333333333333332,0
S-b4c914,A-bd4513,2024-12-13,,Pro,50,2450,29400,False,True,False,False,monthly,True,0,Company_205,DevTools,AU,2024-11-06,event,4.0,263.6,2.0,4.0,3.0,4.666666666666667,42.0,0
S-e9e03c,A-e40f45,2024-08-20,,Enterprise,21,4179,50148,False,True,False,False,monthly,True,0,Company_317,HealthTech,US,2024-04-18,organic,5.0,266.8666666666667,1.0,5.0,7.0,4.333333333333333,26.714285714285715,0
S-906b0c,A-712533,2024-12-05,,Pro,18,882,10584,False,False,False,False,monthly,False,0,Company_498,EdTech,US,2023-07-31,organic,1.0,87.6,0.0,1.0,5.0,3.75,37.4,1
S-783694,A-fa3095,2023-12-18,,Enterprise,70,13930,167160,False,False,False,False,annual,True,0,Company_174,FinTech,US,2023-09-03,ads,1.0,86.83333333333333,0.0,1.0,5.0,5.0,49.2,1
S-9c5590,A-9affe6,2024-06-09,,Enterprise,7,1393,16716,False,False,False,False,annual,True,0,Company_401,Cybersecurity,US,2023-03-22,other,2.0,164.9,1.0,2.0,3.0,3.0,58.0,1
S-b7c506,A-c37cab,2024-09-27,,Basic,30,570,6840,False,False,False,False,monthly,True,0,Company_278,Cybersecurity,UK,2024-07-29,event,2.0,8.883333333333333,2.0,2.0,4.0,3.75,33.0,1
S-48ce17,A-d42431,2024-12-08,,Enterprise,22,4378,52536,False,False,False,False,annual,True,0,Company_378,FinTech,FR,2024-06-09,ads,6.0,213.3,1.0,6.0,4.0,4.0,24.25,0
S-a2aa70,A-4d1e75,2024-12-17,,Pro,47,0,0,True,False,False,False,monthly,False,0,Company_58,DevTools,US,2024-08-21,other,5.0,221.48333333333332,2.0,5.0,2.0,4.0,15.0,0
S-6ff09c,A-d62e02,2024-12-11,,Basic,16,304,3648,False,False,False,False,annual,True,0,Company_420,Cybersecurity,US,2024-08-20,partner,5.0,379.51666666666665,3.0,5.0,1.0,4.0,36.0,0
S-b40b4d,A-9f0b68,2024-08-09,,Basic,36,684,8208,False,False,False,False,monthly,True,0,Company_489,EdTech,US,2024-04-28,ads,6.0,250.01666666666668,3.0,6.0,3.0,3.0,30.333333333333332,0
S-c51ab8,A-82861f,2024-11-19,,Enterprise,41,8159,97908,False,False,False,False,annual,False,0,Company_350,DevTools,UK,2024-04-25,organic,6.0,261.9166666666667,6.0,6.0,5.0,3.2,24.4,0
S-07ace5,A-71615e,2024-09-21,,Enterprise,32,6368,76416,False,False,False,False,monthly,True,0,Company_167,EdTech,US,2024-05-18,organic,4.0,153.61666666666667,0.0,4.0,1.0,,49.0,0
S-e715bb,A-6a4e2d,2023-11-15,,Basic,14,266,3192,False,False,False,False,monthly,True,0,Company_46,EdTech,UK,2023-04-07,partner,4.0,360.1166666666667,5.0,4.0,2.0,4.5,18.5,0
S-fcfb31,A-089363,2023-10-03,,Enterprise,31,0,0,True,False,False,False,monthly,False,0,Company_387,FinTech,AU,2023-05-06,event,2.0,83.83333333333333,1.0,2.0,3.0,3.6666666666666665,35.0,1
S-8cb02e,A-de24d5,2024-12-09,2024-12-21,Pro,77,3773,45276,False,False,False,True,annual,True,1,Company_231,DevTools,US,2024-11-05,other,5.0,209.51666666666668,0.0,5.0,7.0,3.0,43.142857142857146,0
S-79ba6e,A-fd7ad3,2024-11-14,,Enterprise,24,0,0,True,False,False,False,annual,True,0,Company_100,Cybersecurity,US,2024-11-01,event,4.0,183.81666666666666,9.0,4.0,8.0,4.166666666666667,48.75,0
S-4f2ca8,A-544d0a,2024-09-24,,Enterprise,64,12736,152832,False,False,False,False,annual,True,0,Company_153,DevTools,US,2024-05-02,organic,7.0,244.78333333333333,2.0,7.0,2.0,4.0,38.5,0
S-c97604,A-d77f4c,2024-05-04,,Enterprise,13,2587,31044,False,False,False,False,annual,True,0,Company_470,DevTools,US,2023-09-25,partner,4.0,205.85,5.0,4.0,2.0,4.0,31.0,0
S-595693,A-2d4502,2024-09-25,,Basic,67,0,0,True,False,False,False,annual,True,0,Company_45,FinTech,IN,2024-04-29,event,5.0,154.35,2.0,5.0,3.0,5.0,26.333333333333332,0
S-276d44,A-87aa7b,2024-06-17,,Pro,24,1176,14112,False,False,False,False,monthly,True,0,Company_433,HealthTech,US,2024-05-16,organic,8.0,429.25,2.0,8.0,3.0,,27.333333333333332,0
S-6c9ec4,A-b9eed8,2024-11-30,,Basic,18,342,4104,False,False,False,False,monthly,True,0,Company_189,Cybersecurity,US,2024-02-23,organic,5.0,374.1166666666667,2.0,5.0,5.0,3.75,29.2,0
S-e33883,A-f9cc74,2024-12-22,,Pro,30,0,0,True,False,False,False,monthly,True,0,Company_360,DevTools,FR,2024-10-12,partner,6.0,288.2,1.0,6.0,6.0,4.0,49.833333333333336,0
S-c25e9d,A-cc1d8d,2024-12-17,,Basic,5,95,1140,False,False,False,False,monthly,False,0,Company_440,FinTech,US,2024-12-08,other,7.0,487.5,12.0,7.0,5.0,4.5,30.2,0
S-1d7e7f,A-d922bf,2024-09-01,2024-10-21,Enterprise,15,2985,35820,False,False,False,True,annual,True,1,Company_221,HealthTech,US,2023-09-08,ads,4.0,277.95,7.0,4.0,7.0,3.3333333333333335,39.142857142857146,0
S-c9199e,A-d4ac0e,2024-11-01,,Pro,33,1617,19404,False,True,False,False,annual,True,0,Company_364,DevTools,UK,2024-04-20,ads,8.0,307.23333333333335,7.0,8.0,4.0,3.5,21.0,0
S-cdc347,A-8ed5dd,2024-01-31,,Enterprise,5,995,11940,False,False,False,False,monthly,True,0,Company_222,EdTech,UK,2023-06-29,event,5.0,455.03333333333336,0.0,5.0,6.0,3.75,29.0,0
S-3df0c3,A-922109,2024-04-06,,Basic,72,1368,16416,False,False,False,False,annual,True,0,Company_243,Cybersecurity,US,2024-01-26,ads,10.0,572.7,2.0,9.0,3.0,3.0,25.333333333333332,0
S-ea4844,A-c16b88,2024-06-03,,Pro,23,1127,13524,False,False,False,False,monthly,True,0,Company_431,HealthTech,US,2023-12-02,event,4.0,200.23333333333332,1.0,4.0,3.0,3.0,48.333333333333336,0
S-a1d3ad,A-8ae05d,2024-06-09,,Basic,86,0,0,True,False,False,False,monthly,True,0,Company_147,FinTech,IN,2024-04-06,other,1.0,99.16666666666667,0.0,1.0,1.0,4.0,47.0,1
S-19b415,A-f446b6,2023-05-28,,Basic,30,570,6840,False,False,False,False,annual,True,0,Company_36,DevTools,DE,2023-05-12,ads,2.0,172.73333333333332,1.0,2.0,8.0,4.25,30.75,1
S-4df6ec,A-c9bb3e,2024-11-02,,Basic,10,190,2280,False,False,False,False,monthly,True,0,Company_336,EdTech,US,2024-03-24,ads,1.0,66.6,1.0,1.0,7.0,4.2,27.714285714285715,1
S-8dfd77,A-2922b6,2024-12-25,,Pro,20,980,11760,False,True,False,False,annual,False,0,Company_70,HealthTech,US,2024-11-14,organic,6.0,407.55,2.0,6.0,2.0,4.0,15.5,0
S-126e7e,A-0f7d77,2024-12-21,,Enterprise,7,1393,16716,False,False,False,False,monthly,False,0,Company_457,FinTech,IN,2024-10-28,partner,5.0,119.73333333333333,4.0,5.0,5.0,5.0,27.2,0
S-b608f5,A-977ca0,2024-07-25,,Pro,31,1519,18228,False,False,False,False,annual,True,0,Company_232,HealthTech,IN,2023-02-20,partner,6.0,264.6166666666667,2.0,6.0,3.0,4.0,64.0,0
S-1c45b4,A-13466a,2024-04-20,,Basic,65,0,0,True,False,False,False,monthly,True,0,Company_196,DevTools,AU,2023-10-22,event,1.0,13.25,0.0,1.0,3.0,4.333333333333333,32.333333333333336,1
S-4a8fda,A-e1462e,2024-11-20,,Basic,15,285,3420,False,False,False,False,annual,False,0,Company_217,FinTech,UK,2023-03-12,partner,6.0,284.53333333333336,2.0,6.0,2.0,3.5,39.5,0
S-ccc10f,A-87aa7b,2024-11-19,,Basic,24,456,5472,False,False,False,False,annual,True,0,Company_433,HealthTech,US,2024-05-16,organic,6.0,416.8666666666667,0.0,6.0,3.0,,27.333333333333332,0
S-689032,A-410e86,2024-12-14,2024-12-25,Enterprise,24,0,0,True,False,False,True,monthly,False,1,Company_210,FinTech,US,2024-11-10,organic,4.0,240.66666666666666,2.0,4.0,5.0,3.5,42.6,0
S-5e5ff0,A-832ec2,2024-09-04,,Pro,6,0,0,True,False,False,False,annual,True,0,Company_19,FinTech,UK,2023-11-19,event,4.0,258.78333333333336,2.0,4.0,3.0,4.0,26.0,0
S-bf43b4,A-6f8ad2,2024-12-04,,Pro,41,2009,24108,False,False,False,False,monthly,True,0,Company_57,EdTech,IN,2024-07-09,organic,4.0,156.03333333333333,2.0,4.0,4.0,4.333333333333333,35.25,0
S-379d32,A-a8b49c,2024-10-13,,Enterprise,22,4378,52536,False,True,False,False,annual,True,0,Company_72,Cybersecurity,UK,2023-10-06,partner,3.0,217.23333333333332,1.0,3.0,1.0,4.0,72.0,1
S-0adca9,A-b3fe05,2024-10-07,,Basic,55,1045,12540,False,False,False,False,monthly,True,0,Company_238,Cybersecurity,CA,2024-05-28,partner,7.0,507.8833333333333,1.0,7.0,4.0,3.0,48.25,0
S-413a1d,A-7df7a7,2024-05-25,,Enterprise,7,1393,16716,False,False,True,False,monthly,True,0,Company_125,DevTools,US,2023-01-28,organic,4.0,210.95,1.0,4.0,3.0,4.0,28.0,0
S-8451e7,A-82861f,2024-10-04,,Enterprise,41,8159,97908,False,False,False,False,annual,True,0,Company_350,DevTools,UK,2024-04-25,organic,4.0,135.8,2.0,4.0,5.0,3.2,24.4,0
S-9c0df6,A-883b7d,2024-04-24,2024-09-07,Pro,41,2009,24108,False,False,False,True,monthly,True,1,Company_313,Cybersecurity,IN,2024-03-28,other,5.0,274.05,6.0,5.0,7.0,3.6,25.571428571428573,0
S-be0fc9,A-e693b6,2024-08-31,,Enterprise,55,0,0,True,False,False,False,annual,True,0,Company_240,FinTech,AU,2023-05-25,event,4.0,161.45,3.0,4.0,1.0,3.0,1.0,0
S-e3903e,A-6da850,2024-10-16,2024-12-08,Pro,31,1519,18228,False,False,False,True,annual,True,1,Company_293,FinTech,IN,2023-10-07,organic,3.0,181.6,2.0,3.0,5.0,4.0,49.0,1
S-8fcce1,A-ccb686,2024-06-20,,Pro,19,931,11172,False,False,True,False,monthly,True,0,Company_491,DevTools,US,2024-01-22,other,8.0,497.48333333333335,5.0,8.0,1.0,4.0,67.0,0
S-3279f1,A-c4ea60,2024-11-09,,Enterprise,18,3582,42984,False,False,False,False,annual,True,0,Company_18,FinTech,DE,2023-03-09,other,3.0,205.8,0.0,3.0,5.0,3.6,36.0,1
S-0da40c,A-6e7827,2024-10-23,2024-10-30,Pro,50,2450,29400,False,False,False,True,annual,False,1,Company_372,DevTools,US,2023-03-26,other,7.0,345.85,12.0,7.0,2.0,3.5,51.0,0
S-343bab,A-f1f639,2023-08-18,,Enterprise,5,995,11940,False,False,False,False,monthly,True,0,Company_296,EdTech,US,2023-02-26,ads,3.0,72.7,1.0,2.0,7.0,4.8,20.0,1
S-b2d7c6,A-c9bb3e,2024-08-20,,Enterprise,28,0,0,True,True,False,False,monthly,True,0,Company_336,EdTech,US,2024-03-24,ads,3.0,121.63333333333334,2.0,2.0,7.0,4.2,27.714285714285715,1
S-d322a2,A-4c6f11,2024-08-01,,Basic,24,456,5472,False,False,False,False,monthly,True,0,Company_146,FinTech,CA,2023-11-27,organic,6.0,371.28333333333336,4.0,6.0,3.0,4.333333333333333,44.666666666666664,0
S-b76de2,A-993085,2023-08-18,,Pro,31,1519,18228,False,False,False,False,annual,True,0,Company_258,HealthTech,US,2023-06-01,ads,4.0,215.66666666666666,1.0,4.0,4.0,3.5,46.5,0
S-64dcb7,A-f92792,2024-12-08,,Pro,8,392,4704,False,False,False,False,annual,False,0,Company_67,FinTech,US,2024-07-04,ads,5.0,317.68333333333334,1.0,5.0,2.0,4.0,45.0,0
S-969f4c,A-b11cd0,2023-10-10,2024-10-23,Basic,26,0,0,True,False,False,True,monthly,True,1,Company_439,DevTools,US,2023-01-20,ads,6.0,234.83333333333334,0.0,6.0,4.0,4.0,38.5,0
S-b2409c,A-dcc2f0,2024-01-16,,Enterprise,15,2985,35820,False,False,False,False,monthly,True,0,Company_309,FinTech,UK,2023-07-22,organic,8.0,741.7833333333333,3.0,8.0,2.0,,27.0,0
S-430691,A-4814a3,2024-11-13,,Pro,87,4263,51156,False,False,False,False,monthly,True,0,Company_337,Cybersecurity,IN,2024-09-17,event,8.0,498.95,7.0,8.0,4.0,4.0,18.75,0
S-4bb483,A-9f9299,2024-10-06,,Enterprise,28,5572,66864,False,False,False,False,monthly,True,0,Company_133,FinTech,US,2023-09-02,organic,4.0,246.25,3.0,4.0,5.0,5.0,36.2,0
S-4ed473,A-bcf664,2023-11-20,2023-12-06,Enterprise,12,2388,28656,False,False,False,True,annual,True,1,Company_248,DevTools,US,2023-05-19,other,2.0,97.75,0.0,2.0,5.0,4.0,36.0,1
S-223221,A-2bc93d,2023-08-09,,Enterprise,40,7960,95520,False,False,False,False,monthly,True,0,Company_43,HealthTech,US,2023-03-14,event,7.0,421.28333333333336,3.0,7.0,2.0,4.5,12.0,0
S-5eaab8,A-0f3e88,2024-12-11,2024-12-23,Pro,7,343,4116,False,False,False,True,monthly,False,1,Company_428,HealthTech,US,2023-07-23,other,6.0,435.6166666666667,2.0,6.0,3.0,4.5,48.0,0
S-f5bd45,A-b7b7b7,2024-10-20,,Enterprise,39,7761,93132,False,False,False,False,monthly,True,0,Company_338,FinTech,US,2024-06-30,event,4.0,183.0,2.0,4.0,3.0,5.0,17.0,0
S-a6285f,A-039727,2024-12-08,,Enterprise,30,5970,71640,False,False,False,False,annual,True,0,Company_107,EdTech,AU,2024-11-02,organic,6.0,404.18333333333334,1.0,6.0,0.0,,,0
S-dc2418,A-35083d,2024-01-23,,Basic,34,646,7752,False,False,False,False,monthly,True,0,Company_27,HealthTech,IN,2023-04-28,partner,5.0,144.61666666666667,3.0,5.0,4.0,5.0,49.75,0
S-d0d19f,A-157070,2024-07-03,,Pro,33,0,0,True,False,False,False,annual,True,0,Company_85,FinTech,US,2023-11-09,ads,2.0,51.916666666666664,0.0,2.0,3.0,3.0,42.333333333333336,1
S-e73303,A-ba6516,2024-06-28,,Enterprise,38,7562,90744,False,False,False,False,monthly,True,0,Company_154,FinTech,US,2023-10-29,ads,5.0,227.75,3.0,5.0,6.0,4.0,31.5,0
S-7f15a3,A-53f4e3,2024-12-05,,Enterprise,13,2587,31044,False,False,False,False,annual,True,0,Company_194,Cybersecurity,UK,2024-06-14,event,2.0,108.0,0.0,2.0,5.0,4.0,28.6,1
S-ee941d,A-241e75,2024-09-08,,Basic,14,266,3192,False,False,False,False,annual,True,0,Company_242,EdTech,US,2024-07-03,partner,3.0,188.75,2.0,3.0,4.0,4.5,31.5,1
S-ccf11b,A-a0ca4e,2024-08-02,,Pro,11,539,6468,False,False,False,False,annual,True,0,Company_6,Cybersecurity,US,2024-03-08,ads,5.0,167.01666666666668,2.0,5.0,6.0,3.8,39.166666666666664,0
S-a9ec8b,A-e3bd71,2024-02-11,,Enterprise,31,6169,74028,False,False,False,False,monthly,True,0,Company_347,Cybersecurity,US,2023-03-25,partner,8.0,514.7,3.0,8.0,4.0,4.0,30.25,0
S-d959d3,A-3b5cd1,2024-12-24,,Enterprise,21,4179,50148,False,False,False,False,annual,True,0,Company_49,FinTech,US,2023-09-12,event,4.0,194.75,0.0,4.0,5.0,4.0,27.4,0
S-124336,A-9f0b68,2024-11-30,,Pro,18,0,0,True,True,False,False,annual,True,0,Company_489,EdTech,US,2024-04-28,ads,5.0,243.33333333333334,2.0,5.0,3.0,3.0,30.333333333333332,0
S-5cb8a6,A-9779ad,2024-08-14,,Pro,40,1960,23520,False,False,False,False,monthly,False,0,Company_171,Cybersecurity,AU,2024-03-29,event,3.0,68.75,0.0,3.0,3.0,5.0,20.666666666666668,1
S-aced77,A-5c046d,2024-12-20,,Enterprise,93,18507,222084,False,False,False,False,annual,True,0,Company_130,EdTech,FR,2024-07-06,partner,8.0,292.06666666666666,10.0,8.0,1.0,3.0,13.0,0
S-a6e444,A-81edc3,2024-11-28,,Enterprise,5,995,11940,False,False,False,False,monthly,False,0,Company_236,Cybersecurity,IN,2023-10-30,ads,11.0,588.4833333333333,5.0,11.0,3.0,4.0,52.666666666666664,0
S-4f7b91,A-5247b3,2024-06-19,,Enterprise,16,3184,38208,False,True,False,False,annual,True,0,Company_375,FinTech,UK,2024-03-12,partner,13.0,525.6666666666666,4.0,13.0,5.0,4.0,45.8,0
S-8f8c47,A-e6afc1,2023-08-27,,Pro,28,0,0,True,False,False,False,monthly,True,0,Company_346,DevTools,US,2023-02-24,ads,8.0,266.28333333333336,7.0,8.0,0.0,,,0
S-b9ea73,A-b30291,2024-04-09,,Basic,5,95,1140,False,False,False,False,monthly,True,0,Company_344,HealthTech,US,2024-04-05,event,1.0,83.33333333333333,0.0,1.0,1.0,,16.0,1
S-97efb2,A-410e86,2024-11-16,2024-11-22,Enterprise,24,4776,57312,False,False,False,True,annual,True,1,Company_210,FinTech,US,2024-11-10,organic,3.0,140.05,6.0,3.0,5.0,3.5,42.6,1
S-76c7da,A-88c6ca,2024-11-22,,Enterprise,11,0,0,True,False,False,False,annual,True,0,Company_179,FinTech,DE,2024-10-25,ads,4.0,272.6666666666667,0.0,4.0,1.0,,56.0,0
S-334ceb,A-bece89,2024-03-08,,Basic,26,494,5928,False,False,False,False,monthly,False,0,Company_128,Cybersecurity,IN,2023-12-01,event,5.0,90.21666666666667,6.0,5.0,4.0,4.0,32.5,0
S-09223a,A-e40f45,2024-06-04,,Basic,21,399,4788,False,False,False,False,monthly,True,0,Company_317,HealthTech,US,2024-04-18,organic,7.0,201.2,4.0,7.0,7.0,4.333333333333333,26.714285714285715,0
S-2fcf09,A-d792a6,2024-09-27,,Enterprise,58,0,0,True,False,False,False,monthly,True,0,Company_486,DevTools,US,2023-01-23,organic,5.0,218.56666666666666,4.0,5.0,5.0,4.0,40.6,0
S-e740b4,A-5c9849,2024-11-10,,Basic,65,1235,14820,False,False,False,False,monthly,True,0,Company_362,EdTech,IN,2024-11-03,partner,10.0,753.25,5.0,10.0,4.0,,59.5,0
S-150c71,A-4437e4,2024-08-17,,Enterprise,11,2189,26268,False,True,False,False,monthly,True,0,Company_192,Cybersecurity,US,2023-09-16,event,8.0,493.1166666666667,3.0,8.0,6.0,3.0,34.666666666666664,0
S-6ba608,A-e7beab,2023-12-15,,Enterprise,11,2189,26268,False,False,False,False,monthly,True,0,Company_458,EdTech,DE,2023-10-20,organic,7.0,504.6,2.0,7.0,6.0,4.0,36.666666666666664,0
S-e0bfb1,A-029f69,2024-08-04,2024-08-23,Pro,21,1029,12348,False,False,False,True,annual,False,1,Company_129,Cybersecurity,CA,2024-03-07,event,6.0,254.1,6.0,6.0,2.0,3.0,42.0,0
S-1e15d1,A-700ade,2024-11-17,2024-12-31,Pro,25,1225,14700,False,False,False,True,annual,True,1,Company_472,Cybersecurity,UK,2024-10-31,organic,5.0,371.23333333333335,6.0,5.0,4.0,4.666666666666667,30.25,0
S-7d9605,A-fb186e,2024-11-16,,Basic,33,0,0,True,False,False,False,annual,False,0,Company_131,EdTech,IN,2024-10-27,organic,6.0,461.01666666666665,3.0,6.0,6.0,3.6666666666666665,26.166666666666668,0
S-0ae33f,A-075038,2023-07-14,,Pro,103,5047,60564,False,False,False,False,annual,True,0,Company_397,HealthTech,UK,2023-05-12,ads,5.0,193.55,1.0,5.0,2.0,3.0,43.5,0
S-eff018,A-0532a9,2024-10-02,,Pro,19,931,11172,False,False,True,False,annual,True,0,Company_170,FinTech,IN,2024-09-25,event,8.0,362.1,0.0,8.0,8.0,3.0,30.75,0
S-08a3d4,A-faa28c,2024-09-11,,Basic,49,931,11172,False,False,False,False,annual,True,0,Company_91,HealthTech,US,2024-01-30,organic,7.0,536.9333333333333,1.0,7.0,4.0,4.666666666666667,52.25,0
S-48d1f2,A-e08cd3,2024-10-16,,Enterprise,67,13333,159996,False,False,False,False,annual,False,0,Company_475,FinTech,US,2024-09-21,ads,3.0,120.85,2.0,3.0,8.0,4.0,30.375,1
S-92dbcc,A-faa28c,2024-12-25,,Pro,48,2352,28224,False,False,False,False,monthly,True,0,Company_91,HealthTech,US,2024-01-30,organic,5.0,279.3,2.0,5.0,4.0,4.666666666666667,52.25,0
S-da164e,A-9174e0,2024-12-21,,Pro,37,1813,21756,False,False,False,False,monthly,True,0,Company_73,Cybersecurity,US,2024-12-04,partner,5.0,170.06666666666666,2.0,5.0,2.0,5.0,39.0,0
S-3dc066,A-dcc3f1,2024-11-20,,Basic,21,399,4788,False,False,False,False,annual,False,0,Company_314,HealthTech,US,2023-12-27,event,4.0,189.66666666666666,4.0,4.0,9.0,3.8,35.666666666666664,0
S-4fd561,A-0dbdc6,2023-11-04,,Basic,30,570,6840,False,False,False,False,monthly,True,0,Company_366,Cybersecurity,DE,2023-02-12,other,9.0,506.18333333333334,1.0,9.0,4.0,5.0,47.0,0
S-feb4b0,A-a45270,2024-07-12,,Enterprise,10,1990,23880,False,False,False,False,annual,True,0,Company_37,HealthTech,US,2024-06-24,ads,4.0,237.9,3.0,4.0,4.0,4.0,64.0,0
S-3ba19e,A-075038,2024-08-10,,Basic,49,0,0,True,False,False,False,annual,True,0,Company_397,HealthTech,UK,2023-05-12,ads,10.0,547.2333333333333,6.0,10.0,2.0,3.0,43.5,0
S-461988,A-02cd81,2024-03-28,,Basic,44,836,10032,False,False,False,False,annual,False,0,Company_76,HealthTech,IN,2024-03-28,other,6.0,254.0,2.0,6.0,3.0,4.5,17.333333333333332,0
S-0b6899,A-313be3,2024-01-31,,Enterprise,47,9353,112236,False,False,False,False,annual,False,0,Company_136,EdTech,US,2023-11-15,partner,4.0,267.3833333333333,1.0,4.0,4.0,5.0,22.5,0
S-bff540,A-798a3f,2024-05-06,,Enterprise,12,2388,28656,False,False,False,False,monthly,True,0,Company_463,DevTools,FR,2023-10-19,other,3.0,124.66666666666667,3.0,3.0,5.0,4.0,33.0,1
S-a57b2c,A-fd9422,2024-12-11,,Pro,58,0,0,True,False,False,False,annual,True,0,Company_263,Cybersecurity,US,2024-04-04,organic,5.0,258.75,2.0,5.0,6.0,3.5,44.333333333333336,0
S-e8776c,A-c222ab,2024-12-12,,Enterprise,32,6368,76416,False,False,False,False,monthly,True,0,Company_206,Cybersecurity,US,2024-05-10,other,4.0,235.95,2.0,4.0,4.0,5.0,39.0,0
S-de9e50,A-67be94,2023-11-21,,Basic,41,779,9348,False,False,False,False,annual,True,0,Company_276,EdTech,US,2023-04-04,organic,8.0,464.96666666666664,2.0,8.0,5.0,4.0,38.6,0
S-429220,A-18793f,2024-12-29,,Pro,148,7252,87024,False,False,False,False,monthly,True,0,Company_488,EdTech,US,2024-12-18,organic,4.0,215.45,2.0,4.0,5.0,3.8,45.2,0
S-601f31,A-625d0b,2024-11-09,,Pro,14,686,8232,False,False,False,False,annual,True,0,Company_290,EdTech,AU,2024-09-02,ads,3.0,188.88333333333333,0.0,3.0,5.0,3.0,48.4,1
S-8dd1f6,A-098560,2024-03-24,,Pro,12,588,7056,False,False,False,False,monthly,False,0,Company_349,DevTools,UK,2023-10-21,ads,4.0,42.083333333333336,6.0,4.0,2.0,3.0,28.0,0
S-ff109c,A-df1e44,2024-04-09,,Pro,12,588,7056,False,False,False,False,annual,False,0,Company_323,Cybersecurity,UK,2024-02-23,organic,4.0,350.8333333333333,2.0,4.0,2.0,5.0,53.0,0
S-556071,A-9077b0,2024-12-20,2024-12-30,Pro,63,0,0,True,False,False,True,monthly,True,1,Company_41,HealthTech,US,2024-08-25,ads,6.0,298.78333333333336,6.0,6.0,3.0,4.333333333333333,40.333333333333336,0
S-f4019e,A-7988d1,2024-09-28,2024-11-16,Basic,33,627,7524,False,False,False,True,monthly,False,1,Company_90,Cybersecurity,US,2023-12-20,other,3.0,187.66666666666666,0.0,3.0,3.0,4.333333333333333,35.333333333333336,1
S-246f9c,A-544d0a,2024-10-27,,Pro,6,294,3528,False,False,True,False,monthly,True,0,Company_153,DevTools,US,2024-05-02,organic,4.0,199.85,2.0,4.0,2.0,4.0,38.5,0
S-5639de,A-eb1312,2024-12-13,,Pro,25,1225,14700,False,False,False,False,annual,True,0,Company_322,FinTech,US,2024-09-16,partner,5.0,250.93333333333334,0.0,5.0,1.0,5.0,68.0,0
S-104053,A-2bc93d,2024-12-20,,Pro,35,1715,20580,False,False,False,False,monthly,True,0,Company_43,HealthTech,US,2023-03-14,event,8.0,354.6166666666667,5.0,8.0,2.0,4.5,12.0,0
S-4bfe7b,A-9b9fe9,2023-10-16,,Basic,11,0,0,True,False,False,False,monthly,True,0,Company_71,EdTech,AU,2023-09-28,other,3.0,179.05,0.0,3.0,4.0,4.0,33.5,1
S-deb65c,A-1f0636,2024-10-30,,Basic,105,1995,23940,False,False,False,False,annual,True,0,Company_368,EdTech,AU,2024-01-01,partner,9.0,354.03333333333336,10.0,9.0,2.0,3.5,38.5,0
S-cfb108,A-c608c8,2023-06-30,,Enterprise,3,597,7164,False,False,True,False,annual,True,0,Company_199,DevTools,DE,2023-04-27,ads,2.0,97.2,1.0,2.0,2.0,3.0,59.0,1
S-e62fc9,A-0651a4,2024-12-23,,Pro,16,784,9408,False,False,False,False,monthly,False,0,Company_255,HealthTech,FR,2024-10-16,organic,7.0,402.45,2.0,7.0,4.0,4.0,29.25,0
S-935e79,A-c4ea60,2024-02-19,,Basic,58,0,0,True,False,False,False,annual,True,0,Company_18,FinTech,DE,2023-03-09,other,4.0,377.6666666666667,0.0,4.0,5.0,3.6,36.0,0
S-92e8cb,A-d4e0d4,2024-10-23,,Pro,117,5733,68796,False,False,True,False,monthly,False,0,Company_403,FinTech,US,2024-10-18,other,5.0,210.3,6.0,5.0,4.0,4.0,39.25,0
S-1f4db5,A-2e3bad,2024-09-29,,Enterprise,61,12139,145668,False,False,False,False,annual,True,0,Company_108,FinTech,CA,2023-08-13,other,6.0,355.3666666666667,0.0,6.0,5.0,3.5,31.4,0
S-4893cd,A-9c18c4,2023-12-26,,Enterprise,11,2189,26268,False,False,False,False,monthly,True,0,Company_481,HealthTech,US,2023-07-27,ads,5.0,274.6166666666667,5.0,5.0,4.0,4.0,42.25,0
S-0abdec,A-4a4c2d,2023-07-14,,Basic,54,1026,12312,False,False,False,False,monthly,True,0,Company_473,DevTools,US,2023-05-02,event,3.0,110.58333333333333,0.0,3.0,5.0,4.25,42.0,1
S-31428b,A-86cdb4,2024-12-14,,Basic,52,988,11856,False,False,False,False,annual,True,0,Company_250,DevTools,DE,2024-09-22,partner,7.0,433.71666666666664,2.0,7.0,5.0,4.333333333333333,26.4,0
S-381420,A-42b791,2024-10-25,2024-11-25,Basic,27,513,6156,False,False,False,True,monthly,True,1,Company_464,FinTech,AU,2024-05-20,event,6.0,262.4166666666667,2.0,6.0,3.0,4.0,33.666666666666664,0
S-0a28cd,A-e5d6ab,2023-10-08,,Enterprise,21,4179,50148,False,False,False,False,monthly,True,0,Company_7,EdTech,US,2023-04-15,partner,5.0,167.31666666666666,2.0,5.0,3.0,,42.666666666666664,0
S-25ff39,A-798a3f,2024-03-24,,Basic,42,798,9576,False,False,False,False,annual,True,0,Company_463,DevTools,FR,2023-10-19,other,2.0,75.86666666666666,2.0,2.0,5.0,4.0,33.0,1
S-a82639,A-89ee83,2024-10-25,,Enterprise,40,7960,95520,False,False,False,False,monthly,True,0,Company_312,Cybersecurity,US,2024-10-04,organic,3.0,194.81666666666666,7.0,3.0,5.0,4.0,21.8,1
S-ada718,A-f6b2fb,2024-11-18,,Basic,23,437,5244,False,False,False,False,monthly,False,0,Company_418,DevTools,AU,2024-04-23,event,10.0,405.3833333333333,5.0,10.0,5.0,4.0,55.0,0
S-06e837,A-7c4956,2023-12-17,2024-03-29,Basic,9,0,0,True,False,False,True,annual,True,1,Company_254,DevTools,US,2023-05-06,ads,3.0,136.38333333333333,1.0,3.0,3.0,4.0,13.666666666666666,1
S-b488bc,A-f45426,2024-11-15,,Pro,11,0,0,True,False,False,False,monthly,True,0,Company_172,HealthTech,US,2024-08-05,organic,4.0,229.76666666666668,6.0,4.0,3.0,4.0,17.0,0
S-d11408,A-781cc0,2024-11-30,,Enterprise,12,0,0,True,False,False,False,monthly,True,0,Company_499,EdTech,US,2024-09-04,organic,6.0,278.6666666666667,3.0,6.0,4.0,3.6666666666666665,57.5,0
S-36f26c,A-e36807,2024-12-17,,Basic,63,1197,14364,False,False,False,False,monthly,True,0,Company_164,EdTech,AU,2024-05-17,other,4.0,341.55,4.0,4.0,2.0,4.5,41.0,0
S-7cc0ec,A-a6d261,2024-02-25,,Pro,9,441,5292,False,False,False,False,monthly,False,0,Company_303,FinTech,CA,2023-11-29,other,5.0,271.43333333333334,2.0,5.0,4.0,4.666666666666667,40.0,0
S-cb8654,A-94d3da,2024-02-07,,Basic,41,0,0,True,False,False,False,annual,True,0,Company_61,HealthTech,US,2023-05-03,other,3.0,162.06666666666666,1.0,3.0,6.0,3.5,26.833333333333332,1
S-934f6d,A-40a557,2024-11-23,,Pro,16,784,9408,False,False,False,False,monthly,True,0,Company_86,Cybersecurity,AU,2023-12-03,partner,4.0,163.43333333333334,0.0,4.0,7.0,3.6666666666666665,30.571428571428573,0
S-e9737c,A-3c1a3f,2023-12-28,,Enterprise,29,5771,69252,False,False,False,False,monthly,True,0,Company_224,DevTools,UK,2023-08-26,event,3.0,131.6,6.0,3.0,4.0,3.5,33.25,1
S-7f0419,A-84ebe4,2023-06-22,,Enterprise,18,3582,42984,False,False,False,False,annual,True,0,Company_68,FinTech,US,2023-03-12,ads,3.0,191.6,2.0,3.0,4.0,4.0,29.5,1
S-e002a1,A-940b8b,2024-06-07,,Basic,45,0,0,True,False,False,False,annual,True,0,Company_398,HealthTech,DE,2024-03-19,organic,6.0,461.5,4.0,6.0,3.0,4.0,41.333333333333336,0
S-5f30ce,A-9077b0,2024-08-26,,Basic,2,38,456,False,False,False,False,monthly,True,0,Company_41,HealthTech,US,2024-08-25,ads,6.0,313.81666666666666,6.0,6.0,3.0,4.333333333333333,40.333333333333336,0
S-557f3e,A-b7ef83,2024-06-20,,Enterprise,13,2587,31044,False,False,False,False,annual,True,0,Company_474,Cybersecurity,UK,2024-05-29,partner,4.0,345.46666666666664,0.0,4.0,2.0,4.0,47.5,0
S-a3e1e3,A-05d3b3,2024-09-26,,Enterprise,9,0,0,True,False,False,False,monthly,True,0,Company_213,DevTools,AU,2023-05-28,ads,5.0,214.86666666666667,3.0,5.0,6.0,4.333333333333333,31.5,0
S-70a554,A-f19409,2023-08-09,,Enterprise,23,4577,54924,False,False,False,False,annual,True,0,Company_105,DevTools,US,2023-03-16,other,3.0,111.11666666666666,3.0,3.0,3.0,4.0,6.333333333333333,1
S-b35b20,A-0b0d6d,2024-12-31,,Pro,3,147,1764,False,True,False,False,monthly,True,0,Company_267,DevTools,US,2024-12-30,organic,10.0,377.21666666666664,7.0,10.0,5.0,4.0,31.4,0
S-95d1dd,A-c58f49,2024-09-13,,Enterprise,70,13930,167160,False,False,False,False,monthly,True,0,Company_480,EdTech,US,2024-07-31,other,2.0,89.2,1.0,2.0,3.0,5.0,36.333333333333336,1
S-540cee,A-202b67,2024-06-22,,Enterprise,25,4975,59700,False,True,False,False,annual,True,0,Company_305,HealthTech,US,2024-03-22,organic,7.0,297.3833333333333,7.0,7.0,4.0,4.666666666666667,36.75,0
S-635570,A-883b7d,2024-05-12,,Enterprise,50,0,0,True,False,False,False,annual,False,0,Company_313,Cybersecurity,IN,2024-03-28,other,4.0,256.15,5.0,4.0,7.0,3.6,25.571428571428573,0
S-172953,A-e60f9d,2024-12-11,,Basic,29,551,6612,False,False,False,False,monthly,True,0,Company_178,FinTech,US,2024-08-26,other,6.0,214.4,3.0,6.0,2.0,,70.5,0
S-0d0202,A-adc1f3,2024-09-04,2024-09-16,Enterprise,50,9950,119400,False,False,False,True,annual,True,1,Company_98,Cybersecurity,US,2024-08-05,organic,9.0,547.3166666666667,8.0,9.0,3.0,3.5,47.333333333333336,0
S-21f8b3,A-7f4db3,2024-09-07,,Enterprise,4,0,0,True,False,False,False,monthly,False,0,Company_441,FinTech,US,2023-03-05,other,8.0,363.75,4.0,8.0,5.0,3.25,16.6,0
S-8faa60,A-328bd0,2023-12-15,2024-01-11,Pro,39,1911,22932,False,False,False,True,monthly,True,1,Company_237,HealthTech,AU,2023-05-16,partner,5.0,328.3,1.0,5.0,5.0,3.6666666666666665,46.0,0
S-93cd57,A-6f8ad2,2024-08-16,,Enterprise,20,3980,47760,False,False,False,False,annual,True,0,Company_57,EdTech,IN,2024-07-09,organic,2.0,118.6,0.0,2.0,4.0,4.333333333333333,35.25,1
S-8ec197,A-7c4956,2023-11-02,2024-10-10,Basic,51,0,0,True,False,False,True,monthly,True,1,Company_254,DevTools,US,2023-05-06,ads,7.0,339.68333333333334,8.0,7.0,3.0,4.0,13.666666666666666,0
S-842638,A-35083d,2024-05-04,2024-06-26,Pro,19,931,11172,False,False,False,True,annual,True,1,Company_27,HealthTech,IN,2023-04-28,partner,3.0,170.0,3.0,3.0,4.0,5.0,49.75,1
S-763e52,A-bece89,2024-05-20,,Enterprise,26,5174,62088,False,True,False,False,annual,False,0,Company_128,Cybersecurity,IN,2023-12-01,event,3.0,274.5,2.0,3.0,4.0,4.0,32.5,1
S-ed4c45,A-4e44e8,2024-09-15,2024-09-21,Enterprise,78,15522,186264,False,False,False,True,monthly,True,1,Company_22,DevTools,US,2024-08-20,ads,2.0,118.96666666666667,0.0,2.0,3.0,3.3333333333333335,31.333333333333332,1
S-390955,A-98a59a,2023-09-02,,Pro,56,2744,32928,False,False,False,False,monthly,True,0,Company_80,FinTech,UK,2023-08-04,partner,4.0,300.9166666666667,7.0,4.0,3.0,4.5,37.333333333333336,0
S-3ab534,A-f446b6,2024-01-07,,Enterprise,18,3582,42984,False,False,False,False,annual,False,0,Company_36,DevTools,DE,2023-05-12,ads,4.0,175.3,2.0,4.0,8.0,4.25,30.75,0
S-9be237,A-a6d261,2024-09-20,,Pro,26,1274,15288,False,False,False,False,annual,True,0,Company_303,FinTech,CA,2023-11-29,other,2.0,44.983333333333334,0.0,2.0,4.0,4.666666666666667,40.0,1
S-021004,A-186a44,2024-07-05,,Basic,20,380,4560,False,False,False,False,monthly,True,0,Company_101,HealthTech,US,2023-08-07,ads,1.0,87.9,0.0,1.0,7.0,3.5,38.285714285714285,1
S-e36786,A-5b1bcd,2024-01-10,,Basic,73,1387,16644,False,False,False,False,monthly,True,0,Company_166,DevTools,US,2023-09-16,organic,6.0,245.11666666666667,2.0,6.0,4.0,4.5,43.25,0
S-4691f1,A-c16cf7,2024-12-07,,Basic,13,247,2964,False,False,False,False,annual,True,0,Company_377,EdTech,US,2024-10-16,event,3.0,153.9,2.0,3.0,3.0,3.5,48.333333333333336,1
S-d35d49,A-bc87bc,2024-09-11,2024-11-10,Basic,18,342,4104,False,False,False,True,annual,True,1,Company_456,FinTech,US,2024-07-17,event,4.0,313.43333333333334,2.0,4.0,7.0,3.75,40.57142857142857,0
S-374628,A-35083d,2024-07-17,,Basic,19,361,4332,False,False,False,False,monthly,False,0,Company_27,HealthTech,IN,2023-04-28,partner,4.0,183.7,5.0,4.0,4.0,5.0,49.75,0
S-36f84f,A-e08cd3,2024-12-08,,Pro,67,3283,39396,False,False,False,False,monthly,False,0,Company_475,FinTech,US,2024-09-21,ads,3.0,77.43333333333334,2.0,3.0,8.0,4.0,30.375,1
S-e0cd01,A-0cc442,2024-10-21,,Basic,45,855,10260,False,False,False,False,annual,False,0,Company_198,EdTech,US,2024-07-18,organic,5.0,266.85,3.0,5.0,3.0,3.0,37.0,0
S-edc542,A-1f0636,2024-04-09,,Enterprise,105,20895,250740,False,False,False,False,annual,True,0,Company_368,EdTech,AU,2024-01-01,partner,4.0,122.28333333333333,0.0,4.0,2.0,3.5,38.5,0
S-1bbdf0,A-781cc0,2024-10-08,,Basic,16,304,3648,False,False,False,False,annual,True,0,Company_499,EdTech,US,2024-09-04,organic,4.0,265.2,0.0,4.0,4.0,3.6666666666666665,57.5,0
S-a4d121,A-118d55,2024-10-26,,Enterprise,8,1592,19104,False,True,False,False,monthly,True,0,Company_65,Cybersecurity,US,2024-10-22,organic,2.0,13.4,1.0,2.0,5.0,4.333333333333333,24.2,1
S-5b4149,A-df10db,2023-10-23,,Basic,7,133,1596,False,False,False,False,annual,True,0,Company_143,DevTools,US,2023-06-06,other,5.0,218.4,1.0,5.0,2.0,3.0,68.5,0
S-ffe125,A-e89151,2024-04-15,2024-10-07,Basic,20,380,4560,False,False,False,True,monthly,False,1,Company_234,FinTech,UK,2023-09-14,organic,7.0,439.3833333333333,0.0,7.0,2.0,5.0,41.5,0
S-5aea91,A-427b69,2024-11-06,,Enterprise,34,6766,81192,False,False,False,False,monthly,True,0,Company_453,FinTech,US,2024-08-23,other,4.0,181.33333333333334,1.0,4.0,2.0,3.0,31.5,0
S-a5baf1,A-c7e58b,2023-12-16,,Enterprise,7,1393,16716,False,False,False,False,monthly,False,0,Company_404,HealthTech,IN,2023-06-25,other,5.0,267.76666666666665,1.0,5.0,5.0,3.5,30.6,0
S-5aacfa,A-f3ff05,2024-10-19,,Enterprise,48,9552,114624,False,False,False,False,annual,True,0,Company_44,FinTech,IN,2024-07-06,other,1.0,27.3,1.0,1.0,3.0,3.5,42.666666666666664,1
S-69cc68,A-7f4db3,2023-10-12,,Enterprise,7,1393,16716,False,False,False,False,annual,True,0,Company_441,FinTech,US,2023-03-05,other,7.0,442.35,2.0,7.0,5.0,3.25,16.6,0
S-5cff9b,A-0f3e88,2024-11-07,,Pro,7,0,0,True,True,False,False,monthly,False,0,Company_428,HealthTech,US,2023-07-23,other,5.0,116.46666666666667,4.0,5.0,3.0,4.5,48.0,0
S-573f93,A-50bb9f,2024-10-29,,Enterprise,2,398,4776,False,False,False,False,monthly,True,0,Company_373,Cybersecurity,US,2024-07-12,organic,3.0,215.08333333333334,3.0,3.0,7.0,4.0,33.285714285714285,1
S-ea2c98,A-1ac5e0,2024-11-30,,Pro,33,1617,19404,False,False,False,False,monthly,True,0,Company_126,DevTools,US,2024-10-20,event,5.0,279.73333333333335,2.0,5.0,7.0,3.8,40.42857142857143,0
S-b2f3f3,A-bc87bc,2024-12-15,,Basic,8,152,1824,False,False,False,False,monthly,True,0,Company_456,FinTech,US,2024-07-17,event,2.0,207.8,0.0,2.0,7.0,3.75,40.57142857142857,1
S-5bc277,A-05d3b3,2023-07-12,,Basic,9,171,2052,False,False,False,False,annual,True,0,Company_213,DevTools,AU,2023-05-28,ads,7.0,456.8,3.0,7.0,6.0,4.333333333333333,31.5,0
S-d0429b,A-5247b3,2024-11-25,,Basic,74,1406,16872,False,True,False,False,annual,True,0,Company_375,FinTech,UK,2024-03-12,partner,4.0,109.96666666666667,1.0,4.0,5.0,4.0,45.8,0
S-d2a604,A-20736a,2024-10-03,,Pro,61,2989,35868,False,False,True,False,monthly,True,0,Company_271,EdTech,IN,2024-03-16,organic,3.0,97.98333333333333,3.0,3.0,4.0,3.75,42.25,1
S-f586ed,A-de24d5,2024-12-06,,Basic,17,323,3876,False,False,False,False,monthly,True,0,Company_231,DevTools,US,2024-11-05,other,2.0,30.4,0.0,2.0,7.0,3.0,43.142857142857146,1
S-f874e5,A-417d2f,2023-07-16,,Enterprise,51,10149,121788,False,False,False,False,annual,True,0,Company_285,Cybersecurity,IN,2023-07-04,partner,9.0,643.2833333333333,2.0,9.0,6.0,4.333333333333333,43.5,0
S-28d401,A-d792a6,2023-09-03,2024-03-04,Basic,5,95,1140,False,False,False,True,annual,True,1,Company_486,DevTools,US,2023-01-23,organic,4.0,192.73333333333332,3.0,4.0,5.0,4.0,40.6,0
S-fa05d7,A-180abf,2024-07-10,,Basic,64,1216,14592,False,False,False,False,monthly,True,0,Company_122,DevTools,US,2023-08-14,event,8.0,334.3666666666667,3.0,8.0,3.0,3.0,36.333333333333336,0
S-8ed77f,A-8b0451,2024-12-10,,Pro,41,2009,24108,False,False,False,False,monthly,True,0,Company_245,FinTech,UK,2024-09-16,event,9.0,435.43333333333334,5.0,9.0,7.0,3.5,26.571428571428573,0
S-0d391c,A-f9cc74,2024-12-09,,Enterprise,30,0,0,True,False,False,False,monthly,True,0,Company_360,DevTools,FR,2024-10-12,partner,4.0,215.73333333333332,3.0,4.0,6.0,4.0,49.833333333333336,0
S-beaa35,A-781cc0,2024-11-01,,Pro,12,0,0,True,False,False,False,monthly,False,0,Company_499,EdTech,US,2024-09-04,organic,5.0,246.08333333333334,5.0,5.0,4.0,3.6666666666666665,57.5,0
S-d44108,A-7c83a1,2024-11-02,,Pro,12,0,0,True,False,False,False,monthly,True,0,Company_447,Cybersecurity,US,2024-05-06,partner,5.0,318.8833333333333,2.0,5.0,4.0,4.0,42.0,0
S-925f82,A-c7e58b,2024-07-08,,Enterprise,7,1393,16716,False,False,False,False,annual,False,0,Company_404,HealthTech,IN,2023-06-25,other,9.0,401.3,8.0,9.0,5.0,3.5,30.6,0
S-7d43e0,A-f9cc74,2024-10-12,,Enterprise,30,5970,71640,False,False,False,False,monthly,True,0,Company_360,DevTools,FR,2024-10-12,partner,3.0,74.06666666666666,1.0,3.0,6.0,4.0,49.833333333333336,1
S-dc1cf4,A-1986ca,2024-01-05,,Enterprise,20,3980,47760,False,False,False,False,monthly,False,0,Company_197,HealthTech,IN,2023-01-30,ads,9.0,269.95,9.0,9.0,7.0,3.4,36.57142857142857,0
S-bff3b5,A-10b8f2,2024-03-22,,Pro,47,2303,27636,False,False,False,False,monthly,False,0,Company_151,HealthTech,DE,2023-01-11,organic,5.0,178.15,0.0,5.0,3.0,4.333333333333333,46.333333333333336,0
S-f11653,A-d4e0d4,2024-10-28,,Enterprise,117,23283,279396,False,False,False,False,annual,True,0,Company_403,FinTech,US,2024-10-18,other,6.0,300.56666666666666,2.0,6.0,4.0,4.0,39.25,0
S-f42cc4,A-f44180,2023-04-10,,Enterprise,14,2786,33432,False,False,False,False,annual,True,0,Company_376,Cybersecurity,UK,2023-02-13,event,7.0,353.01666666666665,7.0,7.0,2.0,5.0,46.5,0
S-22014f,A-0be015,2024-10-21,,Basic,19,361,4332,False,False,False,False,annual,True,0,Company_454,FinTech,US,2024-10-15,event,8.0,412.55,2.0,8.0,7.0,4.2,40.285714285714285,0
S-1acdd2,A-7a0d69,2024-10-12,,Enterprise,26,5174,62088,False,False,False,False,monthly,True,0,Company_187,DevTools,DE,2024-06-15,ads,11.0,352.65,6.0,11.0,2.0,5.0,29.0,0
S-c85167,A-7a0d69,2024-09-16,,Basic,15,285,3420,False,False,False,False,monthly,True,0,Company_187,DevTools,DE,2024-06-15,ads,8.0,419.8833333333333,4.0,8.0,2.0,5.0,29.0,0
S-b112eb,A-8bde0c,2024-12-19,,Basic,53,1007,12084,False,False,False,False,monthly,True,0,Company_287,DevTools,US,2024-11-04,organic,9.0,510.1666666666667,4.0,9.0,3.0,4.0,25.666666666666668,0
S-79bf38,A-9779ad,2024-07-29,,Enterprise,40,7960,95520,False,False,False,False,monthly,True,0,Company_171,Cybersecurity,AU,2024-03-29,event,4.0,163.75,4.0,4.0,3.0,5.0,20.666666666666668,0
S-ab152e,A-3793ee,2024-07-22,,Enterprise,49,9751,117012,False,False,True,False,monthly,True,0,Company_332,Cybersecurity,CA,2023-03-21,organic,6.0,268.85,6.0,6.0,4.0,4.0,43.75,0
S-dbde43,A-54d94a,2023-12-17,,Pro,27,1323,15876,False,False,False,False,annual,True,0,Company_385,Cybersecurity,IN,2023-05-01,event,5.0,314.95,3.0,5.0,4.0,3.5,53.75,0
S-2bbf5c,A-a09355,2024-10-17,,Enterprise,14,2786,33432,False,False,False,False,annual,True,0,Company_459,FinTech,US,2024-08-10,organic,7.0,281.06666666666666,1.0,7.0,5.0,4.0,32.6,0
S-dfd629,A-7da956,2024-06-15,,Basic,26,0,0,True,False,False,False,annual,True,0,Company_141,Cybersecurity,US,2024-06-02,event,2.0,71.03333333333333,3.0,2.0,3.0,5.0,32.666666666666664,1
S-233c23,A-39b19f,2024-05-11,,Pro,54,2646,31752,False,True,False,False,monthly,False,0,Company_176,FinTech,US,2023-02-03,partner,6.0,376.68333333333334,2.0,6.0,6.0,4.25,47.833333333333336,0
S-770d98,A-e693b6,2024-11-19,,Enterprise,55,10945,131340,False,False,False,False,annual,True,0,Company_240,FinTech,AU,2023-05-25,event,4.0,269.0833333333333,4.0,4.0,1.0,3.0,1.0,0
S-972512,A-de24d5,2024-12-14,,Pro,54,0,0,True,False,False,False,monthly,True,0,Company_231,DevTools,US,2024-11-05,other,9.0,375.8833333333333,7.0,9.0,7.0,3.0,43.142857142857146,0
S-3965a4,A-8b25f2,2024-10-08,2024-10-18,Basic,47,893,10716,False,False,True,True,annual,True,1,Company_96,Cybersecurity,US,2024-02-17,ads,5.0,212.7,1.0,5.0,2.0,4.0,35.5,0
S-632bba,A-a09355,2024-09-24,,Pro,15,735,8820,False,False,False,False,monthly,True,0,Company_459,FinTech,US,2024-08-10,organic,3.0,190.46666666666667,2.0,3.0,5.0,4.0,32.6,1
S-307e49,A-4c38bc,2024-06-01,,Pro,36,1764,21168,False,False,False,False,monthly,False,0,Company_55,HealthTech,UK,2024-03-09,event,2.0,141.25,4.0,2.0,3.0,3.5,48.333333333333336,1
S-b84175,A-bb2f49,2023-10-26,,Pro,9,441,5292,False,False,False,False,monthly,True,0,Company_356,Cybersecurity,US,2023-05-28,other,3.0,220.85,0.0,3.0,3.0,4.0,22.333333333333332,1
S-83b2ee,A-7c83a1,2024-06-27,2024-12-04,Enterprise,26,5174,62088,False,False,False,True,monthly,True,1,Company_447,Cybersecurity,US,2024-05-06,partner,2.0,90.21666666666667,1.0,2.0,4.0,4.0,42.0,1
S-969aac,A-37f969,2024-05-14,,Enterprise,30,5970,71640,False,False,False,False,monthly,False,0,Company_150,HealthTech,IN,2023-10-14,partner,1.0,26.216666666666665,0.0,1.0,5.0,3.6666666666666665,22.2,1
S-aa5f00,A-241e75,2024-09-29,,Pro,13,637,7644,False,False,True,False,annual,True,0,Company_242,EdTech,US,2024-07-03,partner,8.0,653.0666666666667,2.0,7.0,4.0,4.5,31.5,0
S-f7fa56,A-c16cf7,2024-10-18,,Pro,13,637,7644,False,False,False,False,monthly,True,0,Company_377,EdTech,US,2024-10-16,event,5.0,222.33333333333334,2.0,5.0,3.0,3.5,48.333333333333336,0
S-d50f1d,A-08e34e,2024-07-02,,Basic,29,0,0,True,False,False,False,annual,True,0,Company_32,EdTech,US,2024-06-27,event,8.0,313.95,3.0,8.0,3.0,3.0,43.0,0
S-5b9267,A-410e86,2024-12-17,,Pro,33,0,0,True,False,False,False,annual,True,0,Company_210,FinTech,US,2024-11-10,organic,4.0,368.03333333333336,3.0,4.0,5.0,3.5,42.6,0
S-199697,A-bcf664,2024-11-11,,Enterprise,7,1393,16716,False,False,False,False,annual,True,0,Company_248,DevTools,US,2023-05-19,other,2.0,201.38333333333333,4.0,2.0,5.0,4.0,36.0,1
S-cbe349,A-e89151,2024-02-16,2024-04-23,Enterprise,8,1592,19104,False,True,False,True,annual,False,1,Company_234,FinTech,UK,2023-09-14,organic,6.0,271.81666666666666,0.0,6.0,2.0,5.0,41.5,0
S-2b4a26,A-66224b,2024-11-20,,Basic,92,0,0,True,False,False,False,annual,False,0,Company_87,HealthTech,US,2024-10-18,other,4.0,240.51666666666668,5.0,4.0,6.0,3.5,39.833333333333336,0
S-704195,A-dfbd31,2024-04-29,,Basic,14,266,3192,False,False,False,False,monthly,True,0,Company_190,DevTools,UK,2023-12-04,partner,4.0,152.4,0.0,4.0,6.0,4.25,29.666666666666668,0
S-4dae4c,A-158f4e,2023-12-19,,Pro,61,2989,35868,False,False,False,False,monthly,True,0,Company_180,FinTech,IN,2023-03-03,other,2.0,156.03333333333333,0.0,2.0,5.0,4.333333333333333,27.6,1
S-d425c9,A-e4144b,2024-11-11,,Enterprise,41,8159,97908,False,False,False,False,annual,True,0,Company_316,EdTech,UK,2024-10-22,other,8.0,483.5833333333333,7.0,8.0,3.0,4.0,57.0,0
S-078e94,A-3a7284,2024-11-28,,Enterprise,31,6169,74028,False,False,False,False,monthly,True,0,Company_93,FinTech,US,2024-11-17,organic,6.0,436.46666666666664,2.0,6.0,3.0,3.5,56.333333333333336,0
S-f869a0,A-726cfa,2024-02-29,,Basic,24,456,5472,False,True,False,False,monthly,True,0,Company_82,DevTools,US,2023-07-01,partner,3.0,152.63333333333333,2.0,3.0,3.0,4.0,35.666666666666664,1
S-b57a5e,A-17939a,2024-12-30,,Basic,20,380,4560,False,False,False,False,annual,True,0,Company_162,HealthTech,US,2024-12-26,organic,4.0,143.48333333333332,1.0,4.0,7.0,4.5,38.0,0
S-a66766,A-9f9299,2024-03-09,,Basic,28,532,6384,False,False,False,False,monthly,False,0,Company_133,FinTech,US,2023-09-02,organic,6.0,225.66666666666666,4.0,6.0,5.0,5.0,36.2,0
S-13a013,A-8bde0c,2024-12-19,,Basic,23,437,5244,False,False,False,False,annual,True,0,Company_287,DevTools,US,2024-11-04,organic,6.0,272.9166666666667,9.0,6.0,3.0,4.0,25.666666666666668,0
S-813cdc,A-39b19f,2023-07-04,,Pro,20,980,11760,False,False,False,False,annual,True,0,Company_176,FinTech,US,2023-02-03,partner,8.0,279.3333333333333,3.0,8.0,6.0,4.25,47.833333333333336,0
S-b6e15a,A-67be94,2023-09-17,2024-02-18,Enterprise,37,7363,88356,False,False,False,True,monthly,False,1,Company_276,EdTech,US,2023-04-04,organic,6.0,125.35,3.0,6.0,5.0,4.0,38.6,0
S-db3856,A-ccabf0,2023-11-18,,Pro,21,1029,12348,False,False,False,False,annual,True,0,Company_471,HealthTech,IN,2023-11-06,organic,3.0,304.1666666666667,1.0,3.0,4.0,3.6666666666666665,46.25,1
S-dbc4d5,A-751c58,2024-08-24,,Pro,15,735,8820,False,False,False,False,annual,True,0,Company_393,FinTech,UK,2024-07-18,organic,7.0,500.1,5.0,7.0,5.0,4.333333333333333,39.6,0
S-eabdce,A-9208f0,2023-05-15,,Enterprise,14,2786,33432,False,False,False,False,annual,True,0,Company_79,EdTech,US,2023-05-11,organic,9.0,444.43333333333334,4.0,9.0,8.0,3.3333333333333335,41.25,0
S-19029a,A-712f1c,2024-12-11,,Pro,17,833,9996,False,False,False,False,annual,True,0,Company_331,DevTools,US,2023-12-16,ads,9.0,327.0833333333333,1.0,9.0,6.0,4.0,41.666666666666664,0
S-05be05,A-e7beab,2024-03-16,2024-05-30,Enterprise,5,995,11940,False,False,False,True,annual,True,1,Company_458,EdTech,DE,2023-10-20,organic,5.0,235.11666666666667,1.0,5.0,6.0,4.0,36.666666666666664,0
S-222167,A-c1e51e,2024-12-29,2024-12-31,Basic,41,779,9348,False,False,False,True,annual,True,1,Company_173,FinTech,US,2024-10-02,organic,6.0,431.31666666666666,5.0,6.0,5.0,3.2,40.0,0
S-a68d25,A-31ab9a,2024-03-23,,Basic,15,285,3420,False,False,False,False,monthly,True,0,Company_460,FinTech,DE,2024-03-03,organic,5.0,227.41666666666666,4.0,5.0,7.0,3.5,43.142857142857146,0
S-4305f1,A-afa505,2024-01-08,,Pro,70,3430,41160,False,False,False,False,monthly,True,0,Company_157,DevTools,US,2023-12-27,partner,5.0,272.25,4.0,5.0,4.0,3.0,37.25,0
S-95cc5a,A-9bfc9f,2024-03-14,,Basic,53,1007,12084,False,True,False,False,annual,True,0,Company_228,DevTools,CA,2023-09-14,ads,4.0,234.73333333333332,0.0,4.0,6.0,3.3333333333333335,35.333333333333336,0
S-0b7de7,A-eb7fac,2024-09-03,,Enterprise,16,3184,38208,False,False,False,False,monthly,True,0,Company_28,DevTools,US,2023-10-28,organic,4.0,223.08333333333334,6.0,4.0,4.0,4.0,34.0,0
S-f5888c,A-4e631b,2024-12-10,,Basic,22,418,5016,False,False,False,False,annual,True,0,Company_298,FinTech,US,2024-03-16,other,6.0,217.65,1.0,6.0,2.0,4.0,24.5,0
S-28489e,A-fd7ad3,2024-11-02,,Basic,12,0,0,True,False,False,False,annual,True,0,Company_100,Cybersecurity,US,2024-11-01,event,4.0,251.9,2.0,4.0,8.0,4.166666666666667,48.75,0
S-98dd7d,A-e6afc1,2023-05-24,,Enterprise,51,10149,121788,False,False,False,False,annual,True,0,Company_346,DevTools,US,2023-02-24,ads,3.0,295.8333333333333,0.0,3.0,0.0,,,0
S-b10cfa,A-503d5a,2024-06-28,,Pro,6,294,3528,False,False,False,False,monthly,True,0,Company_99,FinTech,US,2023-10-21,other,4.0,170.4,0.0,4.0,9.0,4.0,36.55555555555556,0
S-3199cf,A-068fc6,2024-07-20,,Pro,35,1715,20580,False,False,False,False,monthly,True,0,Company_465,EdTech,US,2023-07-17,event,8.0,466.1166666666667,5.0,8.0,5.0,4.333333333333333,38.8,0
S-61d573,A-0dbdc6,2024-04-24,,Pro,30,1470,17640,False,False,False,False,annual,True,0,Company_366,Cybersecurity,DE,2023-02-12,other,6.0,290.71666666666664,3.0,6.0,4.0,5.0,47.0,0
S-2dbf26,A-dfbd31,2023-12-10,,Pro,14,0,0,True,False,False,False,annual,True,0,Company_190,DevTools,UK,2023-12-04,partner,7.0,448.56666666666666,2.0,7.0,6.0,4.25,29.666666666666668,0
S-eae773,A-88c6ca,2024-12-03,,Pro,11,539,6468,False,False,False,False,monthly,True,0,Company_179,FinTech,DE,2024-10-25,ads,3.0,163.31666666666666,2.0,3.0,1.0,,56.0,1
S-18b808,A-425e76,2024-08-13,,Enterprise,9,1791,21492,False,False,False,False,annual,True,0,Company_110,DevTools,UK,2023-05-17,other,3.0,120.0,6.0,3.0,5.0,3.3333333333333335,48.2,1
S-d90f0a,A-e19ff6,2024-10-23,,Pro,26,1274,15288,False,False,False,False,monthly,False,0,Company_411,Cybersecurity,UK,2023-07-28,partner,2.0,145.98333333333332,3.0,2.0,3.0,4.666666666666667,30.666666666666668,1
S-82be96,A-7920cc,2024-11-29,,Pro,39,1911,22932,False,False,False,False,annual,True,0,Company_412,Cybersecurity,FR,2023-11-23,ads,1.0,54.6,0.0,1.0,7.0,4.333333333333333,32.857142857142854,1
S-7bd2d7,A-9b9fe9,2024-11-28,,Enterprise,50,9950,119400,False,False,False,False,monthly,True,0,Company_71,EdTech,AU,2023-09-28,other,4.0,211.13333333333333,5.0,4.0,4.0,4.0,33.5,0
S-5f3359,A-9174e0,2024-12-10,,Pro,37,1813,21756,False,False,False,False,annual,True,0,Company_73,Cybersecurity,US,2024-12-04,partner,3.0,296.96666666666664,2.0,3.0,2.0,5.0,39.0,1
S-9d7c19,A-82d8a6,2024-12-31,2024-12-31,Pro,5,245,2940,False,False,False,True,annual,True,1,Company_444,Cybersecurity,UK,2024-11-28,ads,3.0,66.36666666666666,0.0,3.0,5.0,3.5,42.2,1
S-2bc644,A-2d4502,2024-04-30,,Pro,8,392,4704,False,False,False,False,annual,True,0,Company_45,FinTech,IN,2024-04-29,event,5.0,189.31666666666666,3.0,5.0,3.0,5.0,26.333333333333332,0
S-ec8b34,A-de58ca,2023-10-09,,Enterprise,62,12338,148056,False,False,False,False,annual,False,0,Company_212,HealthTech,DE,2023-04-13,organic,3.0,215.0,1.0,3.0,5.0,3.3333333333333335,30.6,1
S-1d2d00,A-a7bd4b,2024-09-18,2024-10-13,Basic,9,171,2052,False,False,False,True,monthly,True,1,Company_363,Cybersecurity,US,2023-02-15,ads,7.0,324.9,5.0,7.0,6.0,3.25,36.833333333333336,0
S-9a44ec,A-bf7919,2024-12-21,2024-12-29,Pro,15,735,8820,False,False,False,True,annual,True,1,Company_426,HealthTech,US,2024-11-27,organic,7.0,388.65,3.0,7.0,2.0,5.0,14.5,0
S-6c109f,A-c42f1f,2024-10-13,,Enterprise,12,2388,28656,False,False,False,False,annual,True,0,Company_21,HealthTech,US,2024-07-28,other,3.0,171.5,1.0,3.0,9.0,4.0,31.333333333333332,1
S-f99f9e,A-dbc825,2024-10-19,2024-12-17,Enterprise,55,10945,131340,False,False,False,True,monthly,True,1,Company_252,EdTech,FR,2024-01-07,partner,2.0,94.08333333333333,0.0,2.0,6.0,4.0,49.5,1
S-9dda85,A-462d45,2024-01-16,2024-05-29,Basic,89,1691,20292,False,False,False,True,annual,False,1,Company_13,Cybersecurity,US,2024-01-15,partner,3.0,66.38333333333334,2.0,3.0,4.0,4.0,26.75,1
S-94009b,A-9f0b68,2024-10-08,,Enterprise,10,1990,23880,False,False,True,False,annual,True,0,Company_489,EdTech,US,2024-04-28,ads,1.0,25.2,0.0,1.0,3.0,3.0,30.333333333333332,1
S-834097,A-9badbd,2024-12-03,,Enterprise,5,995,11940,False,False,False,False,annual,True,0,Company_63,Cybersecurity,DE,2024-06-19,ads,9.0,477.8833333333333,9.0,9.0,5.0,5.0,30.2,0
S-61efc1,A-05d3b3,2023-11-27,,Pro,9,0,0,True,False,False,False,monthly,False,0,Company_213,DevTools,AU,2023-05-28,ads,6.0,324.71666666666664,1.0,6.0,6.0,4.333333333333333,31.5,0
S-d1527e,A-956988,2024-12-07,,Pro,26,1274,15288,False,False,False,False,annual,True,0,Company_14,EdTech,UK,2024-11-30,ads,4.0,157.55,1.0,4.0,2.0,3.0,50.5,0
S-caec41,A-55f257,2024-01-24,,Enterprise,23,4577,54924,False,True,False,False,annual,True,0,Company_496,FinTech,US,2023-12-21,organic,3.0,91.28333333333333,4.0,3.0,6.0,5.0,43.166666666666664,1
S-921dc3,A-a865bd,2024-05-22,,Enterprise,38,7562,90744,False,False,False,False,annual,False,0,Company_297,Cybersecurity,US,2023-09-19,organic,5.0,236.63333333333333,3.0,5.0,2.0,3.0,31.5,0
S-038f6f,A-82d8a6,2024-12-14,2024-12-29,Enterprise,10,0,0,True,True,False,True,monthly,True,1,Company_444,Cybersecurity,UK,2024-11-28,ads,1.0,19.616666666666667,0.0,1.0,5.0,3.5,42.2,1
S-93dc0e,A-8e47ca,2024-11-03,2024-12-09,Enterprise,25,4975,59700,False,False,False,True,monthly,True,1,Company_191,HealthTech,US,2024-02-15,organic,5.0,337.23333333333335,3.0,5.0,5.0,4.0,33.4,0
S-10702d,A-59f724,2024-03-14,,Basic,3,0,0,True,False,False,False,monthly,True,0,Company_432,HealthTech,US,2023-11-03,other,3.0,62.05,4.0,3.0,4.0,4.25,19.25,1
S-737a28,A-a1bbb6,2024-02-26,,Pro,8,392,4704,False,False,False,False,monthly,True,0,Company_74,DevTools,CA,2023-04-05,organic,7.0,258.9166666666667,3.0,7.0,3.0,4.0,17.666666666666668,0
S-e77b1e,A-296d7c,2024-01-30,,Basic,6,114,1368,False,False,False,False,annual,True,0,Company_182,DevTools,DE,2023-11-08,other,6.0,373.55,4.0,6.0,5.0,3.75,50.4,0
S-d841e4,A-a1b80b,2024-06-28,,Enterprise,16,3184,38208,False,True,False,False,annual,True,0,Company_184,HealthTech,US,2023-11-27,organic,5.0,216.31666666666666,3.0,5.0,4.0,4.0,41.0,0
S-c6dc67,A-9f2731,2024-11-10,,Pro,33,1617,19404,False,False,False,False,monthly,True,0,Company_24,FinTech,IN,2024-10-04,event,2.0,90.06666666666666,0.0,2.0,0.0,,,0
S-aaf1d0,A-fd9422,2024-07-12,,Enterprise,58,0,0,True,False,False,False,monthly,False,0,Company_263,Cybersecurity,US,2024-04-04,organic,5.0,167.7,0.0,5.0,6.0,3.5,44.333333333333336,0
S-e77144,A-49b828,2023-08-09,,Enterprise,25,4975,59700,False,True,False,False,monthly,True,0,Company_391,FinTech,IN,2023-05-05,ads,3.0,153.18333333333334,2.0,3.0,3.0,3.5,13.666666666666666,1
S-9b8504,A-c37cab,2024-10-19,,Pro,13,637,7644,False,False,True,False,annual,True,0,Company_278,Cybersecurity,UK,2024-07-29,event,10.0,581.9,6.0,10.0,4.0,3.75,33.0,0
S-504683,A-bbc346,2024-11-24,,Enterprise,19,3781,45372,False,False,False,False,annual,True,0,Company_138,FinTech,US,2024-08-29,partner,5.0,346.8,5.0,5.0,3.0,4.5,45.333333333333336,0
S-f3138f,A-3b5cd1,2024-06-11,,Enterprise,55,0,0,True,True,False,False,annual,True,0,Company_49,FinTech,US,2023-09-12,event,7.0,496.21666666666664,3.0,7.0,5.0,4.0,27.4,0
S-73688c,A-d535f6,2024-09-21,,Basic,12,0,0,True,False,False,False,monthly,True,0,Company_421,DevTools,US,2024-09-03,organic,9.0,433.03333333333336,6.0,8.0,0.0,,,0
S-6e5a3d,A-bb1486,2024-11-23,,Pro,41,2009,24108,False,False,False,False,annual,True,0,Company_265,HealthTech,US,2024-11-05,organic,5.0,298.56666666666666,2.0,5.0,3.0,3.0,11.0,0
S-af6f53,A-410e86,2024-12-01,,Basic,24,456,5472,False,False,False,False,monthly,False,0,Company_210,FinTech,US,2024-11-10,organic,6.0,422.55,4.0,6.0,5.0,3.5,42.6,0
S-134753,A-e83938,2024-02-08,,Enterprise,16,3184,38208,False,True,False,False,monthly,True,0,Company_111,DevTools,UK,2023-11-21,other,5.0,145.3,3.0,5.0,4.0,3.0,31.0,0
S-3503b4,A-58b9ff,2024-07-18,,Enterprise,2,398,4776,False,False,False,False,monthly,True,0,Company_425,DevTools,IN,2024-05-31,partner,7.0,313.6166666666667,3.0,7.0,2.0,4.0,66.0,0
S-81e9f1,A-05d3b3,2024-09-10,,Basic,9,171,2052,False,False,False,False,monthly,True,0,Company_213,DevTools,AU,2023-05-28,ads,3.0,178.03333333333333,2.0,3.0,6.0,4.333333333333333,31.5,1
S-31e347,A-cb6cc6,2023-08-15,,Basic,14,266,3192,False,True,False,False,annual,False,0,Company_419,DevTools,US,2023-04-03,ads,6.0,376.1666666666667,2.0,5.0,3.0,3.5,16.333333333333332,0
S-102ebf,A-e60f9d,2024-11-13,,Enterprise,29,5771,69252,False,False,False,False,annual,False,0,Company_178,FinTech,US,2024-08-26,other,3.0,70.1,0.0,3.0,2.0,,70.5,1
S-a06b03,A-9b9fe9,2024-11-19,,Pro,68,3332,39984,False,False,False,False,annual,True,0,Company_71,EdTech,AU,2023-09-28,other,4.0,462.8,2.0,4.0,4.0,4.0,33.5,0
S-c14b9d,A-91e948,2023-12-06,,Basic,41,779,9348,False,False,False,False,monthly,True,0,Company_88,EdTech,AU,2023-01-29,partner,8.0,309.01666666666665,4.0,8.0,0.0,,,0
S-a5cf6d,A-e51ec7,2023-11-27,,Enterprise,25,4975,59700,False,False,True,False,monthly,True,0,Company_113,FinTech,CA,2023-09-23,partner,5.0,442.03333333333336,6.0,5.0,3.0,5.0,37.0,0
S-6d96c9,A-a33200,2024-10-14,,Pro,29,1421,17052,False,False,False,False,monthly,True,0,Company_352,HealthTech,US,2024-09-15,partner,5.0,233.86666666666667,2.0,5.0,3.0,4.5,36.333333333333336,0
S-d81959,A-039727,2024-11-10,,Basic,25,475,5700,False,False,False,False,annual,True,0,Company_107,EdTech,AU,2024-11-02,organic,5.0,269.75,1.0,5.0,0.0,,,0
S-c77f0c,A-034368,2024-11-29,,Basic,29,551,6612,False,False,False,False,monthly,False,0,Company_353,EdTech,US,2023-11-05,event,4.0,196.06666666666666,5.0,4.0,5.0,4.0,41.2,0
S-6eb56d,A-10b8da,2024-09-14,,Pro,34,1666,19992,False,False,False,False,monthly,True,0,Company_9,DevTools,US,2023-05-08,partner,5.0,239.05,1.0,5.0,3.0,3.5,31.333333333333332,0
S-b1dce0,A-fd7ad3,2024-11-07,,Basic,12,228,2736,False,False,False,False,monthly,True,0,Company_100,Cybersecurity,US,2024-11-01,event,3.0,100.51666666666667,1.0,3.0,8.0,4.166666666666667,48.75,1
S-a07c46,A-e693b6,2023-09-23,2023-10-15,Pro,55,2695,32340,False,True,False,True,monthly,True,1,Company_240,FinTech,AU,2023-05-25,event,3.0,115.13333333333334,2.0,3.0,1.0,3.0,1.0,1
S-df91b0,A-ba6516,2024-10-04,,Basic,27,513,6156,False,False,True,False,monthly,False,0,Company_154,FinTech,US,2023-10-29,ads,5.0,418.05,1.0,5.0,6.0,4.0,31.5,0
S-f16bb2,A-0f6450,2024-12-27,,Enterprise,28,0,0,True,False,False,False,monthly,True,0,Company_400,FinTech,US,2024-12-27,other,5.0,255.66666666666666,3.0,5.0,8.0,3.8333333333333335,29.75,0
S-94cf13,A-8adedc,2024-05-23,,Basic,5,95,1140,False,False,False,False,annual,True,0,Company_300,EdTech,US,2024-02-11,event,5.0,250.26666666666668,1.0,5.0,4.0,4.0,49.25,0
S-f9df40,A-956988,2024-12-05,,Basic,70,1330,15960,False,False,False,False,annual,True,0,Company_14,EdTech,UK,2024-11-30,ads,3.0,70.66666666666667,5.0,3.0,2.0,3.0,50.5,1
S-f366b3,A-ac85cd,2024-12-26,,Pro,85,4165,49980,False,False,False,False,annual,True,0,Company_485,EdTech,US,2024-07-31,partner,5.0,172.26666666666668,0.0,5.0,3.0,3.5,33.666666666666664,0
S-c38acd,A-726cfa,2024-11-24,,Enterprise,31,6169,74028,False,False,False,False,monthly,True,0,Company_82,DevTools,US,2023-07-01,partner,5.0,275.95,7.0,5.0,3.0,4.0,35.666666666666664,0
S-0d93fe,A-993085,2023-08-09,,Basic,31,589,7068,False,False,False,False,monthly,True,0,Company_258,HealthTech,US,2023-06-01,ads,7.0,249.45,6.0,7.0,4.0,3.5,46.5,0
S-8d8dd0,A-902ef7,2024-09-30,,Enterprise,83,16517,198204,False,True,False,False,monthly,True,0,Company_270,HealthTech,US,2024-09-03,other,3.0,233.33333333333334,2.0,3.0,2.0,4.0,48.5,1
S-9395a2,A-0e966d,2024-09-05,,Basic,11,209,2508,False,False,False,False,monthly,True,0,Company_493,FinTech,IN,2024-06-25,ads,7.0,312.1,3.0,7.0,3.0,4.5,31.666666666666668,0
S-b1c57d,A-712533,2023-11-09,,Basic,18,342,4104,False,False,False,False,annual,True,0,Company_498,EdTech,US,2023-07-31,organic,3.0,103.93333333333334,6.0,3.0,5.0,3.75,37.4,1
S-f039f9,A-7a0d69,2024-12-10,,Enterprise,16,3184,38208,False,False,False,False,monthly,True,0,Company_187,DevTools,DE,2024-06-15,ads,5.0,244.51666666666668,5.0,5.0,2.0,5.0,29.0,0
S-76b43f,A-b48f73,2024-12-26,,Basic,80,1520,18240,False,False,False,False,monthly,True,0,Company_225,EdTech,AU,2024-11-13,event,4.0,188.95,2.0,4.0,3.0,4.0,28.666666666666668,0
S-27552b,A-1d5444,2024-07-17,,Pro,24,1176,14112,False,False,False,False,annual,True,0,Company_427,Cybersecurity,US,2024-01-18,partner,4.0,236.36666666666667,0.0,4.0,2.0,4.0,30.0,0
S-5bf2e5,A-484819,2024-07-31,,Basic,22,418,5016,False,False,False,False,annual,True,0,Company_109,HealthTech,US,2023-02-21,organic,6.0,315.4166666666667,2.0,6.0,5.0,4.5,33.2,0
S-0c56e1,A-6f8ad2,2024-09-27,,Basic,29,551,6612,False,False,False,False,annual,False,0,Company_57,EdTech,IN,2024-07-09,organic,7.0,299.01666666666665,5.0,7.0,4.0,4.333333333333333,35.25,0
S-47985c,A-1b707d,2024-12-27,,Basic,2,0,0,True,False,False,False,annual,False,0,Company_56,Cybersecurity,US,2023-07-14,organic,2.0,119.23333333333333,0.0,2.0,3.0,,42.666666666666664,1
S-43b137,A-756192,2024-06-14,,Enterprise,39,7761,93132,False,False,False,False,annual,True,0,Company_390,FinTech,IN,2023-06-11,other,2.0,128.21666666666667,0.0,2.0,3.0,4.0,37.333333333333336,1
S-8d2824,A-417d2f,2023-08-14,,Basic,37,703,8436,False,False,False,False,annual,False,0,Company_285,Cybersecurity,IN,2023-07-04,partner,6.0,314.05,4.0,6.0,6.0,4.333333333333333,43.5,0
S-2186ea,A-dbc825,2024-03-06,,Pro,19,931,11172,False,False,False,False,annual,True,0,Company_252,EdTech,FR,2024-01-07,partner,3.0,191.51666666666668,2.0,3.0,6.0,4.0,49.5,1
S-2f8d64,A-ab438f,2024-11-28,,Enterprise,13,2587,31044,False,False,False,False,annual,False,0,Company_233,Cybersecurity,US,2024-09-13,ads,4.0,154.51666666666668,0.0,4.0,2.0,3.5,33.5,0
S-7501c9,A-94c3cd,2024-11-23,,Pro,32,0,0,True,False,False,False,monthly,True,0,Company_351,FinTech,CA,2023-09-20,other,6.0,269.1666666666667,4.0,6.0,4.0,3.5,44.75,0
S-718bf5,A-5a3eb9,2024-03-15,,Pro,18,882,10584,False,False,False,False,annual,True,0,Company_283,DevTools,CA,2023-08-20,other,5.0,82.68333333333334,2.0,5.0,3.0,,24.0,0
S-96e431,A-8b25f2,2024-03-23,,Pro,6,294,3528,False,False,False,False,annual,True,0,Company_96,Cybersecurity,US,2024-02-17,ads,3.0,129.31666666666666,0.0,3.0,2.0,4.0,35.5,1
S-084f4a,A-faa28c,2024-02-05,2024-10-13,Enterprise,48,9552,114624,False,False,False,True,monthly,False,1,Company_91,HealthTech,US,2024-01-30,organic,8.0,203.28333333333333,4.0,8.0,4.0,4.666666666666667,52.25,0
S-fc8f09,A-68f37c,2024-10-05,,Enterprise,4,796,9552,False,True,False,False,monthly,True,0,Company_202,HealthTech,US,2023-07-15,ads,6.0,247.66666666666666,4.0,6.0,5.0,4.0,20.2,0
S-5abbac,A-94d3da,2023-09-26,,Pro,41,0,0,True,False,False,False,annual,True,0,Company_61,HealthTech,US,2023-05-03,other,3.0,127.63333333333334,3.0,3.0,6.0,3.5,26.833333333333332,1
S-5aff5f,A-d82ef9,2024-11-30,,Basic,26,494,5928,False,False,False,False,monthly,True,0,Company_355,EdTech,UK,2024-07-02,other,3.0,61.2,9.0,3.0,5.0,4.25,39.8,1
S-43cd30,A-8145a0,2024-05-01,,Basic,37,0,0,True,True,False,False,annual,False,0,Company_33,Cybersecurity,AU,2023-04-25,partner,7.0,414.0833333333333,2.0,7.0,6.0,4.0,23.666666666666668,0
S-339fce,A-e888d1,2024-11-26,,Pro,14,686,8232,False,False,False,False,monthly,True,0,Company_102,Cybersecurity,US,2023-03-28,other,0.0,0.0,0.0,0.0,5.0,4.0,43.0,1
S-9dcfb5,A-7d514c,2024-09-07,,Enterprise,17,3383,40596,False,False,False,False,annual,True,0,Company_119,HealthTech,DE,2024-02-03,organic,4.0,271.0,6.0,4.0,3.0,5.0,33.333333333333336,0
S-2fd650,A-019782,2024-12-04,,Enterprise,15,0,0,True,False,False,False,annual,False,0,Company_142,DevTools,FR,2023-04-19,event,6.0,215.01666666666668,2.0,6.0,2.0,3.0,10.0,0
S-50a388,A-089363,2024-06-18,,Pro,34,0,0,True,True,False,False,annual,True,0,Company_387,FinTech,AU,2023-05-06,event,2.0,91.28333333333333,3.0,2.0,3.0,3.6666666666666665,35.0,1
S-1fd72a,A-09316c,2024-11-27,,Pro,70,3430,41160,False,False,False,False,annual,True,0,Company_341,FinTech,AU,2024-09-11,organic,5.0,202.68333333333334,5.0,5.0,4.0,3.75,54.75,0
S-40cbc0,A-474ad4,2024-04-18,,Basic,8,152,1824,False,False,False,False,annual,True,0,Company_261,EdTech,US,2023-11-28,organic,7.0,393.6666666666667,7.0,7.0,3.0,5.0,33.0,0
S-0b831e,A-4c38bc,2024-05-10,,Pro,36,1764,21168,False,False,False,False,annual,True,0,Company_55,HealthTech,UK,2024-03-09,event,4.0,150.61666666666667,0.0,4.0,3.0,3.5,48.333333333333336,0
S-b5035b,A-7c4956,2023-12-28,,Enterprise,5,995,11940,False,False,False,False,monthly,True,0,Company_254,DevTools,US,2023-05-06,ads,7.0,230.08333333333334,7.0,7.0,3.0,4.0,13.666666666666666,0
S-1ac1b4,A-ac14bb,2023-10-28,,Enterprise,21,4179,50148,False,False,False,False,monthly,True,0,Company_15,FinTech,US,2023-09-08,partner,6.0,289.81666666666666,4.0,6.0,2.0,4.0,24.5,0
S-86e226,A-58b9ff,2024-06-17,,Pro,25,0,0,True,False,False,False,monthly,False,0,Company_425,DevTools,IN,2024-05-31,partner,1.0,1.0,0.0,1.0,2.0,4.0,66.0,1
S-e60ba0,A-d26ab4,2024-11-18,,Pro,62,0,0,True,False,False,False,annual,False,0,Company_497,DevTools,UK,2024-11-07,organic,5.0,310.3666666666667,1.0,5.0,2.0,4.0,49.5,0
S-377ced,A-432483,2023-12-13,,Enterprise,60,11940,143280,False,False,False,False,monthly,False,0,Company_78,Cybersecurity,US,2023-02-06,ads,7.0,232.2,4.0,7.0,1.0,,51.0,0
S-72cf21,A-855a48,2024-01-30,,Enterprise,40,7960,95520,False,False,True,False,annual,False,0,Company_389,EdTech,US,2023-12-22,partner,3.0,266.15,3.0,3.0,5.0,3.6666666666666665,39.6,1
S-d114e2,A-016043,2024-11-27,,Basic,11,209,2508,False,False,False,False,annual,False,0,Company_405,EdTech,CA,2024-07-31,organic,5.0,149.55,1.0,5.0,3.0,4.0,30.333333333333332,0
S-5521a1,A-b7b7b7,2024-11-04,,Pro,45,2205,26460,False,False,False,False,annual,True,0,Company_338,FinTech,US,2024-06-30,event,5.0,218.55,0.0,5.0,3.0,5.0,17.0,0
S-206227,A-4e960a,2024-07-10,,Enterprise,12,2388,28656,False,False,True,False,monthly,True,0,Company_277,FinTech,US,2024-01-17,other,7.0,563.5833333333334,4.0,7.0,6.0,4.0,29.166666666666668,0
S-eac553,A-ac9111,2024-09-06,,Basic,28,532,6384,False,False,False,False,annual,True,0,Company_487,HealthTech,US,2023-08-12,event,4.0,91.26666666666667,3.0,4.0,3.0,5.0,24.666666666666668,0
S-26191b,A-cbbe12,2023-07-21,2024-10-23,Pro,40,0,0,True,False,False,True,annual,True,1,Company_450,Cybersecurity,DE,2023-03-22,partner,6.0,272.95,1.0,6.0,6.0,4.25,38.0,0
S-8c8315,A-34ea2f,2024-11-19,,Pro,8,0,0,True,True,False,False,annual,True,0,Company_436,HealthTech,US,2024-08-15,organic,5.0,266.3666666666667,0.0,5.0,8.0,3.8,35.25,0
S-7af0d5,A-c4ea60,2023-04-11,,Basic,48,912,10944,False,False,True,False,annual,False,0,Company_18,FinTech,DE,2023-03-09,other,4.0,203.46666666666667,4.0,4.0,5.0,3.6,36.0,0
S-b45a45,A-bcbe98,2024-09-09,,Pro,46,2254,27048,False,False,False,False,annual,True,0,Company_452,Cybersecurity,US,2024-07-29,other,7.0,268.28333333333336,10.0,7.0,7.0,4.0,38.285714285714285,0
S-639d60,A-84ebe4,2024-01-25,,Enterprise,18,0,0,True,False,False,False,annual,True,0,Company_68,FinTech,US,2023-03-12,ads,7.0,481.25,6.0,7.0,4.0,4.0,29.5,0
S-aaeb34,A-90a8c8,2024-09-21,,Enterprise,28,5572,66864,False,True,False,False,annual,False,0,Company_249,FinTech,AU,2024-08-24,organic,7.0,389.78333333333336,2.0,7.0,4.0,3.25,45.0,0
S-bef342,A-4814a3,2024-11-26,,Enterprise,87,17313,207756,False,False,False,False,annual,True,0,Company_337,Cybersecurity,IN,2024-09-17,event,5.0,230.63333333333333,0.0,5.0,4.0,4.0,18.75,0
S-162d54,A-922109,2024-11-08,,Basic,11,209,2508,False,False,False,False,monthly,True,0,Company_243,Cybersecurity,US,2024-01-26,ads,5.0,227.98333333333332,3.0,5.0,3.0,3.0,25.333333333333332,0
S-cf44af,A-3be56b,2024-03-08,,Pro,17,833,9996,False,False,False,False,annual,True,0,Company_200,HealthTech,IN,2023-10-26,event,5.0,202.66666666666666,1.0,5.0,4.0,3.5,40.25,0
S-2c3d7d,A-c62e55,2024-12-31,,Pro,14,686,8232,False,False,False,False,annual,True,0,Company_315,EdTech,US,2023-02-08,partner,3.0,104.75,2.0,3.0,4.0,4.0,27.5,1
S-92795b,A-e36807,2024-06-01,,Basic,81,1539,18468,False,False,False,False,monthly,False,0,Company_164,EdTech,AU,2024-05-17,other,5.0,256.1,3.0,5.0,2.0,4.5,41.0,0
S-9cb1f7,A-118d55,2024-12-07,,Pro,17,833,9996,False,False,True,False,monthly,True,0,Company_65,Cybersecurity,US,2024-10-22,organic,3.0,157.26666666666668,2.0,3.0,5.0,4.333333333333333,24.2,1
S-ee994a,A-49b828,2024-04-18,,Pro,25,1225,14700,False,False,False,False,monthly,True,0,Company_391,FinTech,IN,2023-05-05,ads,3.0,127.68333333333334,0.0,3.0,3.0,3.5,13.666666666666666,1
S-97df3f,A-9123ac,2024-06-07,,Pro,9,441,5292,False,False,False,False,annual,True,0,Company_219,Cybersecurity,DE,2023-06-20,organic,10.0,468.45,6.0,10.0,6.0,4.2,38.833333333333336,0
S-c2b710,A-88c6ca,2024-11-01,,Enterprise,5,995,11940,False,False,False,False,monthly,True,0,Company_179,FinTech,DE,2024-10-25,ads,8.0,402.53333333333336,9.0,8.0,1.0,,56.0,0
S-e768f5,A-1ac5e0,2024-11-19,,Enterprise,33,6567,78804,False,False,False,False,annual,True,0,Company_126,DevTools,US,2024-10-20,event,7.0,345.95,2.0,6.0,7.0,3.8,40.42857142857143,0
S-6aa20b,A-a6d261,2024-01-11,,Enterprise,9,0,0,True,False,False,False,monthly,True,0,Company_303,FinTech,CA,2023-11-29,other,5.0,263.75,4.0,5.0,4.0,4.666666666666667,40.0,0
S-feea3a,A-82d8a6,2024-12-17,2024-12-22,Basic,5,95,1140,False,False,True,True,monthly,True,1,Company_444,Cybersecurity,UK,2024-11-28,ads,2.0,83.55,3.0,2.0,5.0,3.5,42.2,1
S-f86bcf,A-592832,2024-12-02,2024-12-03,Pro,44,2156,25872,False,False,False,True,annual,False,1,Company_10,Cybersecurity,US,2024-09-25,organic,4.0,195.65,2.0,4.0,3.0,5.0,32.666666666666664,0
S-6608d9,A-c9bb3e,2024-10-26,,Enterprise,18,3582,42984,False,False,False,False,annual,True,0,Company_336,EdTech,US,2024-03-24,ads,4.0,224.0,2.0,4.0,7.0,4.2,27.714285714285715,0
S-f5efe4,A-313be3,2023-11-25,,Enterprise,47,0,0,True,False,False,False,annual,True,0,Company_136,EdTech,US,2023-11-15,partner,6.0,370.31666666666666,6.0,6.0,4.0,5.0,22.5,0
S-32b223,A-2edab2,2023-11-28,,Pro,17,833,9996,False,False,False,False,annual,True,0,Company_301,HealthTech,US,2023-11-17,event,3.0,321.0,2.0,3.0,4.0,3.0,30.0,1
S-155e15,A-b07b56,2024-12-02,,Pro,30,1470,17640,False,False,False,False,monthly,True,0,Company_292,DevTools,US,2024-11-08,event,4.0,192.3,3.0,4.0,4.0,3.0,31.25,0
S-a6010b,A-5a92e7,2024-10-14,,Basic,6,0,0,True,False,False,False,monthly,True,0,Company_413,HealthTech,US,2024-06-11,ads,4.0,380.23333333333335,3.0,4.0,7.0,4.4,45.0,0
S-e60306,A-f45426,2024-12-10,,Enterprise,46,9154,109848,False,False,False,False,annual,True,0,Company_172,HealthTech,US,2024-08-05,organic,5.0,322.31666666666666,7.0,5.0,3.0,4.0,17.0,0
S-6bde88,A-157070,2024-09-18,,Pro,49,0,0,True,False,False,False,annual,True,0,Company_85,FinTech,US,2023-11-09,ads,3.0,213.83333333333334,3.0,3.0,3.0,3.0,42.333333333333336,1
S-6ca5ab,A-55f257,2024-07-31,,Basic,14,0,0,True,False,False,False,annual,True,0,Company_496,FinTech,US,2023-12-21,organic,5.0,180.75,3.0,5.0,6.0,5.0,43.166666666666664,0
S-eafea7,A-cbd1a3,2024-11-29,,Enterprise,28,5572,66864,False,False,False,False,monthly,True,0,Company_325,DevTools,US,2024-11-25,other,6.0,300.21666666666664,6.0,6.0,4.0,4.0,34.5,0
S-55db9e,A-8ae05d,2024-08-19,,Basic,86,1634,19608,False,False,False,False,annual,False,0,Company_147,FinTech,IN,2024-04-06,other,3.0,190.13333333333333,5.0,3.0,1.0,4.0,47.0,1
S-be079b,A-6da850,2024-04-29,,Basic,5,0,0,True,False,True,False,monthly,False,0,Company_293,FinTech,IN,2023-10-07,organic,7.0,291.98333333333335,7.0,7.0,5.0,4.0,49.0,0
S-bd5207,A-7cfe77,2024-12-05,,Basic,69,1311,15732,False,False,False,False,annual,True,0,Company_367,DevTools,US,2024-07-10,ads,4.0,242.06666666666666,2.0,4.0,7.0,3.5,30.714285714285715,0
S-f74bdd,A-c16101,2024-09-14,,Enterprise,14,2786,33432,False,False,False,False,annual,True,0,Company_139,EdTech,IN,2024-09-06,other,3.0,308.81666666666666,0.0,3.0,4.0,5.0,28.0,1
S-b3071c,A-cab532,2023-11-03,2024-12-14,Pro,31,1519,18228,False,False,False,True,monthly,True,1,Company_218,DevTools,FR,2023-04-03,organic,1.0,26.216666666666665,0.0,1.0,1.0,4.0,32.0,1
S-ed1026,A-9a532a,2024-09-21,,Enterprise,11,2189,26268,False,False,False,False,annual,True,0,Company_333,HealthTech,US,2024-07-06,partner,2.0,174.28333333333333,0.0,2.0,2.0,,57.5,1
S-8cfa7f,A-d922bf,2024-08-12,,Enterprise,15,0,0,True,False,False,False,annual,True,0,Company_221,HealthTech,US,2023-09-08,ads,6.0,232.01666666666668,2.0,6.0,7.0,3.3333333333333335,39.142857142857146,0
S-2dbf11,A-e888d1,2024-05-25,,Pro,14,686,8232,False,False,False,False,annual,True,0,Company_102,Cybersecurity,US,2023-03-28,other,5.0,280.96666666666664,5.0,5.0,5.0,4.0,43.0,0
S-4311fb,A-2b9d3e,2024-11-12,,Pro,14,686,8232,False,False,False,False,monthly,True,0,Company_319,EdTech,US,2023-06-04,partner,8.0,431.5833333333333,7.0,8.0,3.0,5.0,34.666666666666664,0
S-5d729e,A-4a267b,2024-05-09,,Enterprise,29,5771,69252,False,False,False,False,monthly,True,0,Company_451,FinTech,US,2024-05-05,other,5.0,316.95,2.0,5.0,4.0,4.333333333333333,16.25,0
S-50e517,A-e7a1e2,2024-10-28,,Basic,12,228,2736,False,False,False,False,annual,True,0,Company_295,Cybersecurity,US,2024-06-23,event,8.0,482.43333333333334,6.0,8.0,1.0,4.0,45.0,0
S-814624,A-671f31,2024-12-28,,Enterprise,82,0,0,True,False,True,False,annual,True,0,Company_137,DevTools,US,2024-11-24,ads,4.0,201.13333333333333,6.0,4.0,7.0,4.2,33.0,0
S-f2d47e,A-6dee43,2024-05-27,,Enterprise,54,0,0,True,False,False,False,monthly,True,0,Company_478,FinTech,UK,2023-08-12,other,7.0,345.21666666666664,0.0,7.0,5.0,4.333333333333333,44.2,0
S-a405f7,A-0b0d6d,2024-12-30,,Pro,22,1078,12936,False,False,False,False,annual,True,0,Company_267,DevTools,US,2024-12-30,organic,3.0,129.76666666666668,1.0,3.0,5.0,4.0,31.4,1
S-0c46bb,A-c45b23,2024-04-09,,Basic,12,228,2736,False,False,False,False,annual,True,0,Company_75,FinTech,UK,2023-12-08,partner,6.0,327.25,9.0,6.0,3.0,3.0,36.666666666666664,0
S-8b486a,A-59f724,2024-06-12,,Pro,77,0,0,True,False,False,False,annual,False,0,Company_432,HealthTech,US,2023-11-03,other,3.0,177.01666666666668,0.0,3.0,4.0,4.25,19.25,1
S-ddb09e,A-cc1d8d,2024-12-10,,Enterprise,8,1592,19104,False,False,False,False,monthly,False,0,Company_440,FinTech,US,2024-12-08,other,4.0,214.58333333333334,8.0,4.0,5.0,4.5,30.2,0
S-561e21,A-87aa7b,2024-08-29,,Pro,24,0,0,True,True,False,False,annual,True,0,Company_433,HealthTech,US,2024-05-16,organic,1.0,40.666666666666664,0.0,1.0,3.0,,27.333333333333332,1
S-8b1c37,A-acb7f7,2024-03-28,,Pro,32,0,0,True,False,False,False,monthly,False,0,Company_330,EdTech,US,2024-01-06,ads,6.0,222.91666666666666,5.0,6.0,3.0,3.5,41.0,0
S-fc6cb4,A-34d880,2024-08-11,2024-09-18,Basic,41,779,9348,False,False,False,True,monthly,False,1,Company_207,Cybersecurity,AU,2024-04-11,ads,2.0,146.91666666666666,0.0,2.0,5.0,3.0,52.2,1
S-13dfe7,A-956988,2024-12-15,,Pro,2,98,1176,False,False,False,False,annual,True,0,Company_14,EdTech,UK,2024-11-30,ads,4.0,162.16666666666666,2.0,4.0,2.0,3.0,50.5,0
S-14d060,A-bcf664,2024-12-12,,Pro,47,2303,27636,False,False,False,False,annual,True,0,Company_248,DevTools,US,2023-05-19,other,4.0,86.36666666666666,1.0,4.0,5.0,4.0,36.0,0
S-43f9f8,A-712f1c,2024-01-03,,Basic,24,456,5472,False,False,False,False,monthly,True,0,Company_331,DevTools,US,2023-12-16,ads,3.0,59.28333333333333,1.0,3.0,6.0,4.0,41.666666666666664,1
S-8c41e8,A-c16101,2024-09-23,,Basic,16,304,3648,False,True,False,False,annual,True,0,Company_139,EdTech,IN,2024-09-06,other,8.0,484.8666666666667,6.0,8.0,4.0,5.0,28.0,0
S-0a9660,A-c7e58b,2024-04-04,,Enterprise,10,1990,23880,False,False,False,False,monthly,True,0,Company_404,HealthTech,IN,2023-06-25,other,4.0,238.7,2.0,4.0,5.0,3.5,30.6,0
S-9c85b0,A-78f02b,2024-11-19,,Enterprise,11,2189,26268,False,False,False,False,annual,True,0,Company_329,HealthTech,US,2024-11-17,event,4.0,169.53333333333333,1.0,4.0,4.0,4.0,45.75,0
S-f09b6c,A-0f6450,2024-12-27,,Basic,28,532,6384,False,False,False,False,monthly,True,0,Company_400,FinTech,US,2024-12-27,other,5.0,197.68333333333334,4.0,5.0,8.0,3.8333333333333335,29.75,0
S-a1e688,A-2f6a32,2024-11-10,,Basic,47,893,10716,False,False,False,False,annual,True,0,Company_160,HealthTech,US,2024-08-26,organic,2.0,93.35,2.0,2.0,2.0,3.5,41.0,1
S-0b62cc,A-a09355,2024-11-11,,Enterprise,17,3383,40596,False,False,False,False,monthly,True,0,Company_459,FinTech,US,2024-08-10,organic,2.0,101.96666666666667,5.0,2.0,5.0,4.0,32.6,1
S-e41941,A-aa9511,2024-12-12,,Enterprise,30,5970,71640,False,False,False,False,monthly,False,0,Company_203,DevTools,US,2023-10-10,other,5.0,101.46666666666667,1.0,5.0,2.0,4.0,56.5,0
S-b7deea,A-65aeb5,2024-03-22,2024-12-03,Enterprise,63,12537,150444,False,False,False,True,monthly,True,1,Company_120,DevTools,US,2024-01-25,partner,2.0,142.51666666666668,0.0,2.0,2.0,5.0,42.5,1
S-b81c97,A-0b0d6d,2024-12-31,,Pro,18,882,10584,False,False,False,False,monthly,True,0,Company_267,DevTools,US,2024-12-30,organic,6.0,367.3666666666667,2.0,6.0,5.0,4.0,31.4,0
S-462547,A-e2cd1b,2024-12-07,,Basic,119,2261,27132,False,False,False,False,annual,True,0,Company_121,DevTools,US,2024-02-04,other,7.0,403.28333333333336,4.0,7.0,5.0,4.0,37.8,0
S-38ac0c,A-794a0b,2024-07-05,,Enterprise,31,6169,74028,False,False,False,False,monthly,True,0,Company_168,HealthTech,DE,2023-06-02,organic,6.0,224.13333333333333,3.0,6.0,0.0,,,0
S-4704e5,A-6dee43,2024-03-15,,Basic,3,57,684,False,False,False,False,monthly,True,0,Company_478,FinTech,UK,2023-08-12,other,6.0,277.71666666666664,0.0,6.0,5.0,4.333333333333333,44.2,0
S-8b349c,A-32728c,2023-07-01,2024-04-07,Basic,20,380,4560,False,False,False,True,annual,True,1,Company_54,DevTools,US,2023-01-03,event,5.0,224.93333333333334,3.0,5.0,2.0,3.5,34.5,0
S-33472f,A-f03140,2024-03-31,,Enterprise,27,5373,64476,False,False,False,False,monthly,True,0,Company_209,DevTools,IN,2023-11-22,event,4.0,132.21666666666667,0.0,4.0,7.0,3.6666666666666665,36.0,0
S-70c369,A-4bfa33,2024-12-24,,Pro,72,3528,42336,False,False,False,False,monthly,True,0,Company_251,Cybersecurity,US,2024-12-07,event,3.0,71.71666666666667,5.0,3.0,4.0,3.6666666666666665,16.5,1
S-2a6e4a,A-17939a,2024-12-30,,Pro,31,1519,18228,False,False,False,False,annual,False,0,Company_162,HealthTech,US,2024-12-26,organic,5.0,260.78333333333336,4.0,5.0,7.0,4.5,38.0,0
S-091a8d,A-098560,2024-02-24,,Pro,23,0,0,True,False,False,False,monthly,True,0,Company_349,DevTools,UK,2023-10-21,ads,3.0,100.63333333333334,0.0,3.0,2.0,3.0,28.0,1
S-a2afb0,A-139c3b,2024-12-21,,Enterprise,18,3582,42984,False,False,False,False,annual,False,0,Company_185,HealthTech,US,2024-11-21,organic,7.0,414.18333333333334,2.0,7.0,9.0,4.5,28.444444444444443,0
S-85022b,A-d62e02,2024-11-06,,Basic,6,114,1368,False,True,False,False,monthly,True,0,Company_420,Cybersecurity,US,2024-08-20,partner,5.0,255.55,0.0,5.0,1.0,4.0,36.0,0
S-b71b3a,A-cd458b,2024-12-21,,Enterprise,47,9353,112236,False,False,False,False,monthly,True,0,Company_430,DevTools,US,2024-06-15,other,4.0,192.85,2.0,4.0,5.0,4.6,38.4,0
S-cc80ee,A-034368,2024-12-12,,Enterprise,23,4577,54924,False,False,False,False,monthly,True,0,Company_353,EdTech,US,2023-11-05,event,8.0,366.8833333333333,8.0,8.0,5.0,4.0,41.2,0
S-2e8409,A-029f69,2024-12-14,,Pro,10,490,5880,False,False,False,False,annual,False,0,Company_129,Cybersecurity,CA,2024-03-07,event,1.0,92.03333333333333,0.0,1.0,2.0,3.0,42.0,1
S-de9b4b,A-600734,2024-11-06,,Pro,36,1764,21168,False,False,False,False,monthly,True,0,Company_327,DevTools,US,2023-11-14,organic,3.0,226.66666666666666,1.0,3.0,7.0,3.6666666666666665,52.57142857142857,1
S-e5efce,A-cea1f0,2024-08-06,,Pro,8,392,4704,False,False,False,False,annual,False,0,Company_273,FinTech,US,2024-04-07,event,6.0,344.05,2.0,6.0,5.0,4.333333333333333,42.2,0
S-d925e2,A-ce550d,2024-12-16,,Pro,35,1715,20580,False,False,False,False,annual,True,0,Company_4,HealthTech,US,2024-10-27,event,6.0,419.18333333333334,0.0,6.0,7.0,3.8,42.285714285714285,0
S-0ab4e8,A-6a4e2d,2023-12-04,,Pro,16,784,9408,False,False,False,False,monthly,True,0,Company_46,EdTech,UK,2023-04-07,partner,7.0,358.5,2.0,7.0,2.0,4.5,18.5,0
S-585c3b,A-cc1d8d,2024-12-13,,Pro,6,0,0,True,False,False,False,annual,True,0,Company_440,FinTech,US,2024-12-08,other,5.0,343.3,3.0,5.0,5.0,4.5,30.2,0
S-a4fd17,A-cbbe12,2024-05-11,2024-07-20,Basic,40,760,9120,False,False,True,True,monthly,False,1,Company_450,Cybersecurity,DE,2023-03-22,partner,3.0,122.58333333333333,1.0,3.0,6.0,4.25,38.0,1
S-68b261,A-d535f6,2024-12-11,,Pro,19,931,11172,False,True,False,False,annual,True,0,Company_421,DevTools,US,2024-09-03,organic,5.0,255.31666666666666,0.0,5.0,0.0,,,0
S-567afa,A-c16cf7,2024-12-07,,Pro,18,882,10584,False,False,False,False,annual,True,0,Company_377,EdTech,US,2024-10-16,event,8.0,225.25,6.0,8.0,3.0,3.5,48.333333333333336,0
S-39b850,A-297a2d,2023-08-15,,Basic,27,0,0,True,False,False,False,annual,True,0,Company_448,HealthTech,UK,2023-05-05,event,4.0,181.06666666666666,1.0,4.0,2.0,3.0,32.5,0
S-2a9676,A-92a3af,2024-07-23,,Pro,25,1225,14700,False,False,False,False,annual,True,0,Company_259,Cybersecurity,IN,2024-07-07,organic,6.0,414.05,5.0,6.0,4.0,4.0,57.5,0
S-fedcd9,A-65c341,2024-10-01,,Enterprise,11,2189,26268,False,False,False,False,annual,True,0,Company_308,FinTech,US,2023-12-26,ads,5.0,257.3333333333333,3.0,4.0,5.0,4.0,41.4,0
S-627697,A-977ca0,2023-03-20,,Basic,26,494,5928,False,False,False,False,monthly,True,0,Company_232,HealthTech,IN,2023-02-20,partner,5.0,302.5,2.0,5.0,3.0,4.0,64.0,0
S-65e38d,A-eb1312,2024-11-11,,Enterprise,25,4975,59700,False,True,False,False,monthly,True,0,Company_322,FinTech,US,2024-09-16,partner,3.0,95.93333333333334,5.0,3.0,1.0,5.0,68.0,1
S-8e5fd4,A-43a9e3,2024-03-09,,Basic,27,513,6156,False,True,False,False,annual,True,0,Company_1,FinTech,IN,2023-08-17,other,8.0,475.1,4.0,8.0,3.0,4.0,38.0,0
S-cf55da,A-2f6a32,2024-09-16,,Basic,19,0,0,True,False,False,False,monthly,True,0,Company_160,HealthTech,US,2024-08-26,organic,7.0,364.5,4.0,7.0,2.0,3.5,41.0,0
S-e8488d,A-52dd88,2024-08-02,,Enterprise,26,5174,62088,False,False,False,False,monthly,False,0,Company_127,Cybersecurity,US,2023-02-21,ads,5.0,341.55,4.0,5.0,1.0,,72.0,0
S-344c0d,A-87aa7b,2024-10-15,,Enterprise,24,4776,57312,False,False,False,False,annual,True,0,Company_433,HealthTech,US,2024-05-16,organic,1.0,28.9,0.0,1.0,3.0,,27.333333333333332,1
S-3f0fb6,A-016043,2024-10-20,,Pro,27,1323,15876,False,False,False,False,annual,False,0,Company_405,EdTech,CA,2024-07-31,organic,2.0,46.766666666666666,0.0,2.0,3.0,4.0,30.333333333333332,1
S-cd2085,A-7c83a1,2024-11-10,2024-11-26,Basic,12,228,2736,False,False,True,True,monthly,True,1,Company_447,Cybersecurity,US,2024-05-06,partner,5.0,252.9,5.0,5.0,4.0,4.0,42.0,0
S-91419b,A-94c3cd,2024-07-19,,Pro,37,1813,21756,False,False,False,False,annual,False,0,Company_351,FinTech,CA,2023-09-20,other,5.0,282.35,2.0,5.0,4.0,3.5,44.75,0
S-a84c82,A-186a44,2023-11-01,,Pro,20,980,11760,False,False,False,False,annual,False,0,Company_101,HealthTech,US,2023-08-07,ads,7.0,308.98333333333335,2.0,7.0,7.0,3.5,38.285714285714285,0
S-c9d323,A-3a7284,2024-12-12,,Pro,31,1519,18228,False,False,False,False,monthly,True,0,Company_93,FinTech,US,2024-11-17,organic,5.0,184.8,3.0,5.0,3.0,3.5,56.333333333333336,0
S-404ecd,A-592832,2024-09-27,2024-12-18,Enterprise,18,3582,42984,False,False,False,True,monthly,True,1,Company_10,Cybersecurity,US,2024-09-25,organic,6.0,136.3,1.0,6.0,3.0,5.0,32.666666666666664,0
S-d224a1,A-42b791,2024-06-11,,Pro,29,1421,17052,False,False,False,False,monthly,True,0,Company_464,FinTech,AU,2024-05-20,event,5.0,326.81666666666666,2.0,5.0,3.0,4.0,33.666666666666664,0
S-a7ea10,A-96e141,2024-08-05,2024-08-17,Basic,15,285,3420,False,False,False,True,annual,True,1,Company_134,DevTools,UK,2023-08-12,partner,6.0,267.56666666666666,7.0,6.0,5.0,4.333333333333333,32.8,0
S-3d1043,A-e4144b,2024-12-15,,Enterprise,41,8159,97908,False,False,False,False,annual,False,0,Company_316,EdTech,UK,2024-10-22,other,6.0,391.21666666666664,3.0,6.0,3.0,4.0,57.0,0
S-7c1eb7,A-02cd81,2024-05-12,,Pro,44,2156,25872,False,False,False,False,monthly,True,0,Company_76,HealthTech,IN,2024-03-28,other,4.0,219.95,2.0,4.0,3.0,4.5,17.333333333333332,0
S-4eb120,A-e1b9cd,2024-09-28,,Basic,40,760,9120,False,False,False,False,monthly,True,0,Company_484,DevTools,US,2023-02-26,event,8.0,477.85,5.0,8.0,1.0,3.0,35.0,0
S-b11225,A-7cfe77,2024-11-21,,Pro,69,3381,40572,False,False,False,False,annual,True,0,Company_367,DevTools,US,2024-07-10,ads,2.0,76.55,0.0,2.0,7.0,3.5,30.714285714285715,1
S-dbceba,A-3cc791,2024-12-19,,Pro,36,1764,21168,False,False,False,False,monthly,True,0,Company_423,EdTech,US,2024-01-10,other,8.0,447.43333333333334,4.0,8.0,6.0,4.25,48.333333333333336,0
S-b89305,A-0aaf6e,2024-11-09,,Basic,4,76,912,False,False,False,False,monthly,True,0,Company_114,FinTech,US,2024-05-11,organic,7.0,391.48333333333335,7.0,7.0,5.0,4.0,45.0,0
S-81b6ee,A-e1b9cd,2023-11-25,,Pro,40,1960,23520,False,False,False,False,annual,False,0,Company_484,DevTools,US,2023-02-26,event,3.0,161.96666666666667,0.0,3.0,1.0,3.0,35.0,1
S-fbbd54,A-692f18,2024-06-02,,Pro,5,0,0,True,False,False,False,monthly,True,0,Company_195,EdTech,US,2024-03-28,other,6.0,262.18333333333334,4.0,6.0,2.0,5.0,37.5,0
S-f1fa8b,A-ffc04f,2024-07-31,,Pro,55,2695,32340,False,False,False,False,monthly,False,0,Company_307,EdTech,US,2024-06-06,ads,6.0,459.9166666666667,6.0,6.0,7.0,4.5,17.714285714285715,0
S-c6d8ce,A-249769,2024-06-10,,Pro,11,539,6468,False,False,False,False,monthly,True,0,Company_214,Cybersecurity,US,2024-04-25,event,4.0,223.41666666666666,1.0,4.0,2.0,4.0,39.5,0
S-226cf3,A-956988,2024-12-18,,Pro,42,2058,24696,False,False,True,False,monthly,True,0,Company_14,EdTech,UK,2024-11-30,ads,8.0,320.26666666666665,4.0,8.0,2.0,3.0,50.5,0
S-9e2c78,A-e4144b,2024-12-18,,Basic,41,0,0,True,False,False,False,annual,True,0,Company_316,EdTech,UK,2024-10-22,other,4.0,160.31666666666666,2.0,4.0,3.0,4.0,57.0,0
S-61bcfb,A-4e631b,2024-11-05,,Basic,22,418,5016,False,False,False,False,monthly,True,0,Company_298,FinTech,US,2024-03-16,other,6.0,325.48333333333335,1.0,6.0,2.0,4.0,24.5,0
S-96a469,A-e693b6,2023-10-08,,Pro,55,2695,32340,False,False,False,False,annual,True,0,Company_240,FinTech,AU,2023-05-25,event,5.0,348.31666666666666,2.0,5.0,1.0,3.0,1.0,0
S-5c2991,A-94c3cd,2024-01-06,,Enterprise,32,0,0,True,False,False,False,annual,True,0,Company_351,FinTech,CA,2023-09-20,other,7.0,500.73333333333335,4.0,7.0,4.0,3.5,44.75,0
S-771f7b,A-5c9849,2024-11-30,,Enterprise,62,12338,148056,False,False,False,False,annual,True,0,Company_362,EdTech,IN,2024-11-03,partner,2.0,151.91666666666666,0.0,2.0,4.0,,59.5,1
S-bdd5df,A-a45270,2024-07-18,,Enterprise,25,4975,59700,False,False,False,False,monthly,False,0,Company_37,HealthTech,US,2024-06-24,ads,7.0,259.1166666666667,4.0,7.0,4.0,4.0,64.0,0
S-c46499,A-00cac8,2024-03-03,,Basic,8,152,1824,False,False,False,False,annual,True,0,Company_26,HealthTech,AU,2023-09-15,organic,10.0,406.53333333333336,5.0,10.0,2.0,,33.0,0
S-03a5b0,A-068fc6,2024-07-13,,Enterprise,35,6965,83580,False,False,False,False,monthly,True,0,Company_465,EdTech,US,2023-07-17,event,5.0,143.01666666666668,0.0,5.0,5.0,4.333333333333333,38.8,0
S-973e8e,A-0a282f,2024-09-28,2024-12-16,Enterprise,6,1194,14328,False,False,False,True,annual,True,1,Company_2,DevTools,US,2024-08-27,organic,7.0,484.23333333333335,2.0,7.0,3.0,4.666666666666667,43.666666666666664,0
S-8c8905,A-ba6516,2024-05-18,,Enterprise,27,5373,64476,False,False,False,False,annual,True,0,Company_154,FinTech,US,2023-10-29,ads,5.0,270.46666666666664,6.0,5.0,6.0,4.0,31.5,0
S-6d09f2,A-f92792,2024-11-24,,Basic,3,57,684,False,False,False,False,monthly,True,0,Company_67,FinTech,US,2024-07-04,ads,5.0,135.43333333333334,4.0,5.0,2.0,4.0,45.0,0
S-32d56d,A-9f9299,2023-11-27,,Enterprise,28,5572,66864,False,False,False,False,annual,True,0,Company_133,FinTech,US,2023-09-02,organic,3.0,174.78333333333333,1.0,3.0,5.0,5.0,36.2,1
S-54e8b2,A-19b2c8,2024-05-18,,Pro,20,980,11760,False,False,False,False,monthly,True,0,Company_476,DevTools,IN,2023-06-06,other,5.0,174.73333333333332,7.0,5.0,3.0,4.666666666666667,29.333333333333332,0
S-2664e1,A-2d4502,2024-07-19,,Enterprise,41,8159,97908,False,True,False,False,annual,True,0,Company_45,FinTech,IN,2024-04-29,event,7.0,320.05,3.0,7.0,3.0,5.0,26.333333333333332,0
S-ceaff7,A-a8b49c,2024-02-16,,Basic,16,304,3648,False,False,False,False,annual,True,0,Company_72,Cybersecurity,UK,2023-10-06,partner,9.0,511.6166666666667,2.0,9.0,1.0,4.0,72.0,0
S-307b2b,A-4e44e8,2024-09-21,2024-10-26,Pro,8,392,4704,False,False,False,True,annual,True,1,Company_22,DevTools,US,2024-08-20,ads,4.0,232.48333333333332,2.0,4.0,3.0,3.3333333333333335,31.333333333333332,0
S-491216,A-b7ef83,2024-09-16,,Pro,31,1519,18228,False,False,False,False,annual,True,0,Company_474,Cybersecurity,UK,2024-05-29,partner,5.0,258.8,7.0,5.0,2.0,4.0,47.5,0
S-a70baa,A-883b7d,2024-08-10,,Enterprise,17,3383,40596,False,False,False,False,annual,True,0,Company_313,Cybersecurity,IN,2024-03-28,other,4.0,277.46666666666664,0.0,4.0,7.0,3.6,25.571428571428573,0
S-b5337b,A-7c6b6b,2024-12-10,,Pro,7,343,4116,False,False,False,False,annual,True,0,Company_223,FinTech,US,2024-11-30,other,4.0,183.38333333333333,2.0,4.0,5.0,4.333333333333333,52.2,0
S-b2b1b9,A-49b828,2023-10-06,,Enterprise,49,9751,117012,False,True,False,False,annual,True,0,Company_391,FinTech,IN,2023-05-05,ads,5.0,294.01666666666665,0.0,5.0,3.0,3.5,13.666666666666666,0
S-6a02fe,A-35083d,2023-11-07,,Basic,25,475,5700,False,False,False,False,monthly,True,0,Company_27,HealthTech,IN,2023-04-28,partner,6.0,393.2,2.0,6.0,4.0,5.0,49.75,0
S-0865f1,A-95b24a,2023-12-10,,Basic,38,722,8664,False,False,False,False,annual,True,0,Company_117,FinTech,US,2023-06-06,event,5.0,293.1333333333333,1.0,5.0,5.0,4.25,21.2,0
S-4f21c1,A-9f9299,2023-11-24,2024-07-20,Enterprise,28,5572,66864,False,False,False,True,annual,True,1,Company_133,FinTech,US,2023-09-02,organic,4.0,186.63333333333333,4.0,4.0,5.0,5.0,36.2,0
S-0ce88b,A-9ee962,2024-07-18,,Basic,9,171,2052,False,False,False,False,annual,True,0,Company_59,HealthTech,US,2023-02-28,ads,3.0,122.76666666666667,2.0,3.0,3.0,4.0,37.0,1
S-446c54,A-296d7c,2024-11-05,,Enterprise,2,398,4776,False,False,False,False,annual,True,0,Company_182,DevTools,DE,2023-11-08,other,6.0,300.03333333333336,4.0,6.0,5.0,3.75,50.4,0
S-55aafd,A-e89151,2024-05-23,,Basic,8,152,1824,False,True,False,False,monthly,True,0,Company_234,FinTech,UK,2023-09-14,organic,6.0,472.1,2.0,6.0,2.0,5.0,41.5,0
S-f4caa8,A-9badbd,2024-09-16,2024-10-12,Basic,23,437,5244,False,False,False,True,annual,True,1,Company_63,Cybersecurity,DE,2024-06-19,ads,5.0,186.66666666666666,2.0,5.0,5.0,5.0,30.2,0
S-7c24f6,A-f25509,2024-06-16,,Enterprise,32,0,0,True,False,False,False,annual,False,0,Company_92,EdTech,US,2024-03-22,other,8.0,532.75,7.0,8.0,6.0,4.666666666666667,42.666666666666664,0
S-c555c4,A-bcf87c,2024-12-13,,Enterprise,17,3383,40596,False,False,False,False,monthly,True,0,Company_288,FinTech,US,2024-06-27,event,4.0,240.78333333333333,0.0,4.0,2.0,4.0,63.0,0
S-503afa,A-4e631b,2024-03-18,,Enterprise,40,7960,95520,False,False,False,False,monthly,False,0,Company_298,FinTech,US,2024-03-16,other,4.0,114.31666666666666,3.0,4.0,2.0,4.0,24.5,0
S-98f176,A-05d3b3,2023-08-14,,Basic,55,0,0,True,False,False,False,annual,True,0,Company_213,DevTools,AU,2023-05-28,ads,5.0,217.91666666666666,2.0,5.0,6.0,4.333333333333333,31.5,0
S-de473d,A-e6afc1,2023-05-31,,Pro,6,294,3528,False,False,False,False,monthly,True,0,Company_346,DevTools,US,2023-02-24,ads,6.0,327.93333333333334,1.0,6.0,0.0,,,0
S-1876fb,A-4f18f0,2024-10-12,,Enterprise,59,11741,140892,False,False,False,False,monthly,False,0,Company_145,DevTools,CA,2024-04-21,other,5.0,282.65,4.0,5.0,5.0,4.0,39.2,0
S-8fd22d,A-354f12,2024-08-01,,Enterprise,1,199,2388,False,False,False,False,monthly,True,0,Company_201,FinTech,US,2024-04-28,ads,4.0,261.35,0.0,4.0,2.0,,56.5,0
S-7ded4d,A-0f3e88,2024-06-18,,Basic,17,323,3876,False,False,False,False,monthly,True,0,Company_428,HealthTech,US,2023-07-23,other,4.0,172.2,3.0,4.0,3.0,4.5,48.0,0
S-2cb298,A-9077b0,2024-12-20,,Enterprise,2,398,4776,False,True,False,False,annual,True,0,Company_41,HealthTech,US,2024-08-25,ads,6.0,388.0833333333333,2.0,6.0,3.0,4.333333333333333,40.333333333333336,0
S-dfbd79,A-977ca0,2024-11-24,2024-11-24,Pro,14,686,8232,False,False,False,True,annual,True,1,Company_232,HealthTech,IN,2023-02-20,partner,6.0,153.76666666666668,4.0,6.0,3.0,4.0,64.0,0
S-162e73,A-55f257,2024-01-12,,Enterprise,38,0,0,True,False,False,False,annual,True,0,Company_496,FinTech,US,2023-12-21,organic,5.0,216.41666666666666,1.0,5.0,6.0,5.0,43.166666666666664,0
S-f0c747,A-5b1bcd,2024-09-24,,Enterprise,73,14527,174324,False,False,False,False,monthly,True,0,Company_166,DevTools,US,2023-09-16,organic,5.0,186.68333333333334,3.0,5.0,4.0,4.5,43.25,0
S-cf72c8,A-2e3bad,2024-10-27,,Basic,61,1159,13908,False,False,False,False,annual,True,0,Company_108,FinTech,CA,2023-08-13,other,6.0,292.8,3.0,6.0,5.0,3.5,31.4,0
S-befdba,A-ff79f2,2024-11-15,2024-11-19,Basic,36,684,8208,False,False,False,True,annual,False,1,Company_165,DevTools,US,2024-04-25,ads,2.0,197.91666666666666,0.0,2.0,2.0,,50.0,1
S-921f19,A-eb7c38,2024-09-16,,Pro,39,0,0,True,False,False,False,monthly,True,0,Company_47,DevTools,AU,2024-02-25,organic,6.0,205.16666666666666,0.0,6.0,5.0,4.333333333333333,22.4,0
S-e9395e,A-180abf,2024-12-20,,Pro,64,3136,37632,False,True,False,False,monthly,True,0,Company_122,DevTools,US,2023-08-14,event,1.0,34.1,0.0,1.0,3.0,3.0,36.333333333333336,1
S-24cdb5,A-592832,2024-10-21,,Basic,35,665,7980,False,False,False,False,annual,True,0,Company_10,Cybersecurity,US,2024-09-25,organic,3.0,181.0,3.0,3.0,3.0,5.0,32.666666666666664,1
S-5aa4ba,A-2d1036,2024-09-25,,Pro,69,3381,40572,False,False,False,False,monthly,True,0,Company_399,FinTech,US,2024-06-14,ads,6.0,189.55,9.0,6.0,5.0,4.6,37.8,0
S-207046,A-94d3da,2024-03-03,,Pro,41,0,0,True,False,False,False,annual,True,0,Company_61,HealthTech,US,2023-05-03,other,5.0,216.21666666666667,0.0,5.0,6.0,3.5,26.833333333333332,0
S-0d6ea4,A-f44180,2023-12-27,2024-10-30,Enterprise,9,1791,21492,False,False,False,True,monthly,False,1,Company_376,Cybersecurity,UK,2023-02-13,event,6.0,446.6666666666667,4.0,6.0,2.0,5.0,46.5,0
S-5de79e,A-1619f8,2024-11-06,,Basic,29,551,6612,False,True,False,False,annual,False,0,Company_183,DevTools,US,2024-05-20,organic,6.0,426.98333333333335,5.0,6.0,3.0,5.0,42.0,0
S-a04ec4,A-4ef964,2024-06-17,,Pro,17,833,9996,False,False,False,False,annual,True,0,Company_262,HealthTech,US,2024-03-07,organic,4.0,194.38333333333333,4.0,4.0,3.0,4.0,42.666666666666664,0
S-33deb8,A-427b69,2024-11-30,,Pro,17,833,9996,False,False,False,False,annual,True,0,Company_453,FinTech,US,2024-08-23,other,11.0,419.85,9.0,11.0,2.0,3.0,31.5,0
S-08f8d3,A-bcf87c,2024-11-27,,Pro,21,1029,12348,False,False,False,False,monthly,True,0,Company_288,FinTech,US,2024-06-27,event,5.0,220.76666666666668,0.0,5.0,2.0,4.0,63.0,0
S-292c06,A-089363,2024-07-11,,Pro,26,1274,15288,False,False,False,False,monthly,True,0,Company_387,FinTech,AU,2023-05-06,event,4.0,130.91666666666666,0.0,4.0,3.0,3.6666666666666665,35.0,0
S-0e9334,A-8ed5dd,2024-09-07,,Basic,23,437,5244,False,False,False,False,monthly,True,0,Company_222,EdTech,UK,2023-06-29,event,5.0,275.95,4.0,5.0,6.0,3.75,29.0,0
S-6a7c79,A-4ef964,2024-08-28,,Pro,17,0,0,True,False,False,False,monthly,True,0,Company_262,HealthTech,US,2024-03-07,organic,4.0,249.23333333333332,1.0,4.0,3.0,4.0,42.666666666666664,0
S-1cfab2,A-712f1c,2024-12-01,,Enterprise,37,7363,88356,False,False,False,False,monthly,True,0,Company_331,DevTools,US,2023-12-16,ads,2.0,111.36666666666666,5.0,2.0,6.0,4.0,41.666666666666664,1
S-0c0691,A-19b2c8,2024-10-25,,Enterprise,20,3980,47760,False,False,False,False,monthly,True,0,Company_476,DevTools,IN,2023-06-06,other,8.0,399.25,1.0,8.0,3.0,4.666666666666667,29.333333333333332,0
S-b18ae9,A-b78bf8,2024-12-14,,Pro,33,1617,19404,False,False,False,False,monthly,True,0,Company_148,DevTools,US,2024-11-15,event,6.0,328.8833333333333,0.0,6.0,5.0,4.2,24.2,0
S-a0abcf,A-42b791,2024-12-11,,Pro,14,686,8232,False,False,False,False,annual,False,0,Company_464,FinTech,AU,2024-05-20,event,3.0,121.2,0.0,3.0,3.0,4.0,33.666666666666664,1
S-567f8f,A-02cd81,2024-06-01,,Enterprise,44,8756,105072,False,False,False,False,annual,True,0,Company_76,HealthTech,IN,2024-03-28,other,7.0,336.1666666666667,1.0,7.0,3.0,4.5,17.333333333333332,0
S-3673f2,A-cd458b,2024-08-17,,Enterprise,47,9353,112236,False,False,False,False,annual,True,0,Company_430,DevTools,US,2024-06-15,other,8.0,387.75,6.0,8.0,5.0,4.6,38.4,0
S-3ff7bb,A-10b8f2,2024-08-15,,Basic,47,0,0,True,True,False,False,monthly,True,0,Company_151,HealthTech,DE,2023-01-11,organic,5.0,288.6666666666667,3.0,5.0,3.0,4.333333333333333,46.333333333333336,0
S-b9d674,A-cc98bc,2023-07-09,,Enterprise,32,6368,76416,False,False,False,False,monthly,True,0,Company_469,DevTools,US,2023-05-24,ads,6.0,375.01666666666665,2.0,6.0,3.0,4.0,4.666666666666667,0
S-381917,A-474ad4,2024-07-02,,Pro,17,833,9996,False,False,False,False,monthly,True,0,Company_261,EdTech,US,2023-11-28,organic,6.0,286.3666666666667,4.0,6.0,3.0,5.0,33.0,0
S-67c1d8,A-328bd0,2024-12-18,,Pro,18,882,10584,False,False,True,False,annual,True,0,Company_237,HealthTech,AU,2023-05-16,partner,4.0,180.4,6.0,4.0,5.0,3.6666666666666665,46.0,0
S-c85c63,A-5c046d,2024-12-02,,Basic,93,1767,21204,False,False,False,False,monthly,False,0,Company_130,EdTech,FR,2024-07-06,partner,2.0,142.53333333333333,2.0,2.0,1.0,3.0,13.0,1
S-8dd1cf,A-4d1e75,2024-12-17,,Basic,20,380,4560,False,True,False,False,monthly,False,0,Company_58,DevTools,US,2024-08-21,other,5.0,231.01666666666668,2.0,5.0,2.0,4.0,15.0,0
S-3741b9,A-c16b88,2024-06-20,2024-07-11,Basic,23,0,0,True,False,False,True,annual,True,1,Company_431,HealthTech,US,2023-12-02,event,8.0,470.51666666666665,2.0,8.0,3.0,3.0,48.333333333333336,0
S-90dd19,A-297a2d,2024-03-04,,Pro,27,1323,15876,False,True,False,False,annual,True,0,Company_448,HealthTech,UK,2023-05-05,event,6.0,327.4,4.0,5.0,2.0,3.0,32.5,0
S-d62a15,A-089363,2024-08-08,,Enterprise,10,1990,23880,False,False,False,False,annual,True,0,Company_387,FinTech,AU,2023-05-06,event,4.0,226.3,0.0,4.0,3.0,3.6666666666666665,35.0,0
S-2a928c,A-fa3095,2024-12-16,,Basic,70,1330,15960,False,False,False,False,monthly,True,0,Company_174,FinTech,US,2023-09-03,ads,7.0,275.75,3.0,7.0,5.0,5.0,49.2,0
S-be86e3,A-3a5ad8,2024-01-14,,Enterprise,11,2189,26268,False,False,True,False,annual,True,0,Company_94,HealthTech,US,2023-12-05,organic,7.0,404.93333333333334,6.0,7.0,4.0,4.5,44.75,0
S-3dc46b,A-5790f4,2024-12-23,,Pro,12,588,7056,False,False,False,False,monthly,False,0,Company_446,FinTech,UK,2024-12-22,event,8.0,352.75,10.0,8.0,4.0,4.0,44.0,0
S-d6106b,A-0a282f,2024-10-16,,Basic,6,114,1368,False,False,False,False,monthly,True,0,Company_2,DevTools,US,2024-08-27,organic,4.0,179.6,6.0,4.0,3.0,4.666666666666667,43.666666666666664,0
S-c5a75d,A-66224b,2024-12-18,,Pro,92,4508,54096,False,False,False,False,annual,True,0,Company_87,HealthTech,US,2024-10-18,other,10.0,395.65,7.0,10.0,6.0,3.5,39.833333333333336,0
S-2f11bb,A-82d8a6,2024-12-29,,Pro,5,245,2940,False,False,False,False,annual,True,0,Company_444,Cybersecurity,UK,2024-11-28,ads,9.0,443.4166666666667,2.0,9.0,5.0,3.5,42.2,0
S-8f2b13,A-034368,2024-10-14,,Enterprise,28,5572,66864,False,False,False,False,annual,True,0,Company_353,EdTech,US,2023-11-05,event,8.0,395.8666666666667,5.0,8.0,5.0,4.0,41.2,0
S-4047a8,A-e19ff6,2024-06-01,,Basic,1,19,228,False,False,False,False,monthly,False,0,Company_411,Cybersecurity,UK,2023-07-28,partner,5.0,155.6,3.0,5.0,3.0,4.666666666666667,30.666666666666668,0
S-969c1d,A-5b4ebb,2024-07-13,,Basic,29,551,6612,False,False,False,False,monthly,True,0,Company_69,Cybersecurity,UK,2024-07-10,other,3.0,61.3,0.0,3.0,5.0,4.75,35.4,1
S-f41a31,A-659280,2023-11-25,,Enterprise,13,2587,31044,False,False,False,False,monthly,False,0,Company_417,FinTech,IN,2023-11-17,event,5.0,342.51666666666665,4.0,5.0,4.0,4.333333333333333,8.0,0
S-7a36ee,A-b11cd0,2023-02-16,2024-06-22,Basic,26,494,5928,False,False,False,True,monthly,True,1,Company_439,DevTools,US,2023-01-20,ads,5.0,171.16666666666666,2.0,5.0,4.0,4.0,38.5,0
S-b1d153,A-3793ee,2023-11-23,2024-10-08,Pro,49,2401,28812,False,False,False,True,monthly,True,1,Company_332,Cybersecurity,CA,2023-03-21,organic,4.0,219.6,1.0,4.0,4.0,4.0,43.75,0
S-515485,A-f3ff05,2024-09-21,,Pro,35,1715,20580,False,False,False,False,monthly,True,0,Company_44,FinTech,IN,2024-07-06,other,2.0,78.73333333333333,0.0,2.0,3.0,3.5,42.666666666666664,1
S-fe910d,A-241e75,2024-10-19,,Basic,5,95,1140,False,False,False,False,monthly,True,0,Company_242,EdTech,US,2024-07-03,partner,7.0,249.36666666666667,3.0,7.0,4.0,4.5,31.5,0
S-cd74b9,A-157070,2024-01-26,,Enterprise,16,3184,38208,False,True,False,False,annual,True,0,Company_85,FinTech,US,2023-11-09,ads,6.0,316.3666666666667,0.0,6.0,3.0,3.0,42.333333333333336,0
S-604bd0,A-0e966d,2024-10-27,,Pro,57,2793,33516,False,False,False,False,monthly,False,0,Company_493,FinTech,IN,2024-06-25,ads,6.0,287.1666666666667,4.0,6.0,3.0,4.5,31.666666666666668,0
S-cea51e,A-cc1d8d,2024-12-22,,Enterprise,20,0,0,True,False,False,False,monthly,True,0,Company_440,FinTech,US,2024-12-08,other,5.0,160.08333333333334,3.0,5.0,5.0,4.5,30.2,0
S-1d63bf,A-69fad4,2024-02-01,2024-08-19,Enterprise,22,4378,52536,False,False,False,True,monthly,True,1,Company_103,FinTech,UK,2023-04-06,ads,7.0,371.9,3.0,7.0,4.0,3.6666666666666665,43.0,0
S-951c06,A-0532a9,2024-09-26,,Basic,19,361,4332,False,False,False,False,annual,True,0,Company_170,FinTech,IN,2024-09-25,event,6.0,267.68333333333334,8.0,6.0,8.0,3.0,30.75,0
S-6e780e,A-de58ca,2024-09-01,,Enterprise,36,7164,85968,False,False,False,False,annual,True,0,Company_212,HealthTech,DE,2023-04-13,organic,5.0,284.3666666666667,1.0,5.0,5.0,3.3333333333333335,30.6,0
S-501046,A-c4ea60,2024-07-20,,Pro,18,882,10584,False,False,False,False,annual,True,0,Company_18,FinTech,DE,2023-03-09,other,4.0,93.86666666666666,0.0,4.0,5.0,3.6,36.0,0
S-d88f58,A-4ef964,2024-11-11,,Basic,17,323,3876,False,False,False,False,monthly,True,0,Company_262,HealthTech,US,2024-03-07,organic,6.0,371.21666666666664,5.0,6.0,3.0,4.0,42.666666666666664,0
S-3012fa,A-902ef7,2024-09-05,,Pro,83,4067,48804,False,False,False,False,annual,True,0,Company_270,HealthTech,US,2024-09-03,other,4.0,161.65,0.0,4.0,2.0,4.0,48.5,0
S-936e80,A-5a3eb9,2023-09-21,,Pro,18,882,10584,False,False,False,False,annual,True,0,Company_283,DevTools,CA,2023-08-20,other,6.0,449.8666666666667,1.0,6.0,3.0,,24.0,0
S-7bebc1,A-054577,2024-08-27,,Basic,24,456,5472,False,False,False,False,annual,True,0,Company_455,EdTech,UK,2024-04-28,ads,11.0,450.18333333333334,9.0,11.0,1.0,4.0,46.0,0
S-cd8a6a,A-96215d,2024-11-04,,Pro,10,490,5880,False,False,False,False,annual,False,0,Company_318,FinTech,US,2024-08-08,event,6.0,327.3833333333333,4.0,6.0,1.0,3.0,25.0,0
S-810a67,A-592832,2024-10-15,,Pro,18,882,10584,False,False,False,False,monthly,True,0,Company_10,Cybersecurity,US,2024-09-25,organic,3.0,154.16666666666666,3.0,3.0,3.0,5.0,32.666666666666664,1
S-370135,A-e693b6,2024-05-11,,Pro,55,2695,32340,False,False,False,False,monthly,False,0,Company_240,FinTech,AU,2023-05-25,event,4.0,265.3333333333333,0.0,4.0,1.0,3.0,1.0,0
S-1ad030,A-92a3af,2024-09-01,,Enterprise,25,4975,59700,False,False,False,False,annual,False,0,Company_259,Cybersecurity,IN,2024-07-07,organic,7.0,371.26666666666665,3.0,7.0,4.0,4.0,57.5,0
S-fc155b,A-ccabf0,2024-09-09,,Enterprise,1,199,2388,False,False,False,False,annual,True,0,Company_471,HealthTech,IN,2023-11-06,organic,6.0,395.06666666666666,3.0,6.0,4.0,3.6666666666666665,46.25,0
S-9c23e1,A-f92792,2024-09-17,,Enterprise,18,3582,42984,False,False,False,False,annual,True,0,Company_67,FinTech,US,2024-07-04,ads,2.0,163.73333333333332,1.0,2.0,2.0,4.0,45.0,1
S-af5a51,A-ccb686,2024-08-22,,Enterprise,53,10547,126564,False,True,False,False,annual,True,0,Company_491,DevTools,US,2024-01-22,other,3.0,81.0,1.0,3.0,1.0,4.0,67.0,1
S-7e86a2,A-7c5768,2024-10-29,,Basic,3,57,684,False,False,False,False,monthly,True,0,Company_407,HealthTech,UK,2024-03-02,event,3.0,209.03333333333333,1.0,3.0,5.0,4.0,28.8,1
S-12902a,A-3932db,2024-09-21,,Enterprise,19,3781,45372,False,True,False,False,monthly,True,0,Company_144,HealthTech,CA,2023-10-04,other,5.0,193.5,2.0,5.0,6.0,4.333333333333333,41.0,0
S-7d4240,A-09316c,2024-11-11,,Basic,70,1330,15960,False,False,False,False,monthly,True,0,Company_341,FinTech,AU,2024-09-11,organic,3.0,78.36666666666666,6.0,3.0,4.0,3.75,54.75,1
S-a94f54,A-e888d1,2023-09-04,2024-05-12,Enterprise,16,3184,38208,False,True,False,True,monthly,True,1,Company_102,Cybersecurity,US,2023-03-28,other,8.0,431.8,2.0,8.0,5.0,4.0,43.0,0
S-64b181,A-bbe56f,2024-04-16,,Pro,21,1029,12348,False,False,False,False,annual,True,0,Company_406,HealthTech,US,2023-02-16,ads,2.0,203.33333333333334,1.0,2.0,4.0,4.0,26.25,1
S-239429,A-65aeb5,2024-05-11,,Enterprise,9,0,0,True,False,False,False,monthly,True,0,Company_120,DevTools,US,2024-01-25,partner,1.0,3.8,0.0,1.0,2.0,5.0,42.5,1
S-c1ad26,A-10b8da,2024-05-09,,Pro,14,686,8232,False,False,False,False,annual,True,0,Company_9,DevTools,US,2023-05-08,partner,2.0,29.533333333333335,6.0,2.0,3.0,3.5,31.333333333333332,1
S-02b3a1,A-e6afc1,2023-08-05,,Basic,18,342,4104,False,False,False,False,monthly,True,0,Company_346,DevTools,US,2023-02-24,ads,5.0,176.13333333333333,2.0,5.0,0.0,,,0
S-83b45d,A-5a92e7,2024-06-27,,Pro,5,0,0,True,False,False,False,annual,True,0,Company_413,HealthTech,US,2024-06-11,ads,5.0,283.5833333333333,3.0,5.0,7.0,4.4,45.0,0
S-43aa0e,A-4d1e75,2024-10-18,,Basic,36,0,0,True,False,False,False,monthly,True,0,Company_58,DevTools,US,2024-08-21,other,4.0,233.85,5.0,4.0,2.0,4.0,15.0,0
S-ab06f4,A-90a8c8,2024-10-29,,Pro,15,735,8820,False,False,False,False,annual,True,0,Company_249,FinTech,AU,2024-08-24,organic,6.0,258.81666666666666,2.0,6.0,4.0,3.25,45.0,0
S-4d2011,A-751c58,2024-07-29,,Enterprise,15,2985,35820,False,False,False,False,annual,False,0,Company_393,FinTech,UK,2024-07-18,organic,3.0,153.55,1.0,3.0,5.0,4.333333333333333,39.6,1
S-dc28c6,A-e7beab,2024-01-05,,Enterprise,58,0,0,True,False,False,False,monthly,True,0,Company_458,EdTech,DE,2023-10-20,organic,5.0,239.56666666666666,4.0,5.0,6.0,4.0,36.666666666666664,0
S-709b46,A-ed510f,2023-03-09,,Pro,42,2058,24696,False,False,False,False,annual,False,0,Company_361,Cybersecurity,IN,2023-01-17,partner,4.0,175.95,4.0,4.0,9.0,4.0,44.55555555555556,0
S-05eff5,A-118f1c,2024-12-23,,Basic,32,608,7296,False,False,False,False,monthly,True,0,Company_492,Cybersecurity,US,2024-10-31,other,5.0,211.45,2.0,5.0,1.0,3.0,64.0,0
S-e11cde,A-0f6450,2024-12-31,,Enterprise,28,5572,66864,False,False,False,False,monthly,False,0,Company_400,FinTech,US,2024-12-27,other,7.0,410.53333333333336,8.0,7.0,8.0,3.8333333333333335,29.75,0
S-db47af,A-d535f6,2024-11-13,,Basic,54,1026,12312,False,False,False,False,monthly,True,0,Company_421,DevTools,US,2024-09-03,organic,5.0,203.08333333333334,4.0,5.0,0.0,,,0
S-9af385,A-157070,2024-09-26,,Basic,27,513,6156,False,False,False,False,monthly,True,0,Company_85,FinTech,US,2023-11-09,ads,4.0,172.65,2.0,4.0,3.0,3.0,42.333333333333336,0
S-491caf,A-6f50ae,2024-03-24,,Basic,19,361,4332,False,False,True,False,annual,False,0,Company_466,FinTech,US,2023-09-21,partner,5.0,196.25,1.0,5.0,5.0,4.5,31.0,0
S-6bd30a,A-5c9849,2024-12-01,2024-12-16,Enterprise,91,18109,217308,False,False,False,True,monthly,True,1,Company_362,EdTech,IN,2024-11-03,partner,7.0,511.93333333333334,0.0,7.0,4.0,,59.5,0
S-6cdfb7,A-432483,2024-11-29,,Pro,31,1519,18228,False,False,False,False,annual,True,0,Company_78,Cybersecurity,US,2023-02-06,ads,3.0,130.95,3.0,2.0,1.0,,51.0,1
S-2b7664,A-cb6cc6,2023-08-22,,Basic,13,247,2964,False,False,False,False,monthly,True,0,Company_419,DevTools,US,2023-04-03,ads,5.0,270.93333333333334,0.0,5.0,3.0,3.5,16.333333333333332,0
S-e6b35a,A-3c1a3f,2024-03-25,,Basic,4,76,912,False,False,False,False,monthly,True,0,Company_224,DevTools,UK,2023-08-26,event,5.0,340.23333333333335,0.0,5.0,4.0,3.5,33.25,0
S-221db6,A-1d5444,2024-09-16,,Pro,24,0,0,True,False,False,False,annual,True,0,Company_427,Cybersecurity,US,2024-01-18,partner,7.0,341.4166666666667,7.0,7.0,2.0,4.0,30.0,0
S-408c2f,A-993085,2023-11-23,,Basic,31,589,7068,False,False,False,False,annual,True,0,Company_258,HealthTech,US,2023-06-01,ads,3.0,185.0,5.0,3.0,4.0,3.5,46.5,1
S-f690b4,A-dfbd31,2024-12-04,,Pro,35,1715,20580,False,False,True,False,annual,True,0,Company_190,DevTools,UK,2023-12-04,partner,5.0,321.1166666666667,3.0,5.0,6.0,4.25,29.666666666666668,0
S-f4dc54,A-eb1312,2024-12-10,,Basic,25,475,5700,False,False,False,False,monthly,True,0,Company_322,FinTech,US,2024-09-16,partner,4.0,176.13333333333333,1.0,4.0,1.0,5.0,68.0,0
S-5717da,A-54d94a,2024-10-24,,Pro,27,1323,15876,False,False,False,False,monthly,True,0,Company_385,Cybersecurity,IN,2023-05-01,event,6.0,233.73333333333332,4.0,6.0,4.0,3.5,53.75,0
S-36c07b,A-2922b6,2024-12-11,,Pro,15,735,8820,False,False,False,False,annual,True,0,Company_70,HealthTech,US,2024-11-14,organic,5.0,244.51666666666668,1.0,5.0,2.0,4.0,15.5,0
S-01afa4,A-a09355,2024-12-05,,Enterprise,14,2786,33432,False,False,True,False,annual,True,0,Company_459,FinTech,US,2024-08-10,organic,4.0,266.81666666666666,1.0,4.0,5.0,4.0,32.6,0
S-f7234f,A-5f7781,2024-08-27,,Pro,85,0,0,True,False,False,False,monthly,False,0,Company_483,DevTools,US,2024-08-20,other,3.0,275.3333333333333,4.0,3.0,2.0,4.0,28.5,1
S-dd1d46,A-72799b,2023-11-18,,Enterprise,20,0,0,True,False,False,False,monthly,True,0,Company_394,DevTools,FR,2023-11-13,event,5.0,329.45,7.0,5.0,2.0,4.5,33.5,0
S-fa0094,A-2bc93d,2024-02-23,,Pro,14,686,8232,False,False,False,False,annual,True,0,Company_43,HealthTech,US,2023-03-14,event,7.0,363.23333333333335,2.0,7.0,2.0,4.5,12.0,0
S-bf89e6,A-812c5b,2024-05-19,,Pro,130,6370,76440,False,False,False,False,monthly,True,0,Company_395,DevTools,CA,2024-02-25,organic,5.0,332.3333333333333,3.0,5.0,4.0,4.0,27.0,0
S-078c2b,A-354f12,2024-11-08,,Basic,7,133,1596,False,False,False,False,monthly,True,0,Company_201,FinTech,US,2024-04-28,ads,3.0,127.05,1.0,3.0,2.0,,56.5,1
S-496c1e,A-f19b24,2024-08-20,,Basic,29,551,6612,False,False,False,False,annual,True,0,Company_462,Cybersecurity,US,2023-01-10,organic,2.0,129.2,0.0,2.0,2.0,4.0,35.5,1
S-40dcf4,A-249769,2024-08-05,,Enterprise,56,11144,133728,False,False,False,False,annual,True,0,Company_214,Cybersecurity,US,2024-04-25,event,5.0,232.65,3.0,5.0,2.0,4.0,39.5,0
S-4cd678,A-40de06,2024-03-24,,Pro,28,1372,16464,False,False,False,False,monthly,False,0,Company_369,Cybersecurity,US,2023-05-08,event,1.0,74.55,0.0,1.0,3.0,4.0,40.333333333333336,1
S-f981fe,A-3cc791,2024-06-01,,Enterprise,22,4378,52536,False,False,False,False,monthly,True,0,Company_423,EdTech,US,2024-01-10,other,4.0,198.4,1.0,4.0,6.0,4.25,48.333333333333336,0
S-5da6e7,A-5a215a,2024-07-29,2024-09-19,Pro,87,4263,51156,False,False,False,True,annual,True,1,Company_358,EdTech,FR,2024-01-05,other,5.0,340.98333333333335,11.0,5.0,4.0,4.0,29.5,0
S-1a5fa7,A-1f559b,2024-02-27,,Enterprise,26,5174,62088,False,False,False,False,annual,False,0,Company_357,HealthTech,US,2023-09-04,organic,6.0,262.26666666666665,0.0,6.0,5.0,4.2,50.4,0
S-067edc,A-075038,2023-11-30,,Pro,23,0,0,True,True,False,False,monthly,True,0,Company_397,HealthTech,UK,2023-05-12,ads,2.0,74.18333333333334,0.0,2.0,2.0,3.0,43.5,1
S-16ce94,A-c4ea60,2024-09-09,,Pro,18,882,10584,False,False,False,False,annual,True,0,Company_18,FinTech,DE,2023-03-09,other,4.0,174.15,1.0,4.0,5.0,3.6,36.0,0
S-f2710b,A-309e54,2024-12-13,,Enterprise,46,0,0,True,False,False,False,annual,True,0,Company_371,DevTools,US,2024-12-09,other,5.0,191.78333333333333,5.0,5.0,5.0,3.0,23.8,0
S-709f67,A-484819,2023-05-27,,Enterprise,18,3582,42984,False,False,False,False,annual,True,0,Company_109,HealthTech,US,2023-02-21,organic,5.0,367.28333333333336,0.0,5.0,5.0,4.5,33.2,0
S-1bc5a4,A-560d27,2024-07-31,,Enterprise,23,4577,54924,False,False,False,False,monthly,False,0,Company_266,DevTools,US,2024-05-05,organic,1.0,31.416666666666668,0.0,1.0,4.0,3.6666666666666665,30.75,1
S-4d5623,A-d40bf7,2024-11-09,,Enterprise,59,11741,140892,False,False,False,False,annual,True,0,Company_11,FinTech,IN,2024-11-08,organic,6.0,338.8333333333333,1.0,6.0,2.0,5.0,20.5,0
S-91b63c,A-f17767,2023-12-07,,Enterprise,39,7761,93132,False,False,False,False,annual,True,0,Company_123,DevTools,US,2023-01-30,event,6.0,352.9166666666667,0.0,6.0,3.0,4.0,36.333333333333336,0
S-f5bef8,A-993085,2023-09-22,,Enterprise,40,7960,95520,False,False,True,False,monthly,True,0,Company_258,HealthTech,US,2023-06-01,ads,8.0,408.75,8.0,8.0,4.0,3.5,46.5,0
S-e6c900,A-cd458b,2024-09-18,,Pro,10,490,5880,False,False,False,False,annual,True,0,Company_430,DevTools,US,2024-06-15,other,6.0,294.51666666666665,1.0,6.0,5.0,4.6,38.4,0
S-3c9115,A-9badbd,2024-07-01,,Enterprise,30,5970,71640,False,False,False,False,monthly,False,0,Company_63,Cybersecurity,DE,2024-06-19,ads,6.0,354.68333333333334,4.0,6.0,5.0,5.0,30.2,0
S-79af01,A-4ae22a,2024-07-24,,Enterprise,6,1194,14328,False,False,False,False,monthly,True,0,Company_229,EdTech,US,2024-05-09,other,7.0,658.1333333333333,4.0,7.0,3.0,3.0,14.333333333333334,0
S-9fa738,A-977ca0,2024-02-02,,Basic,10,0,0,True,False,False,False,monthly,False,0,Company_232,HealthTech,IN,2023-02-20,partner,4.0,103.45,2.0,4.0,3.0,4.0,64.0,0
S-786ead,A-88c6ca,2024-12-02,,Pro,8,392,4704,False,False,False,False,monthly,True,0,Company_179,FinTech,DE,2024-10-25,ads,2.0,147.06666666666666,0.0,2.0,1.0,,56.0,1
S-9b5be4,A-ffdfd5,2024-10-23,,Enterprise,4,796,9552,False,False,False,False,monthly,False,0,Company_365,EdTech,US,2024-04-13,organic,6.0,221.8,2.0,6.0,0.0,,,0
S-3a4336,A-c1dfe1,2024-07-07,,Enterprise,26,5174,62088,False,False,True,False,monthly,True,0,Company_53,DevTools,DE,2023-08-07,ads,4.0,153.15,4.0,4.0,3.0,4.0,50.333333333333336,0
S-9a410c,A-d535f6,2024-12-11,,Pro,46,2254,27048,False,False,True,False,annual,True,0,Company_421,DevTools,US,2024-09-03,organic,3.0,103.45,5.0,3.0,0.0,,,0
S-cd3f49,A-b2225d,2024-05-22,,Enterprise,47,0,0,True,False,False,False,annual,True,0,Company_50,FinTech,US,2024-03-08,ads,4.0,131.81666666666666,1.0,4.0,2.0,3.0,42.0,0
S-896293,A-337bc1,2024-09-12,,Basic,30,0,0,True,True,False,False,monthly,True,0,Company_424,Cybersecurity,US,2023-07-19,organic,7.0,473.6166666666667,7.0,7.0,4.0,4.0,32.5,0
S-643ccd,A-45ce7a,2024-09-30,,Basic,16,304,3648,False,False,False,False,annual,False,0,Company_31,FinTech,US,2023-07-23,ads,6.0,429.31666666666666,4.0,6.0,5.0,3.6666666666666665,45.4,0
S-34f8ad,A-484819,2024-05-22,,Basic,18,342,4104,False,False,False,False,annual,True,0,Company_109,HealthTech,US,2023-02-21,organic,6.0,363.9166666666667,5.0,6.0,5.0,4.5,33.2,0
S-d85c2f,A-e6afc1,2024-08-15,,Pro,85,4165,49980,False,False,False,False,annual,True,0,Company_346,DevTools,US,2023-02-24,ads,5.0,219.73333333333332,1.0,5.0,0.0,,,0
S-826d19,A-5790f4,2024-12-26,2024-12-29,Enterprise,8,1592,19104,False,False,False,True,annual,True,1,Company_446,FinTech,UK,2024-12-22,event,5.0,301.25,3.0,5.0,4.0,4.0,44.0,0
S-323f3e,A-b48f73,2024-12-27,,Pro,80,3920,47040,False,False,False,False,annual,False,0,Company_225,EdTech,AU,2024-11-13,event,8.0,234.86666666666667,2.0,8.0,3.0,4.0,28.666666666666668,0
S-202695,A-d535f6,2024-09-23,,Basic,12,228,2736,False,False,False,False,monthly,True,0,Company_421,DevTools,US,2024-09-03,organic,5.0,452.96666666666664,0.0,5.0,0.0,,,0
S-905752,A-bcf664,2024-08-29,,Basic,30,570,6840,False,False,False,False,monthly,True,0,Company_248,DevTools,US,2023-05-19,other,6.0,204.23333333333332,7.0,6.0,5.0,4.0,36.0,0
S-e53224,A-d82ef9,2024-08-25,,Pro,26,0,0,True,False,True,False,annual,True,0,Company_355,EdTech,UK,2024-07-02,other,2.0,116.38333333333334,0.0,2.0,5.0,4.25,39.8,1
S-040422,A-463db0,2024-12-28,,Basic,15,285,3420,False,False,False,False,annual,True,0,Company_16,HealthTech,US,2024-12-05,partner,4.0,119.71666666666667,1.0,4.0,6.0,4.25,50.166666666666664,0
S-aef80b,A-ccabf0,2024-01-05,,Enterprise,13,2587,31044,False,False,False,False,annual,True,0,Company_471,HealthTech,IN,2023-11-06,organic,8.0,511.45,5.0,8.0,4.0,3.6666666666666665,46.25,0
S-dda23d,A-1b707d,2023-11-14,,Pro,7,343,4116,False,False,False,False,annual,False,0,Company_56,Cybersecurity,US,2023-07-14,organic,2.0,199.33333333333334,1.0,2.0,3.0,,42.666666666666664,1
S-d29830,A-684255,2024-07-01,,Basic,9,171,2052,False,False,False,False,annual,True,0,Company_20,FinTech,US,2024-04-14,ads,3.0,146.65,2.0,3.0,4.0,4.666666666666667,14.25,1
S-fc86d6,A-038089,2024-06-27,,Pro,5,245,2940,False,False,False,False,annual,True,0,Company_156,DevTools,FR,2023-12-19,other,9.0,404.8666666666667,8.0,9.0,6.0,3.6666666666666665,30.166666666666668,0
S-7179fd,A-bcf664,2023-06-16,,Basic,59,1121,13452,False,False,False,False,monthly,True,0,Company_248,DevTools,US,2023-05-19,other,5.0,280.46666666666664,1.0,5.0,5.0,4.0,36.0,0
S-01daf5,A-9affe6,2024-11-14,,Pro,23,1127,13524,False,False,False,False,monthly,True,0,Company_401,Cybersecurity,US,2023-03-22,other,6.0,299.06666666666666,1.0,6.0,3.0,3.0,58.0,0
S-916876,A-5ed98d,2024-09-08,,Pro,24,1176,14112,False,False,False,False,monthly,True,0,Company_479,DevTools,US,2024-06-22,partner,5.0,256.7,5.0,5.0,5.0,5.0,35.8,0
S-4eef1a,A-3a7284,2024-12-18,,Basic,31,589,7068,False,False,False,False,monthly,True,0,Company_93,FinTech,US,2024-11-17,organic,6.0,268.1166666666667,6.0,6.0,3.0,3.5,56.333333333333336,0
S-166024,A-443b7c,2024-10-20,,Basic,24,456,5472,False,False,False,False,monthly,True,0,Company_280,Cybersecurity,US,2024-09-06,other,4.0,262.01666666666665,1.0,4.0,8.0,4.4,29.25,0
S-3ee288,A-05d3b3,2024-10-01,,Enterprise,19,3781,45372,False,False,False,False,annual,True,0,Company_213,DevTools,AU,2023-05-28,ads,7.0,379.1166666666667,0.0,7.0,6.0,4.333333333333333,31.5,0
S-4da04b,A-54ecc2,2024-09-16,,Pro,7,343,4116,False,False,True,False,annual,True,0,Company_289,Cybersecurity,US,2023-06-11,partner,4.0,200.25,3.0,4.0,5.0,5.0,37.4,0
S-2d494e,A-922109,2024-12-01,,Basic,5,0,0,True,False,False,False,monthly,True,0,Company_243,Cybersecurity,US,2024-01-26,ads,5.0,347.1,4.0,5.0,3.0,3.0,25.333333333333332,0
S-a80511,A-993085,2024-09-14,,Pro,31,1519,18228,False,False,False,False,annual,True,0,Company_258,HealthTech,US,2023-06-01,ads,7.0,473.93333333333334,5.0,7.0,4.0,3.5,46.5,0
S-bc4da7,A-02cd81,2024-09-10,,Basic,44,0,0,True,False,False,False,annual,True,0,Company_76,HealthTech,IN,2024-03-28,other,12.0,582.0833333333334,9.0,11.0,3.0,4.5,17.333333333333332,0
S-149409,A-0cc442,2024-09-15,2024-10-28,Pro,45,0,0,True,True,True,True,monthly,True,1,Company_198,EdTech,US,2024-07-18,organic,6.0,240.73333333333332,1.0,6.0,3.0,3.0,37.0,0
S-5488ba,A-d3c88e,2024-12-13,,Enterprise,16,3184,38208,False,False,False,False,annual,True,0,Company_490,DevTools,US,2024-10-18,event,5.0,272.35,4.0,5.0,3.0,4.0,58.0,0
S-d5ce9f,A-acb7f7,2024-02-20,,Basic,39,741,8892,False,False,False,False,monthly,True,0,Company_330,EdTech,US,2024-01-06,ads,7.0,319.4,2.0,7.0,3.0,3.5,41.0,0
S-680dbe,A-b07b56,2024-12-18,,Enterprise,25,4975,59700,False,False,False,False,annual,True,0,Company_292,DevTools,US,2024-11-08,event,4.0,211.23333333333332,9.0,4.0,4.0,3.0,31.25,0
S-129a62,A-8bde0c,2024-12-15,,Basic,34,0,0,True,False,False,False,monthly,False,0,Company_287,DevTools,US,2024-11-04,organic,3.0,90.7,2.0,3.0,3.0,4.0,25.666666666666668,1
S-b821f4,A-adc1f3,2024-12-21,,Enterprise,5,995,11940,False,False,False,False,monthly,True,0,Company_98,Cybersecurity,US,2024-08-05,organic,3.0,173.01666666666668,4.0,3.0,3.0,3.5,47.333333333333336,1
S-b5d3cc,A-d3c88e,2024-12-29,,Enterprise,16,3184,38208,False,False,False,False,monthly,True,0,Company_490,DevTools,US,2024-10-18,event,7.0,351.3666666666667,10.0,7.0,3.0,4.0,58.0,0
S-115510,A-3b37d9,2024-05-28,,Enterprise,23,0,0,True,False,False,False,monthly,True,0,Company_384,FinTech,US,2023-01-27,event,3.0,225.3,1.0,3.0,5.0,4.5,36.0,1
S-244df8,A-94d3da,2024-10-28,,Basic,41,779,9348,False,False,False,False,monthly,True,0,Company_61,HealthTech,US,2023-05-03,other,3.0,201.8,1.0,3.0,6.0,3.5,26.833333333333332,1
S-688851,A-50f3f7,2024-04-05,,Basic,51,969,11628,False,False,False,False,annual,True,0,Company_140,HealthTech,US,2023-12-22,partner,7.0,436.73333333333335,1.0,7.0,6.0,5.0,37.833333333333336,0
S-36aedb,A-2bc93d,2024-09-10,,Enterprise,14,2786,33432,False,True,False,False,annual,False,0,Company_43,HealthTech,US,2023-03-14,event,8.0,556.6,7.0,8.0,2.0,4.5,12.0,0
S-642365,A-bd4513,2024-12-13,,Basic,50,950,11400,False,False,False,False,annual,True,0,Company_205,DevTools,AU,2024-11-06,event,6.0,234.23333333333332,6.0,6.0,3.0,4.666666666666667,42.0,0
S-4d47e3,A-7f4db3,2023-03-28,2024-06-17,Pro,4,196,2352,False,False,False,True,monthly,True,1,Company_441,FinTech,US,2023-03-05,other,6.0,471.15,3.0,6.0,5.0,3.25,16.6,0
S-69b3ac,A-de58ca,2023-05-07,,Enterprise,80,0,0,True,False,False,False,annual,False,0,Company_212,HealthTech,DE,2023-04-13,organic,2.0,43.666666666666664,2.0,2.0,5.0,3.3333333333333335,30.6,1
S-650c13,A-692f18,2024-08-06,,Basic,6,114,1368,False,False,False,False,monthly,True,0,Company_195,EdTech,US,2024-03-28,other,8.0,338.05,4.0,8.0,2.0,5.0,37.5,0
S-380617,A-b2225d,2024-12-10,,Basic,47,893,10716,False,False,False,False,annual,True,0,Company_50,FinTech,US,2024-03-08,ads,8.0,445.65,1.0,8.0,2.0,3.0,42.0,0
S-a1874c,A-9174e0,2024-12-09,,Pro,37,1813,21756,False,False,False,False,monthly,True,0,Company_73,Cybersecurity,US,2024-12-04,partner,5.0,201.3,7.0,5.0,2.0,5.0,39.0,0
S-26dbbf,A-432483,2023-12-17,,Pro,19,931,11172,False,False,False,False,monthly,True,0,Company_78,Cybersecurity,US,2023-02-06,ads,3.0,198.7,1.0,3.0,1.0,,51.0,1
S-467918,A-396e5f,2024-12-19,,Pro,34,1666,19992,False,False,False,False,monthly,False,0,Company_30,Cybersecurity,CA,2024-10-02,other,8.0,449.9,5.0,8.0,5.0,4.0,24.8,0
S-5a4fb5,A-462d45,2024-02-13,,Pro,13,637,7644,False,True,False,False,annual,True,0,Company_13,Cybersecurity,US,2024-01-15,partner,7.0,215.93333333333334,4.0,7.0,4.0,4.0,26.75,0
S-023f5f,A-b2225d,2024-08-18,,Basic,47,893,10716,False,False,False,False,annual,True,0,Company_50,FinTech,US,2024-03-08,ads,6.0,294.26666666666665,1.0,6.0,2.0,3.0,42.0,0
S-4793bb,A-0f7d77,2024-12-08,,Pro,3,147,1764,False,False,False,False,annual,False,0,Company_457,FinTech,IN,2024-10-28,partner,5.0,256.4166666666667,3.0,5.0,5.0,5.0,27.2,0
S-0da8be,A-cc8c8f,2024-07-16,2024-09-05,Basic,23,0,0,True,False,False,True,monthly,True,1,Company_482,DevTools,US,2024-06-16,ads,1.0,35.4,1.0,1.0,2.0,3.5,14.5,1
S-6d6ab6,A-54d94a,2024-12-21,,Basic,27,513,6156,False,False,False,False,annual,True,0,Company_385,Cybersecurity,IN,2023-05-01,event,6.0,302.25,3.0,5.0,4.0,3.5,53.75,0
S-c033fa,A-151c9a,2024-06-26,,Pro,52,2548,30576,False,False,False,False,monthly,False,0,Company_260,FinTech,US,2023-01-27,ads,7.0,422.06666666666666,4.0,7.0,2.0,3.5,31.0,0
S-330989,A-671f31,2024-11-27,,Pro,59,2891,34692,False,False,False,False,annual,True,0,Company_137,DevTools,US,2024-11-24,ads,4.0,196.13333333333333,3.0,4.0,7.0,4.2,33.0,0
S-2632a2,A-5a3eb9,2024-03-15,,Basic,18,342,4104,False,False,True,False,annual,True,0,Company_283,DevTools,CA,2023-08-20,other,7.0,296.23333333333335,3.0,7.0,3.0,,24.0,0
S-e195f5,A-956988,2024-12-26,,Enterprise,12,2388,28656,False,False,False,False,monthly,True,0,Company_14,EdTech,UK,2024-11-30,ads,7.0,382.93333333333334,6.0,7.0,2.0,3.0,50.5,0
S-132103,A-a2485e,2024-08-08,,Pro,9,441,5292,False,False,False,False,monthly,True,0,Company_467,FinTech,US,2024-08-04,event,6.0,353.21666666666664,1.0,6.0,0.0,,,0
S-53361d,A-1ac5e0,2024-12-30,,Enterprise,33,0,0,True,False,False,False,monthly,False,0,Company_126,DevTools,US,2024-10-20,event,9.0,418.73333333333335,6.0,9.0,7.0,3.8,40.42857142857143,0
S-0c42bc,A-712426,2024-12-16,,Pro,9,441,5292,False,False,False,False,annual,True,0,Company_155,HealthTech,US,2024-11-10,other,7.0,231.16666666666666,4.0,6.0,6.0,4.4,37.333333333333336,0
S-b2cfac,A-7f8241,2024-12-24,,Enterprise,34,6766,81192,False,False,False,False,monthly,False,0,Company_42,EdTech,US,2023-03-14,organic,3.0,130.51666666666668,1.0,3.0,1.0,3.0,36.0,1
S-fe2139,A-0f6450,2024-12-28,,Pro,28,1372,16464,False,False,False,False,monthly,True,0,Company_400,FinTech,US,2024-12-27,other,3.0,112.9,0.0,3.0,8.0,3.8333333333333335,29.75,1
S-0386c2,A-0f6450,2024-12-28,,Enterprise,28,5572,66864,False,False,False,False,annual,True,0,Company_400,FinTech,US,2024-12-27,other,6.0,254.68333333333334,7.0,6.0,8.0,3.8333333333333335,29.75,0
S-3fb8f4,A-118f1c,2024-12-28,,Enterprise,32,6368,76416,False,False,False,False,annual,False,0,Company_492,Cybersecurity,US,2024-10-31,other,5.0,285.48333333333335,0.0,5.0,1.0,3.0,64.0,0
S-022a1e,A-c42f1f,2024-07-28,,Pro,11,539,6468,False,False,False,False,annual,True,0,Company_21,HealthTech,US,2024-07-28,other,6.0,226.48333333333332,0.0,6.0,9.0,4.0,31.333333333333332,0
S-a7a7c7,A-2ebb4b,2023-11-02,,Basic,41,0,0,True,False,False,False,monthly,True,0,Company_334,HealthTech,US,2023-05-15,ads,4.0,256.45,4.0,4.0,2.0,3.0,43.5,0
S-89d586,A-970c97,2024-11-02,,Pro,29,1421,17052,False,False,False,False,annual,True,0,Company_477,HealthTech,DE,2024-03-01,other,4.0,144.61666666666667,3.0,4.0,1.0,5.0,61.0,0
S-fdc127,A-7641d3,2024-03-11,,Pro,76,0,0,True,False,False,False,monthly,True,0,Company_429,EdTech,US,2023-02-16,partner,2.0,144.68333333333334,0.0,2.0,5.0,4.333333333333333,45.2,1
S-5fb9ab,A-7f6b86,2024-10-27,,Enterprise,45,0,0,True,False,False,False,annual,False,0,Company_299,HealthTech,US,2023-08-24,partner,4.0,25.133333333333333,5.0,4.0,7.0,3.6666666666666665,40.42857142857143,0
S-e36ccb,A-30b4ca,2024-06-30,,Enterprise,86,17114,205368,False,False,False,False,monthly,True,0,Company_23,EdTech,IN,2024-05-20,organic,6.0,356.1166666666667,4.0,6.0,3.0,4.0,57.666666666666664,0
S-88bc66,A-544d0a,2024-05-24,,Pro,43,2107,25284,False,False,False,False,monthly,False,0,Company_153,DevTools,US,2024-05-02,organic,2.0,31.533333333333335,0.0,2.0,2.0,4.0,38.5,1
S-6aa72f,A-58b9ff,2024-07-05,,Enterprise,3,0,0,True,False,False,False,annual,False,0,Company_425,DevTools,IN,2024-05-31,partner,5.0,267.73333333333335,1.0,5.0,2.0,4.0,66.0,0
S-029065,A-4c56c9,2024-07-28,,Basic,11,0,0,True,False,False,False,annual,True,0,Company_449,FinTech,US,2023-12-20,partner,4.0,242.03333333333333,0.0,4.0,5.0,3.75,38.6,0
S-7070de,A-bcbe98,2024-10-24,,Enterprise,46,9154,109848,False,False,False,False,annual,True,0,Company_452,Cybersecurity,US,2024-07-29,other,8.0,280.68333333333334,0.0,8.0,7.0,4.0,38.285714285714285,0
S-76b06c,A-54d94a,2024-08-06,,Pro,27,1323,15876,False,False,False,False,monthly,True,0,Company_385,Cybersecurity,IN,2023-05-01,event,6.0,231.66666666666666,3.0,6.0,4.0,3.5,53.75,0
S-a102aa,A-ccc747,2024-06-24,,Pro,37,1813,21756,False,True,False,False,monthly,False,0,Company_339,HealthTech,FR,2024-01-12,event,2.0,99.11666666666666,1.0,2.0,4.0,5.0,32.25,1
S-79c82e,A-40906c,2024-09-11,,Basic,92,1748,20976,False,False,False,False,monthly,True,0,Company_235,EdTech,US,2024-03-27,ads,9.0,350.4,2.0,9.0,5.0,3.75,29.2,0
S-af4059,A-acb7f7,2024-01-07,,Enterprise,32,6368,76416,False,False,False,False,annual,True,0,Company_330,EdTech,US,2024-01-06,ads,8.0,251.38333333333333,8.0,8.0,3.0,3.5,41.0,0
S-22eb3c,A-0a282f,2024-12-20,,Basic,60,1140,13680,False,False,False,False,monthly,True,0,Company_2,DevTools,US,2024-08-27,organic,8.0,246.25,6.0,8.0,3.0,4.666666666666667,43.666666666666664,0
S-4e0220,A-fa2041,2024-10-18,,Enterprise,15,2985,35820,False,False,False,False,annual,True,0,Company_211,HealthTech,US,2024-05-29,organic,4.0,198.65,2.0,4.0,1.0,3.0,16.0,0
S-0ecec7,A-756192,2024-07-17,,Enterprise,19,3781,45372,False,False,False,False,monthly,True,0,Company_390,FinTech,IN,2023-06-11,other,8.0,460.5833333333333,8.0,8.0,3.0,4.0,37.333333333333336,0
S-1b8454,A-d4e0d4,2024-10-27,,Enterprise,117,23283,279396,False,False,False,False,monthly,True,0,Company_403,FinTech,US,2024-10-18,other,6.0,178.33333333333334,4.0,6.0,4.0,4.0,39.25,0
S-ad8055,A-bc87bc,2024-11-07,,Enterprise,3,597,7164,False,False,False,False,monthly,True,0,Company_456,FinTech,US,2024-07-17,event,10.0,616.4666666666667,6.0,10.0,7.0,3.75,40.57142857142857,0
S-f762a3,A-158f4e,2024-03-22,,Enterprise,61,12139,145668,False,False,False,False,annual,True,0,Company_180,FinTech,IN,2023-03-03,other,7.0,352.45,3.0,7.0,5.0,4.333333333333333,27.6,0
S-d29575,A-0cc442,2024-09-01,,Enterprise,45,8955,107460,False,False,False,False,monthly,True,0,Company_198,EdTech,US,2024-07-18,organic,5.0,225.8,4.0,5.0,3.0,3.0,37.0,0
S-0756ce,A-9badbd,2024-10-15,,Pro,77,3773,45276,False,False,False,False,monthly,True,0,Company_63,Cybersecurity,DE,2024-06-19,ads,3.0,201.35,3.0,3.0,5.0,5.0,30.2,1
S-f6bb38,A-b2af2e,2024-08-26,,Basic,11,209,2508,False,False,False,False,monthly,False,0,Company_227,Cybersecurity,UK,2024-08-24,event,2.0,79.78333333333333,2.0,2.0,2.0,4.0,39.5,1
S-5685bf,A-524364,2024-12-31,,Enterprise,108,0,0,True,False,False,False,annual,True,0,Company_388,DevTools,FR,2024-12-31,partner,5.0,244.5,10.0,5.0,3.0,4.333333333333333,47.666666666666664,0
S-7c727c,A-adc1f3,2024-08-28,,Enterprise,8,1592,19104,False,False,False,False,annual,False,0,Company_98,Cybersecurity,US,2024-08-05,organic,2.0,102.53333333333333,0.0,2.0,3.0,3.5,47.333333333333336,1
S-1c643d,A-5a92e7,2024-12-11,,Basic,6,114,1368,False,False,False,False,monthly,True,0,Company_413,HealthTech,US,2024-06-11,ads,3.0,167.33333333333334,0.0,3.0,7.0,4.4,45.0,1
S-7c633c,A-dbc825,2024-07-10,,Basic,19,0,0,True,False,False,False,annual,True,0,Company_252,EdTech,FR,2024-01-07,partner,6.0,310.01666666666665,1.0,6.0,6.0,4.0,49.5,0
S-5de583,A-dbc825,2024-11-12,,Basic,19,361,4332,False,False,False,False,monthly,True,0,Company_252,EdTech,FR,2024-01-07,partner,6.0,262.2,2.0,6.0,6.0,4.0,49.5,0
S-80af53,A-fd7ad3,2024-12-23,2024-12-29,Enterprise,12,2388,28656,False,True,False,True,monthly,True,1,Company_100,Cybersecurity,US,2024-11-01,event,5.0,323.15,3.0,5.0,8.0,4.166666666666667,48.75,0
S-9210e7,A-dec005,2024-03-03,,Enterprise,21,4179,50148,False,False,False,False,annual,True,0,Company_445,HealthTech,US,2023-10-13,partner,8.0,396.68333333333334,4.0,8.0,2.0,3.0,59.0,0
S-f9bd62,A-66224b,2024-12-27,,Basic,92,0,0,True,False,False,False,monthly,True,0,Company_87,HealthTech,US,2024-10-18,other,4.0,282.05,0.0,4.0,6.0,3.5,39.833333333333336,0
S-d7c21d,A-8145a0,2024-12-17,,Basic,15,285,3420,False,False,False,False,monthly,True,0,Company_33,Cybersecurity,AU,2023-04-25,partner,5.0,210.16666666666666,3.0,5.0,6.0,4.0,23.666666666666668,0
S-0b73bd,A-118d55,2024-11-24,,Enterprise,16,3184,38208,False,False,True,False,monthly,False,0,Company_65,Cybersecurity,US,2024-10-22,organic,2.0,92.63333333333334,0.0,2.0,5.0,4.333333333333333,24.2,1
S-9a8a30,A-4a267b,2024-09-15,2024-12-24,Enterprise,25,4975,59700,False,False,False,True,annual,True,1,Company_451,FinTech,US,2024-05-05,other,5.0,216.83333333333334,2.0,5.0,4.0,4.333333333333333,16.25,0
S-50e9f3,A-adc1f3,2024-08-10,,Enterprise,6,1194,14328,False,False,False,False,annual,True,0,Company_98,Cybersecurity,US,2024-08-05,organic,4.0,170.45,0.0,4.0,3.0,3.5,47.333333333333336,0
S-f5f01f,A-b179bf,2024-12-24,,Basic,43,817,9804,False,False,False,False,annual,True,0,Company_348,Cybersecurity,IN,2024-10-27,ads,8.0,392.8,7.0,8.0,6.0,4.0,24.666666666666668,0
S-0ec1d3,A-86fc1d,2024-08-08,,Pro,56,2744,32928,False,False,False,False,annual,True,0,Company_328,DevTools,UK,2024-07-26,partner,3.0,166.68333333333334,3.0,3.0,5.0,4.0,27.0,1
S-b784a1,A-59f724,2024-05-29,,Pro,6,294,3528,False,False,False,False,monthly,True,0,Company_432,HealthTech,US,2023-11-03,other,6.0,418.03333333333336,4.0,6.0,4.0,4.25,19.25,0
S-01ae7f,A-b179bf,2024-12-25,,Pro,43,0,0,True,False,False,False,annual,True,0,Company_348,Cybersecurity,IN,2024-10-27,ads,10.0,541.5833333333334,4.0,10.0,6.0,4.0,24.666666666666668,0
S-1fabe5,A-0baac2,2024-12-10,,Basic,19,361,4332,False,False,False,False,monthly,True,0,Company_264,FinTech,DE,2024-05-30,organic,2.0,166.85,0.0,2.0,6.0,4.333333333333333,43.5,1
S-2b8a8b,A-9f2731,2024-11-08,,Pro,13,637,7644,False,False,False,False,annual,True,0,Company_24,FinTech,IN,2024-10-04,event,4.0,240.06666666666666,4.0,4.0,0.0,,,0
S-c455ec,A-856b1e,2023-11-02,,Pro,19,931,11172,False,False,False,False,monthly,True,0,Company_161,FinTech,US,2023-10-31,partner,6.0,221.26666666666668,6.0,6.0,5.0,,36.0,0
S-f4d491,A-9779ad,2024-05-09,,Enterprise,40,7960,95520,False,False,False,False,monthly,True,0,Company_171,Cybersecurity,AU,2024-03-29,event,6.0,274.53333333333336,6.0,6.0,3.0,5.0,20.666666666666668,0
S-30bb47,A-c16cf7,2024-11-13,,Enterprise,13,2587,31044,False,False,False,False,annual,False,0,Company_377,EdTech,US,2024-10-16,event,7.0,288.98333333333335,1.0,7.0,3.0,3.5,48.333333333333336,0
S-9dbe8c,A-d3c88e,2024-10-27,,Basic,16,0,0,True,False,False,False,monthly,True,0,Company_490,DevTools,US,2024-10-18,event,5.0,253.36666666666667,5.0,5.0,3.0,4.0,58.0,0
S-679c73,A-271f46,2024-01-12,,Pro,38,0,0,True,False,False,False,monthly,True,0,Company_84,DevTools,US,2023-02-09,event,8.0,516.8333333333334,2.0,8.0,1.0,,36.0,0
S-d9f26e,A-b7724f,2024-12-27,,Basic,29,551,6612,False,False,False,False,monthly,True,0,Company_320,HealthTech,UK,2023-03-28,organic,6.0,450.31666666666666,1.0,6.0,3.0,3.0,28.666666666666668,0
S-e6c842,A-8b0451,2024-11-10,,Basic,41,779,9348,False,False,False,False,annual,True,0,Company_245,FinTech,UK,2024-09-16,event,7.0,406.8333333333333,5.0,6.0,7.0,3.5,26.571428571428573,0
S-b53850,A-cd458b,2024-08-18,2024-09-14,Basic,29,551,6612,False,False,False,True,annual,True,1,Company_430,DevTools,US,2024-06-15,other,4.0,116.53333333333333,0.0,4.0,5.0,4.6,38.4,0
S-0aba5b,A-180abf,2024-12-16,,Pro,64,0,0,True,False,False,False,monthly,True,0,Company_122,DevTools,US,2023-08-14,event,7.0,260.53333333333336,1.0,6.0,3.0,3.0,36.333333333333336,0
S-99271f,A-d62e02,2024-11-13,,Enterprise,27,5373,64476,False,False,False,False,monthly,False,0,Company_420,Cybersecurity,US,2024-08-20,partner,6.0,254.33333333333334,5.0,6.0,1.0,4.0,36.0,0
S-b8a352,A-5f7781,2024-09-07,,Enterprise,22,4378,52536,False,False,False,False,annual,True,0,Company_483,DevTools,US,2024-08-20,other,5.0,285.5,0.0,5.0,2.0,4.0,28.5,0
S-be509c,A-49b828,2023-08-10,,Enterprise,6,0,0,True,False,False,False,annual,True,0,Company_391,FinTech,IN,2023-05-05,ads,5.0,262.25,4.0,5.0,3.0,3.5,13.666666666666666,0
S-07c2c2,A-f1f639,2023-07-03,,Basic,5,95,1140,False,False,False,False,monthly,True,0,Company_296,EdTech,US,2023-02-26,ads,4.0,195.71666666666667,0.0,4.0,7.0,4.8,20.0,0
S-0e057d,A-cc98bc,2023-06-27,,Pro,57,2793,33516,False,False,False,False,annual,True,0,Company_469,DevTools,US,2023-05-24,ads,4.0,250.41666666666666,0.0,4.0,3.0,4.0,4.666666666666667,0
S-606d6d,A-054577,2024-12-01,,Enterprise,14,2786,33432,False,False,False,False,monthly,True,0,Company_455,EdTech,UK,2024-04-28,ads,8.0,326.05,6.0,8.0,1.0,4.0,46.0,0
S-2ae21d,A-0f6450,2024-12-28,,Basic,28,532,6384,False,False,False,False,annual,True,0,Company_400,FinTech,US,2024-12-27,other,0.0,0.0,0.0,0.0,8.0,3.8333333333333335,29.75,1
S-e60f46,A-eb7fac,2024-03-30,,Enterprise,7,1393,16716,False,False,False,False,annual,True,0,Company_28,DevTools,US,2023-10-28,organic,0.0,0.0,0.0,0.0,4.0,4.0,34.0,1
S-87e8d3,A-8145a0,2023-08-07,,Enterprise,4,796,9552,False,False,False,False,monthly,True,0,Company_33,Cybersecurity,AU,2023-04-25,partner,8.0,684.0833333333334,4.0,8.0,6.0,4.0,23.666666666666668,0
S-b409d1,A-e98302,2024-01-21,,Pro,18,882,10584,False,False,False,False,annual,True,0,Company_286,EdTech,US,2023-12-26,ads,3.0,187.4,3.0,3.0,9.0,4.142857142857143,44.44444444444444,1
S-fb6734,A-bd4513,2024-11-12,,Enterprise,50,9950,119400,False,False,False,False,annual,True,0,Company_205,DevTools,AU,2024-11-06,event,4.0,222.36666666666667,1.0,4.0,3.0,4.666666666666667,42.0,0
S-8a46fe,A-7d514c,2024-12-05,,Enterprise,17,3383,40596,False,False,False,False,monthly,True,0,Company_119,HealthTech,DE,2024-02-03,organic,13.0,605.2333333333333,2.0,13.0,3.0,5.0,33.333333333333336,0
S-ee3fa2,A-977ca0,2024-03-19,,Pro,6,294,3528,False,False,False,False,annual,True,0,Company_232,HealthTech,IN,2023-02-20,partner,3.0,138.08333333333334,2.0,3.0,3.0,4.0,64.0,1
S-8bf576,A-cbbe12,2024-12-16,,Enterprise,40,7960,95520,False,False,False,False,monthly,True,0,Company_450,Cybersecurity,DE,2023-03-22,partner,3.0,86.28333333333333,1.0,3.0,6.0,4.25,38.0,1
S-9fa080,A-c1e51e,2024-12-24,,Enterprise,29,5771,69252,False,True,False,False,monthly,True,0,Company_173,FinTech,US,2024-10-02,organic,9.0,285.93333333333334,16.0,9.0,5.0,3.2,40.0,0
S-30e0c1,A-977ca0,2024-08-02,,Pro,35,1715,20580,False,False,False,False,monthly,True,0,Company_232,HealthTech,IN,2023-02-20,partner,3.0,249.73333333333332,3.0,3.0,3.0,4.0,64.0,1
S-9eb13e,A-4c38bc,2024-04-30,,Basic,36,684,8208,False,False,False,False,monthly,True,0,Company_55,HealthTech,UK,2024-03-09,event,2.0,48.86666666666667,0.0,2.0,3.0,3.5,48.333333333333336,1
S-d1b062,A-a6d261,2024-03-07,,Enterprise,14,2786,33432,False,False,False,False,monthly,True,0,Company_303,FinTech,CA,2023-11-29,other,3.0,37.333333333333336,2.0,3.0,4.0,4.666666666666667,40.0,1
S-9ffb31,A-a8d89d,2024-08-24,,Pro,13,637,7644,False,False,False,False,annual,True,0,Company_326,EdTech,US,2023-12-08,ads,2.0,93.46666666666667,0.0,2.0,2.0,5.0,44.5,1
S-9e2819,A-e43bf7,2024-07-28,,Enterprise,44,8756,105072,False,False,False,False,annual,True,0,Company_215,Cybersecurity,AU,2023-03-24,other,3.0,85.55,2.0,3.0,5.0,4.0,27.4,1
S-f9b1d0,A-65a46c,2024-03-07,,Basic,18,342,4104,False,False,False,False,monthly,True,0,Company_95,HealthTech,US,2023-11-04,event,4.0,83.41666666666667,0.0,4.0,8.0,4.0,45.125,0
S-7f28f3,A-396e5f,2024-10-18,,Pro,10,490,5880,False,True,True,False,annual,True,0,Company_30,Cybersecurity,CA,2024-10-02,other,2.0,93.73333333333333,1.0,2.0,5.0,4.0,24.8,1
S-c1164e,A-4ef964,2024-09-06,,Pro,70,3430,41160,False,False,False,False,monthly,False,0,Company_262,HealthTech,US,2024-03-07,organic,1.0,24.083333333333332,1.0,1.0,3.0,4.0,42.666666666666664,1
S-a9fb74,A-c45b23,2024-08-04,,Pro,5,0,0,True,False,False,False,annual,True,0,Company_75,FinTech,UK,2023-12-08,partner,6.0,212.61666666666667,2.0,6.0,3.0,3.0,36.666666666666664,0
S-3e5a20,A-eafc6e,2024-07-17,,Basic,76,1444,17328,False,False,False,False,monthly,False,0,Company_149,DevTools,US,2023-07-06,partner,5.0,126.86666666666666,6.0,5.0,1.0,,64.0,0
S-78da0b,A-b20d99,2024-01-26,,Enterprise,20,3980,47760,False,False,False,False,monthly,True,0,Company_29,HealthTech,IN,2023-09-27,other,3.0,238.18333333333334,0.0,3.0,2.0,3.5,61.5,1
S-e9bcb2,A-eb2fdc,2024-05-15,,Basic,43,817,9804,False,False,False,False,monthly,True,0,Company_216,DevTools,AU,2023-11-21,organic,7.0,254.88333333333333,4.0,7.0,5.0,4.5,33.6,0
S-4d30ba,A-600734,2024-02-25,,Basic,29,551,6612,False,False,False,False,annual,True,0,Company_327,DevTools,US,2023-11-14,organic,3.0,213.51666666666668,3.0,3.0,7.0,3.6666666666666665,52.57142857142857,1
S-654529,A-8b25f2,2024-10-17,,Enterprise,6,0,0,True,False,False,False,annual,True,0,Company_96,Cybersecurity,US,2024-02-17,ads,5.0,241.73333333333332,1.0,5.0,2.0,4.0,35.5,0
S-342708,A-ffc04f,2024-11-30,2024-12-21,Pro,41,2009,24108,False,False,False,True,annual,True,1,Company_307,EdTech,US,2024-06-06,ads,5.0,347.56666666666666,1.0,5.0,7.0,4.5,17.714285714285715,0
S-c067fc,A-249769,2024-07-18,,Basic,5,95,1140,False,False,False,False,monthly,True,0,Company_214,Cybersecurity,US,2024-04-25,event,5.0,176.4,3.0,5.0,2.0,4.0,39.5,0
S-e31e0c,A-977ca0,2023-04-04,,Pro,92,4508,54096,False,False,False,False,monthly,True,0,Company_232,HealthTech,IN,2023-02-20,partner,6.0,301.1333333333333,6.0,6.0,3.0,4.0,64.0,0
S-cd79c0,A-ccabf0,2023-11-07,,Enterprise,16,3184,38208,False,False,False,False,monthly,True,0,Company_471,HealthTech,IN,2023-11-06,organic,9.0,516.4166666666666,2.0,9.0,4.0,3.6666666666666665,46.25,0
S-b69d76,A-b54c01,2024-10-28,,Pro,29,1421,17052,False,False,False,False,monthly,True,0,Company_354,DevTools,US,2024-09-29,event,5.0,240.03333333333333,5.0,5.0,5.0,3.0,42.6,0
S-612bfb,A-180abf,2024-04-16,,Enterprise,64,12736,152832,False,True,False,False,annual,True,0,Company_122,DevTools,US,2023-08-14,event,9.0,691.3666666666667,5.0,9.0,3.0,3.0,36.333333333333336,0
S-51673a,A-5a92e7,2024-12-17,,Pro,9,0,0,True,False,False,False,monthly,True,0,Company_413,HealthTech,US,2024-06-11,ads,4.0,287.6,0.0,4.0,7.0,4.4,45.0,0
S-0f9910,A-af0cd2,2023-07-10,2024-07-15,Basic,19,0,0,True,False,False,True,monthly,True,1,Company_204,Cybersecurity,IN,2023-01-03,other,5.0,182.1,2.0,5.0,3.0,,54.333333333333336,0
S-d4a76b,A-a45270,2024-09-23,,Basic,29,551,6612,False,True,False,False,monthly,True,0,Company_37,HealthTech,US,2024-06-24,ads,6.0,349.7,3.0,6.0,4.0,4.0,64.0,0
S-2abffe,A-a8b49c,2024-03-02,,Pro,9,441,5292,False,False,False,False,monthly,False,0,Company_72,Cybersecurity,UK,2023-10-06,partner,5.0,312.18333333333334,9.0,5.0,1.0,4.0,72.0,0
S-938952,A-df1e44,2024-12-18,,Pro,12,588,7056,False,False,False,False,monthly,True,0,Company_323,Cybersecurity,UK,2024-02-23,organic,4.0,173.6,1.0,4.0,2.0,5.0,53.0,0
S-4f5eb2,A-781cc0,2024-09-07,,Basic,12,228,2736,False,False,False,False,monthly,False,0,Company_499,EdTech,US,2024-09-04,organic,4.0,254.0,3.0,4.0,4.0,3.6666666666666665,57.5,0
S-7f92bd,A-4f18f0,2024-06-04,2024-08-10,Basic,24,456,5472,False,False,True,True,monthly,True,1,Company_145,DevTools,CA,2024-04-21,other,4.0,209.25,2.0,4.0,5.0,4.0,39.2,0
S-ad45ea,A-c1e51e,2024-12-11,,Basic,19,361,4332,False,False,False,False,monthly,True,0,Company_173,FinTech,US,2024-10-02,organic,4.0,170.85,1.0,4.0,5.0,3.2,40.0,0
S-f78a1a,A-fd7ad3,2024-11-02,,Basic,3,57,684,False,False,False,False,annual,True,0,Company_100,Cybersecurity,US,2024-11-01,event,6.0,378.45,3.0,6.0,8.0,4.166666666666667,48.75,0
S-3ad221,A-6f50ae,2023-11-11,,Basic,19,361,4332,False,False,False,False,monthly,True,0,Company_466,FinTech,US,2023-09-21,partner,7.0,304.98333333333335,7.0,7.0,5.0,4.5,31.0,0
S-8b3331,A-53f4e3,2024-11-28,,Basic,18,342,4104,False,False,False,False,annual,True,0,Company_194,Cybersecurity,UK,2024-06-14,event,4.0,138.66666666666666,5.0,4.0,5.0,4.0,28.6,0
S-e4ce2c,A-5ed98d,2024-08-14,,Pro,24,1176,14112,False,False,False,False,annual,True,0,Company_479,DevTools,US,2024-06-22,partner,5.0,312.15,2.0,5.0,5.0,5.0,35.8,0
S-8b0498,A-180abf,2024-02-19,,Pro,64,3136,37632,False,False,False,False,monthly,False,0,Company_122,DevTools,US,2023-08-14,event,4.0,100.9,2.0,4.0,3.0,3.0,36.333333333333336,0
S-2971ae,A-9c18c4,2024-10-13,,Enterprise,11,2189,26268,False,True,False,False,monthly,True,0,Company_481,HealthTech,US,2023-07-27,ads,8.0,474.65,9.0,8.0,4.0,4.0,42.25,0
S-447189,A-378b99,2024-09-19,,Basic,68,1292,15504,False,False,False,False,monthly,True,0,Company_60,EdTech,UK,2024-09-01,ads,4.0,330.15,5.0,4.0,6.0,4.5,28.5,0
S-474001,A-adc1f3,2024-12-19,,Pro,2,98,1176,False,False,False,False,annual,False,0,Company_98,Cybersecurity,US,2024-08-05,organic,0.0,0.0,0.0,0.0,3.0,3.5,47.333333333333336,1
S-4c7591,A-17939a,2024-12-30,,Pro,28,1372,16464,False,False,False,False,monthly,True,0,Company_162,HealthTech,US,2024-12-26,organic,2.0,109.83333333333333,2.0,2.0,7.0,4.5,38.0,1
S-477a57,A-ccabf0,2023-11-29,,Enterprise,59,11741,140892,False,False,False,False,monthly,True,0,Company_471,HealthTech,IN,2023-11-06,organic,1.0,20.5,1.0,1.0,4.0,3.6666666666666665,46.25,1
S-a60299,A-716841,2024-09-20,,Pro,45,0,0,True,False,False,False,monthly,True,0,Company_437,FinTech,US,2024-05-06,other,6.0,398.4,0.0,6.0,5.0,4.0,29.8,0
S-f8bff8,A-71615e,2024-07-20,,Basic,15,285,3420,False,False,False,False,annual,True,0,Company_167,EdTech,US,2024-05-18,organic,3.0,144.76666666666668,2.0,3.0,1.0,,49.0,1
S-8f181e,A-5790f4,2024-12-24,,Enterprise,18,3582,42984,False,False,False,False,annual,True,0,Company_446,FinTech,UK,2024-12-22,event,8.0,358.25,6.0,8.0,4.0,4.0,44.0,0
S-0ec903,A-039727,2024-12-18,,Basic,25,475,5700,False,False,False,False,annual,True,0,Company_107,EdTech,AU,2024-11-02,organic,2.0,151.4,2.0,2.0,0.0,,,0
S-591a64,A-c7e58b,2023-08-30,,Basic,3,57,684,False,False,False,False,annual,True,0,Company_404,HealthTech,IN,2023-06-25,other,3.0,121.43333333333334,0.0,3.0,5.0,3.5,30.6,1
S-3af70e,A-3b37d9,2024-11-17,,Enterprise,23,4577,54924,False,False,False,False,annual,True,0,Company_384,FinTech,US,2023-01-27,event,9.0,474.51666666666665,4.0,9.0,5.0,4.5,36.0,0
S-d44088,A-0651a4,2024-12-21,2024-12-23,Pro,16,0,0,True,False,False,True,annual,True,1,Company_255,HealthTech,FR,2024-10-16,organic,3.0,124.5,4.0,3.0,4.0,4.0,29.25,1
S-fb95f2,A-d4ac0e,2024-10-28,,Enterprise,25,4975,59700,False,False,False,False,annual,True,0,Company_364,DevTools,UK,2024-04-20,ads,4.0,219.18333333333334,2.0,4.0,4.0,3.5,21.0,0
S-d07886,A-0dbdc6,2024-07-02,,Pro,30,1470,17640,False,False,False,False,annual,True,0,Company_366,Cybersecurity,DE,2023-02-12,other,4.0,172.15,2.0,4.0,4.0,5.0,47.0,0
S-977d49,A-a865bd,2024-04-11,,Enterprise,38,7562,90744,False,False,False,False,monthly,True,0,Company_297,Cybersecurity,US,2023-09-19,organic,8.0,196.3,5.0,7.0,2.0,3.0,31.5,0
S-270e94,A-22f2df,2024-12-21,,Basic,6,114,1368,False,True,False,False,annual,True,0,Company_106,DevTools,US,2024-12-14,ads,5.0,199.5,4.0,5.0,5.0,5.0,44.8,0
S-b8ee76,A-7f4db3,2023-10-31,,Pro,6,294,3528,False,False,False,False,monthly,True,0,Company_441,FinTech,US,2023-03-05,other,7.0,385.78333333333336,4.0,7.0,5.0,3.25,16.6,0
S-c3472f,A-038089,2024-07-23,,Pro,36,1764,21168,False,False,False,False,monthly,True,0,Company_156,DevTools,FR,2023-12-19,other,8.0,463.4,3.0,8.0,6.0,3.6666666666666665,30.166666666666668,0
S-46dfac,A-6dee43,2024-10-16,,Pro,17,0,0,True,False,False,False,annual,True,0,Company_478,FinTech,UK,2023-08-12,other,4.0,111.45,2.0,4.0,5.0,4.333333333333333,44.2,0
S-eb8b81,A-1f7acb,2023-10-31,,Basic,64,1216,14592,False,False,False,False,monthly,True,0,Company_281,FinTech,UK,2023-08-06,ads,6.0,376.43333333333334,6.0,6.0,7.0,4.4,41.714285714285715,0
S-7ea264,A-10b8f2,2024-04-10,,Enterprise,47,9353,112236,False,False,False,False,annual,True,0,Company_151,HealthTech,DE,2023-01-11,organic,1.0,47.71666666666667,2.0,1.0,3.0,4.333333333333333,46.333333333333336,1
S-209456,A-95b24a,2023-07-18,,Pro,38,1862,22344,False,False,False,False,annual,True,0,Company_117,FinTech,US,2023-06-06,event,5.0,231.7,4.0,5.0,5.0,4.25,21.2,0
S-c63e51,A-cab532,2024-07-07,,Pro,11,539,6468,False,False,False,False,annual,True,0,Company_218,DevTools,FR,2023-04-03,organic,6.0,242.18333333333334,1.0,6.0,1.0,4.0,32.0,0
S-40d87e,A-f03140,2024-05-28,,Pro,28,1372,16464,False,False,False,False,annual,True,0,Company_209,DevTools,IN,2023-11-22,event,11.0,675.85,4.0,11.0,7.0,3.6666666666666665,36.0,0
S-2ee7ec,A-c16101,2024-10-24,,Basic,12,228,2736,False,False,False,False,monthly,True,0,Company_139,EdTech,IN,2024-09-06,other,8.0,498.15,3.0,8.0,4.0,5.0,28.0,0
S-2c11c6,A-76fa4d,2024-12-08,2024-12-28,Pro,69,0,0,True,False,False,True,monthly,True,1,Company_226,HealthTech,US,2024-11-24,event,3.0,230.83333333333334,1.0,3.0,5.0,4.5,33.4,1
S-d232ad,A-1619f8,2024-06-10,,Pro,29,0,0,True,False,False,False,monthly,False,0,Company_183,DevTools,US,2024-05-20,organic,7.0,292.55,4.0,7.0,3.0,5.0,42.0,0
S-3a28cc,A-80eeb6,2024-02-16,,Basic,33,627,7524,False,False,False,False,monthly,True,0,Company_402,Cybersecurity,UK,2023-05-09,organic,5.0,164.66666666666666,5.0,5.0,4.0,3.6666666666666665,40.25,0
S-775dd1,A-378b99,2024-09-10,,Pro,19,931,11172,False,False,False,False,monthly,True,0,Company_60,EdTech,UK,2024-09-01,ads,1.0,78.15,2.0,1.0,6.0,4.5,28.5,1
S-4c2f78,A-533452,2024-11-24,,Pro,51,2499,29988,False,False,False,False,monthly,True,0,Company_279,DevTools,AU,2024-11-12,organic,3.0,163.91666666666666,0.0,3.0,4.0,4.0,32.75,1
S-91cd9b,A-cdf020,2024-01-31,2024-07-03,Pro,45,2205,26460,False,False,False,True,annual,True,1,Company_345,DevTools,AU,2023-08-16,organic,8.0,487.18333333333334,1.0,8.0,4.0,4.0,29.5,0
S-e0a4c5,A-fabe19,2024-12-26,,Enterprise,1,0,0,True,True,False,False,monthly,False,0,Company_97,DevTools,UK,2024-11-11,ads,5.0,331.3333333333333,1.0,5.0,3.0,4.0,40.666666666666664,0
S-76c065,A-716841,2024-11-14,,Enterprise,45,8955,107460,False,False,False,False,annual,True,0,Company_437,FinTech,US,2024-05-06,other,1.0,51.46666666666667,0.0,1.0,5.0,4.0,29.8,1
S-3cae3d,A-ce550d,2024-12-04,,Pro,35,1715,20580,False,False,False,False,annual,False,0,Company_4,HealthTech,US,2024-10-27,event,7.0,302.65,5.0,7.0,7.0,3.8,42.285714285714285,0
S-71c67c,A-0f6450,2024-12-30,,Pro,28,1372,16464,False,False,False,False,monthly,True,0,Company_400,FinTech,US,2024-12-27,other,7.0,294.51666666666665,4.0,7.0,8.0,3.8333333333333335,29.75,0
S-fe6eb1,A-2446e3,2024-12-09,,Enterprise,27,5373,64476,False,False,False,False,monthly,True,0,Company_241,EdTech,IN,2024-01-10,organic,7.0,264.75,10.0,7.0,3.0,4.0,28.666666666666668,0
S-2dc99d,A-cc102e,2024-11-04,,Basic,22,418,5016,False,False,False,False,monthly,True,0,Company_443,HealthTech,US,2024-04-15,partner,3.0,177.63333333333333,2.0,3.0,4.0,4.333333333333333,33.25,1
S-cd4dcd,A-cb5333,2024-07-11,,Pro,33,1617,19404,False,False,False,False,monthly,True,0,Company_370,DevTools,US,2024-03-26,ads,5.0,253.91666666666666,1.0,5.0,4.0,3.0,30.75,0
S-21ebb6,A-0baac2,2024-10-27,,Enterprise,31,6169,74028,False,False,False,False,annual,True,0,Company_264,FinTech,DE,2024-05-30,organic,6.0,485.8,5.0,6.0,6.0,4.333333333333333,43.5,0
S-94c6a5,A-40de06,2024-08-22,,Pro,28,1372,16464,False,True,False,False,monthly,True,0,Company_369,Cybersecurity,US,2023-05-08,event,3.0,76.15,3.0,3.0,3.0,4.0,40.333333333333336,1
S-89c7ff,A-2f6a32,2024-10-13,,Pro,33,1617,19404,False,False,False,False,annual,True,0,Company_160,HealthTech,US,2024-08-26,organic,9.0,382.8833333333333,3.0,9.0,2.0,3.5,41.0,0
S-6da42f,A-039727,2024-11-30,,Pro,25,1225,14700,False,True,True,False,monthly,True,0,Company_107,EdTech,AU,2024-11-02,organic,4.0,206.4,2.0,4.0,0.0,,,0
S-ec242e,A-8e47ca,2024-04-26,,Enterprise,31,6169,74028,False,False,False,False,monthly,True,0,Company_191,HealthTech,US,2024-02-15,organic,2.0,130.46666666666667,2.0,2.0,5.0,4.0,33.4,1
S-7003c5,A-038089,2024-12-30,,Basic,5,95,1140,False,False,False,False,annual,True,0,Company_156,DevTools,FR,2023-12-19,other,3.0,192.95,4.0,3.0,6.0,3.6666666666666665,30.166666666666668,1
S-ac6f24,A-fdfc91,2024-05-03,,Pro,29,0,0,True,False,False,False,monthly,True,0,Company_414,Cybersecurity,US,2023-05-06,ads,6.0,175.2,8.0,6.0,5.0,3.6666666666666665,28.8,0
S-52b74f,A-249769,2024-08-11,,Enterprise,7,1393,16716,False,False,False,False,annual,True,0,Company_214,Cybersecurity,US,2024-04-25,event,2.0,103.61666666666666,0.0,2.0,2.0,4.0,39.5,1
S-e89b90,A-756192,2024-12-12,,Pro,38,1862,22344,False,False,False,False,annual,True,0,Company_390,FinTech,IN,2023-06-11,other,7.0,458.26666666666665,7.0,7.0,3.0,4.0,37.333333333333336,0
S-70d15d,A-8adedc,2024-02-22,2024-03-09,Enterprise,57,11343,136116,False,False,False,True,monthly,True,1,Company_300,EdTech,US,2024-02-11,event,7.0,312.05,6.0,7.0,4.0,4.0,49.25,0
S-0d497d,A-432483,2024-01-10,,Enterprise,41,8159,97908,False,False,False,False,annual,True,0,Company_78,Cybersecurity,US,2023-02-06,ads,9.0,394.53333333333336,8.0,9.0,1.0,,51.0,0
S-14f672,A-692f18,2024-07-10,,Pro,12,588,7056,False,False,False,False,monthly,True,0,Company_195,EdTech,US,2024-03-28,other,3.0,98.88333333333334,3.0,3.0,2.0,5.0,37.5,1
S-7be132,A-cea1f0,2024-10-21,,Basic,14,266,3192,False,False,False,False,annual,True,0,Company_273,FinTech,US,2024-04-07,event,7.0,179.38333333333333,0.0,7.0,5.0,4.333333333333333,42.2,0
S-0fdcfe,A-4c38bc,2024-08-24,,Enterprise,36,7164,85968,False,True,False,False,annual,True,0,Company_55,HealthTech,UK,2024-03-09,event,6.0,258.3833333333333,4.0,6.0,3.0,3.5,48.333333333333336,0
S-600e05,A-600734,2024-04-17,,Basic,29,551,6612,False,False,False,False,monthly,False,0,Company_327,DevTools,US,2023-11-14,organic,4.0,182.7,0.0,4.0,7.0,3.6666666666666665,52.57142857142857,0
S-2b0a2d,A-c1dfe1,2024-02-04,,Basic,26,494,5928,False,True,False,False,annual,True,0,Company_53,DevTools,DE,2023-08-07,ads,4.0,262.4,5.0,4.0,3.0,4.0,50.333333333333336,0
S-3a6a71,A-462d45,2024-04-19,,Basic,61,1159,13908,False,False,False,False,monthly,False,0,Company_13,Cybersecurity,US,2024-01-15,partner,7.0,216.8,0.0,7.0,4.0,4.0,26.75,0
S-c27df9,A-6f50ae,2024-04-05,,Pro,19,0,0,True,False,False,False,monthly,True,0,Company_466,FinTech,US,2023-09-21,partner,5.0,240.0,2.0,5.0,5.0,4.5,31.0,0
S-abddce,A-7d514c,2024-07-01,2024-11-12,Enterprise,43,8557,102684,False,False,False,True,monthly,True,1,Company_119,HealthTech,DE,2024-02-03,organic,7.0,300.06666666666666,9.0,7.0,3.0,5.0,33.333333333333336,0
S-5d0af1,A-977ca0,2023-04-19,,Pro,17,833,9996,False,False,False,False,monthly,False,0,Company_232,HealthTech,IN,2023-02-20,partner,10.0,518.0,1.0,10.0,3.0,4.0,64.0,0
S-a2d132,A-66224b,2024-11-28,,Pro,111,0,0,True,False,False,False,annual,True,0,Company_87,HealthTech,US,2024-10-18,other,7.0,348.8333333333333,1.0,7.0,6.0,3.5,39.833333333333336,0
S-a610f6,A-98a59a,2023-11-25,,Basic,56,1064,12768,False,False,False,False,annual,False,0,Company_80,FinTech,UK,2023-08-04,partner,4.0,175.85,0.0,4.0,3.0,4.5,37.333333333333336,0
S-60890c,A-ff3c73,2023-04-06,,Pro,21,1029,12348,False,False,False,False,monthly,False,0,Company_244,HealthTech,AU,2023-01-26,other,4.0,157.55,2.0,4.0,2.0,3.5,35.5,0
S-be53ea,A-526d93,2024-07-28,,Pro,43,2107,25284,False,False,False,False,annual,True,0,Company_66,HealthTech,FR,2024-04-14,organic,9.0,551.5833333333334,13.0,9.0,5.0,3.5,51.4,0
S-710a78,A-f6b2fb,2024-10-21,,Enterprise,23,0,0,True,False,False,False,annual,True,0,Company_418,DevTools,AU,2024-04-23,event,3.0,20.283333333333335,0.0,3.0,5.0,4.0,55.0,1
S-9bd0ec,A-fe79a5,2024-12-26,,Enterprise,9,1791,21492,False,False,False,False,annual,True,0,Company_81,HealthTech,IN,2024-02-21,ads,1.0,74.25,0.0,1.0,4.0,5.0,28.5,1
S-f36088,A-8adedc,2024-05-24,,Enterprise,43,0,0,True,False,False,False,annual,True,0,Company_300,EdTech,US,2024-02-11,event,3.0,157.13333333333333,3.0,3.0,4.0,4.0,49.25,1
S-a55d16,A-7da956,2024-07-23,,Basic,13,247,2964,False,False,False,False,monthly,False,0,Company_141,Cybersecurity,US,2024-06-02,event,2.0,106.98333333333333,0.0,2.0,3.0,5.0,32.666666666666664,1
S-7f94c2,A-9bfc9f,2023-10-16,,Pro,53,0,0,True,False,False,False,monthly,True,0,Company_228,DevTools,CA,2023-09-14,ads,2.0,145.0,2.0,2.0,6.0,3.3333333333333335,35.333333333333336,1
S-bff4f8,A-b07346,2024-11-21,,Enterprise,51,10149,121788,False,False,False,False,annual,False,0,Company_269,HealthTech,US,2024-10-10,partner,3.0,112.45,5.0,3.0,3.0,3.5,42.333333333333336,1
S-07a006,A-40906c,2024-11-18,,Enterprise,92,18308,219696,False,False,False,False,monthly,True,0,Company_235,EdTech,US,2024-03-27,ads,3.0,181.8,7.0,3.0,5.0,3.75,29.2,1
S-35a9b6,A-c16cf7,2024-10-27,,Pro,13,637,7644,False,False,False,False,annual,False,0,Company_377,EdTech,US,2024-10-16,event,4.0,156.96666666666667,0.0,4.0,3.0,3.5,48.333333333333336,0
S-c7190f,A-56962b,2024-09-08,,Pro,163,7987,95844,False,True,False,False,monthly,True,0,Company_177,EdTech,UK,2024-04-09,partner,5.0,162.48333333333332,6.0,5.0,4.0,3.0,37.5,0
S-7dab19,A-de58ca,2023-12-24,2024-11-04,Basic,47,893,10716,False,False,False,True,annual,False,1,Company_212,HealthTech,DE,2023-04-13,organic,8.0,327.68333333333334,5.0,8.0,5.0,3.3333333333333335,30.6,0
S-a7ce33,A-e89151,2024-03-28,,Enterprise,23,4577,54924,False,True,False,False,monthly,True,0,Company_234,FinTech,UK,2023-09-14,organic,1.0,56.8,0.0,1.0,2.0,5.0,41.5,1
S-ddf5ff,A-1f559b,2024-06-21,2024-09-29,Basic,58,1102,13224,False,False,False,True,monthly,False,1,Company_357,HealthTech,US,2023-09-04,organic,5.0,205.45,1.0,5.0,5.0,4.2,50.4,0
S-b262a1,A-180abf,2024-11-09,,Basic,64,1216,14592,False,False,False,False,annual,True,0,Company_122,DevTools,US,2023-08-14,event,4.0,43.13333333333333,6.0,4.0,3.0,3.0,36.333333333333336,0
S-db37e1,A-4a267b,2024-10-12,,Enterprise,63,12537,150444,False,False,False,False,annual,False,0,Company_451,FinTech,US,2024-05-05,other,5.0,260.8833333333333,3.0,5.0,4.0,4.333333333333333,16.25,0
S-a67bb7,A-09316c,2024-09-19,,Enterprise,70,13930,167160,False,False,False,False,monthly,True,0,Company_341,FinTech,AU,2024-09-11,organic,7.0,350.53333333333336,1.0,7.0,4.0,3.75,54.75,0
S-2ec763,A-068fc6,2024-12-03,,Pro,35,1715,20580,False,False,False,False,monthly,True,0,Company_465,EdTech,US,2023-07-17,event,10.0,643.55,6.0,10.0,5.0,4.333333333333333,38.8,0
S-142456,A-22d9d2,2024-04-30,2024-09-06,Basic,10,0,0,True,False,False,True,annual,True,1,Company_188,DevTools,FR,2024-03-22,event,6.0,360.43333333333334,3.0,6.0,6.0,4.0,16.0,0
S-81d580,A-f03140,2024-07-09,,Basic,27,513,6156,False,False,False,False,annual,False,0,Company_209,DevTools,IN,2023-11-22,event,5.0,258.6166666666667,2.0,5.0,7.0,3.6666666666666665,36.0,0
S-47cfb3,A-22f2df,2024-12-30,,Basic,11,209,2508,False,False,False,False,annual,True,0,Company_106,DevTools,US,2024-12-14,ads,8.0,421.65,3.0,8.0,5.0,5.0,44.8,0
S-d5bf88,A-462d45,2024-02-21,,Enterprise,52,10348,124176,False,False,True,False,annual,True,0,Company_13,Cybersecurity,US,2024-01-15,partner,7.0,226.35,6.0,7.0,4.0,4.0,26.75,0
S-62b93c,A-692f18,2024-09-19,,Enterprise,6,0,0,True,False,False,False,annual,True,0,Company_195,EdTech,US,2024-03-28,other,4.0,306.6666666666667,0.0,4.0,2.0,5.0,37.5,0
S-8bac4e,A-558c72,2023-12-17,,Pro,12,588,7056,False,False,False,False,monthly,True,0,Company_438,FinTech,US,2023-06-01,organic,3.0,144.45,1.0,3.0,4.0,4.5,64.25,1
S-35cf1c,A-1b9609,2024-02-17,,Basic,49,931,11172,False,False,False,False,monthly,True,0,Company_5,EdTech,IN,2023-10-12,ads,5.0,279.93333333333334,2.0,5.0,4.0,3.0,43.0,0
S-820711,A-71615e,2024-11-05,,Enterprise,60,11940,143280,False,False,False,False,annual,False,0,Company_167,EdTech,US,2024-05-18,organic,7.0,389.3333333333333,1.0,7.0,1.0,,49.0,0
S-304196,A-bcf664,2024-09-02,,Basic,6,114,1368,False,False,False,False,monthly,True,0,Company_248,DevTools,US,2023-05-19,other,7.0,375.3833333333333,2.0,7.0,5.0,4.0,36.0,0
S-39e396,A-443b7c,2024-11-29,,Basic,8,152,1824,False,False,False,False,annual,True,0,Company_280,Cybersecurity,US,2024-09-06,other,6.0,280.8666666666667,1.0,6.0,8.0,4.4,29.25,0
S-1e8910,A-9b9fe9,2024-05-26,,Pro,5,0,0,True,False,False,False,monthly,True,0,Company_71,EdTech,AU,2023-09-28,other,9.0,614.5333333333333,3.0,9.0,4.0,4.0,33.5,0
S-b465a7,A-66224b,2024-10-20,,Enterprise,92,18308,219696,False,False,False,False,monthly,True,0,Company_87,HealthTech,US,2024-10-18,other,3.0,162.16666666666666,6.0,3.0,6.0,3.5,39.833333333333336,1
S-5163bd,A-7988d1,2024-05-18,,Basic,33,627,7524,False,False,False,False,annual,True,0,Company_90,Cybersecurity,US,2023-12-20,other,7.0,504.31666666666666,1.0,7.0,3.0,4.333333333333333,35.333333333333336,0
S-20d02a,A-40a557,2024-01-11,2024-01-16,Enterprise,16,3184,38208,False,False,False,True,annual,True,1,Company_86,Cybersecurity,AU,2023-12-03,partner,7.0,334.6166666666667,3.0,7.0,7.0,3.6666666666666665,30.571428571428573,0
S-34b845,A-432483,2024-05-02,,Pro,8,392,4704,False,False,False,False,monthly,True,0,Company_78,Cybersecurity,US,2023-02-06,ads,3.0,233.01666666666668,2.0,3.0,1.0,,51.0,1
S-12ca50,A-425e76,2023-06-21,,Enterprise,8,1592,19104,False,True,False,False,monthly,True,0,Company_110,DevTools,UK,2023-05-17,other,3.0,140.73333333333332,2.0,3.0,5.0,3.3333333333333335,48.2,1
S-6dff9e,A-76fa4d,2024-11-27,,Enterprise,69,13731,164772,False,False,False,False,monthly,True,0,Company_226,HealthTech,US,2024-11-24,event,3.0,223.46666666666667,0.0,3.0,5.0,4.5,33.4,1
S-a24aa1,A-c608c8,2024-03-07,,Pro,21,1029,12348,False,True,False,False,monthly,True,0,Company_199,DevTools,DE,2023-04-27,ads,7.0,493.43333333333334,3.0,7.0,2.0,3.0,59.0,0
S-a7360b,A-00bed1,2023-11-16,,Basic,61,1159,13908,False,True,False,False,annual,True,0,Company_306,Cybersecurity,US,2023-11-14,ads,4.0,257.01666666666665,0.0,4.0,4.0,4.0,31.75,0
S-1082f7,A-c7ffc2,2023-08-21,,Basic,57,1083,12996,False,False,False,False,annual,True,0,Company_392,Cybersecurity,US,2023-01-27,partner,3.0,101.73333333333333,0.0,3.0,2.0,3.0,64.0,1
S-d747bc,A-068fc6,2024-03-17,,Basic,35,665,7980,False,True,False,False,monthly,True,0,Company_465,EdTech,US,2023-07-17,event,5.0,93.55,0.0,5.0,5.0,4.333333333333333,38.8,0
S-4d1a78,A-7dacce,2024-11-02,,Basic,49,0,0,True,False,False,False,monthly,True,0,Company_8,Cybersecurity,CA,2024-09-10,event,5.0,204.21666666666667,5.0,5.0,4.0,3.6666666666666665,32.5,0
S-a79d1f,A-f45426,2024-09-23,,Enterprise,9,0,0,True,False,False,False,monthly,True,0,Company_172,HealthTech,US,2024-08-05,organic,8.0,447.56666666666666,4.0,8.0,3.0,4.0,17.0,0
S-0bd442,A-ad296b,2024-08-08,,Enterprise,38,7562,90744,False,False,False,False,monthly,True,0,Company_112,DevTools,AU,2024-07-15,event,3.0,146.83333333333334,3.0,3.0,3.0,3.6666666666666665,28.333333333333332,1
S-71cefe,A-cb5333,2024-06-19,,Basic,33,627,7524,False,False,False,False,annual,True,0,Company_370,DevTools,US,2024-03-26,ads,8.0,442.23333333333335,0.0,8.0,4.0,3.0,30.75,0
S-a36a36,A-4ef964,2024-05-01,,Pro,17,833,9996,False,False,False,False,annual,False,0,Company_262,HealthTech,US,2024-03-07,organic,8.0,311.73333333333335,8.0,8.0,3.0,4.0,42.666666666666664,0
S-9d505c,A-8bde0c,2024-12-14,,Basic,61,1159,13908,False,False,False,False,monthly,True,0,Company_287,DevTools,US,2024-11-04,organic,2.0,104.06666666666666,2.0,2.0,3.0,4.0,25.666666666666668,1
S-e7416c,A-6dee43,2024-05-15,,Pro,16,784,9408,False,False,False,False,annual,True,0,Company_478,FinTech,UK,2023-08-12,other,6.0,293.1,2.0,6.0,5.0,4.333333333333333,44.2,0
S-a7cab8,A-94d3da,2023-12-26,,Basic,41,779,9348,False,False,False,False,monthly,False,0,Company_61,HealthTech,US,2023-05-03,other,3.0,262.8833333333333,4.0,3.0,6.0,3.5,26.833333333333332,1
S-5ae105,A-296d7c,2024-04-21,,Basic,19,361,4332,False,False,False,False,monthly,True,0,Company_182,DevTools,DE,2023-11-08,other,7.0,452.6666666666667,3.0,7.0,5.0,3.75,50.4,0
S-ed9451,A-bd4513,2024-12-17,2024-12-17,Pro,50,2450,29400,False,False,False,True,annual,True,1,Company_205,DevTools,AU,2024-11-06,event,4.0,236.5,2.0,4.0,3.0,4.666666666666667,42.0,0
S-bfd04c,A-2e3bad,2024-04-03,,Basic,61,1159,13908,False,False,False,False,monthly,False,0,Company_108,FinTech,CA,2023-08-13,other,3.0,123.01666666666667,0.0,3.0,5.0,3.5,31.4,1
S-fc2742,A-c9bb3e,2024-08-13,,Enterprise,11,2189,26268,False,False,False,False,annual,True,0,Company_336,EdTech,US,2024-03-24,ads,5.0,356.05,0.0,5.0,7.0,4.2,27.714285714285715,0
S-8e9e9b,A-4e44e8,2024-09-06,,Basic,3,57,684,False,True,False,False,annual,False,0,Company_22,DevTools,US,2024-08-20,ads,7.0,297.6666666666667,1.0,7.0,3.0,3.3333333333333335,31.333333333333332,0
S-2f0291,A-ba6516,2024-11-24,,Enterprise,27,5373,64476,False,False,False,False,annual,True,0,Company_154,FinTech,US,2023-10-29,ads,6.0,330.5833333333333,0.0,6.0,6.0,4.0,31.5,0
S-74a274,A-02fac6,2024-10-06,,Enterprise,22,4378,52536,False,False,False,False,monthly,True,0,Company_52,FinTech,US,2023-04-06,event,2.0,167.8,2.0,2.0,6.0,4.0,23.333333333333332,1
S-82848e,A-bece89,2024-01-18,,Enterprise,26,5174,62088,False,False,False,False,annual,True,0,Company_128,Cybersecurity,IN,2023-12-01,event,3.0,181.46666666666667,1.0,3.0,4.0,4.0,32.5,1
S-6a0399,A-df1e44,2024-09-08,2024-12-15,Enterprise,12,2388,28656,False,False,True,True,monthly,True,1,Company_323,Cybersecurity,UK,2024-02-23,organic,6.0,269.31666666666666,1.0,6.0,2.0,5.0,53.0,0
S-29597a,A-0532a9,2024-10-17,,Enterprise,27,5373,64476,False,False,False,False,annual,False,0,Company_170,FinTech,IN,2024-09-25,event,8.0,347.9,10.0,8.0,8.0,3.0,30.75,0
S-4c8ab8,A-39ddf4,2024-12-26,,Pro,40,1960,23520,False,False,False,False,monthly,True,0,Company_435,EdTech,US,2024-12-05,partner,4.0,257.1333333333333,5.0,4.0,5.0,4.25,23.0,0
S-0638dc,A-9779ad,2024-04-07,,Enterprise,40,7960,95520,False,False,False,False,annual,True,0,Company_171,Cybersecurity,AU,2024-03-29,event,5.0,168.16666666666666,3.0,5.0,3.0,5.0,20.666666666666668,0
S-2557d9,A-692f18,2024-12-14,,Enterprise,10,1990,23880,False,True,False,False,monthly,True,0,Company_195,EdTech,US,2024-03-28,other,4.0,282.1,1.0,4.0,2.0,5.0,37.5,0
S-bd1ee1,A-bd4708,2024-12-18,,Enterprise,37,7363,88356,False,False,False,False,monthly,True,0,Company_257,FinTech,US,2024-07-21,ads,10.0,635.6333333333333,1.0,10.0,4.0,3.5,24.0,0
S-ee3466,A-7d514c,2024-02-13,,Enterprise,17,0,0,True,True,False,False,monthly,True,0,Company_119,HealthTech,DE,2024-02-03,organic,5.0,346.9166666666667,0.0,5.0,3.0,5.0,33.333333333333336,0
S-477317,A-d5a319,2024-01-01,,Enterprise,70,13930,167160,False,True,False,False,annual,True,0,Company_158,FinTech,US,2023-05-04,other,4.0,216.16666666666666,3.0,4.0,1.0,4.0,17.0,0
S-5bb13f,A-089363,2024-01-10,,Enterprise,15,2985,35820,False,False,False,False,monthly,False,0,Company_387,FinTech,AU,2023-05-06,event,5.0,365.0,4.0,5.0,3.0,3.6666666666666665,35.0,0
S-6ee6c9,A-396e5f,2024-10-19,,Pro,53,2597,31164,False,False,False,False,annual,True,0,Company_30,Cybersecurity,CA,2024-10-02,other,3.0,106.23333333333333,0.0,3.0,5.0,4.0,24.8,1
S-4a2fc6,A-10b8f2,2023-08-05,,Basic,47,0,0,True,False,False,False,annual,True,0,Company_151,HealthTech,DE,2023-01-11,organic,6.0,351.25,5.0,6.0,3.0,4.333333333333333,46.333333333333336,0
S-e768c6,A-9289f6,2023-07-08,,Basic,22,418,5016,False,False,False,False,annual,True,0,Company_104,EdTech,US,2023-05-31,event,5.0,142.15,4.0,5.0,6.0,4.333333333333333,37.5,0
S-5cce27,A-d42431,2024-09-01,,Basic,22,418,5016,False,False,False,False,annual,True,0,Company_378,FinTech,FR,2024-06-09,ads,5.0,237.86666666666667,1.0,5.0,4.0,4.0,24.25,0
S-8707e7,A-17939a,2024-12-31,,Basic,14,266,3192,False,False,False,False,annual,True,0,Company_162,HealthTech,US,2024-12-26,organic,3.0,121.25,5.0,3.0,7.0,4.5,38.0,1
S-2ff0ab,A-712f1c,2024-05-11,,Basic,17,323,3876,False,True,False,False,monthly,True,0,Company_331,DevTools,US,2023-12-16,ads,2.0,82.56666666666666,0.0,2.0,6.0,4.0,41.666666666666664,1
S-5b58b1,A-87aa7b,2024-11-19,,Pro,24,1176,14112,False,False,False,False,annual,True,0,Company_433,HealthTech,US,2024-05-16,organic,5.0,113.4,4.0,5.0,3.0,,27.333333333333332,0
S-0ba1fe,A-5a184f,2024-01-15,,Enterprise,46,9154,109848,False,False,True,False,monthly,True,0,Company_124,DevTools,DE,2023-06-19,other,10.0,428.43333333333334,5.0,10.0,3.0,4.333333333333333,15.333333333333334,0
S-c58d66,A-42b791,2024-11-06,,Basic,3,57,684,False,False,False,False,monthly,True,0,Company_464,FinTech,AU,2024-05-20,event,3.0,32.2,0.0,3.0,3.0,4.0,33.666666666666664,1
S-2cc962,A-3d957b,2024-10-16,,Enterprise,14,2786,33432,False,False,False,False,annual,False,0,Company_311,HealthTech,UK,2024-04-04,other,3.0,110.16666666666667,2.0,3.0,3.0,3.0,41.333333333333336,1
S-235670,A-3a7284,2024-12-15,,Enterprise,33,6567,78804,False,False,True,False,monthly,True,0,Company_93,FinTech,US,2024-11-17,organic,3.0,73.8,1.0,3.0,3.0,3.5,56.333333333333336,1
S-98126d,A-8145a0,2024-09-09,,Basic,12,228,2736,False,False,False,False,monthly,True,0,Company_33,Cybersecurity,AU,2023-04-25,partner,2.0,47.1,0.0,2.0,6.0,4.0,23.666666666666668,1
S-ebfbbe,A-00cac8,2024-08-04,,Basic,8,152,1824,False,False,False,False,monthly,True,0,Company_26,HealthTech,AU,2023-09-15,organic,7.0,377.3666666666667,7.0,7.0,2.0,,33.0,0
S-7a55d9,A-7e0a10,2024-01-03,,Basic,46,874,10488,False,False,False,False,monthly,True,0,Company_64,FinTech,US,2023-11-18,ads,5.0,270.23333333333335,2.0,5.0,5.0,4.0,39.4,0
S-6ce221,A-65aeb5,2024-10-10,2024-12-03,Basic,9,171,2052,False,False,False,True,annual,True,1,Company_120,DevTools,US,2024-01-25,partner,9.0,251.98333333333332,8.0,9.0,2.0,5.0,42.5,0
S-4cff80,A-f97b9a,2023-12-24,,Enterprise,16,0,0,True,False,False,False,monthly,True,0,Company_159,FinTech,US,2023-07-09,event,9.0,523.8166666666667,4.0,8.0,7.0,3.6666666666666665,31.714285714285715,0
S-7e2e5c,A-7df7a7,2024-04-06,,Basic,7,133,1596,False,False,False,False,monthly,False,0,Company_125,DevTools,US,2023-01-28,organic,7.0,249.28333333333333,5.0,7.0,3.0,4.0,28.0,0
S-af8f54,A-712426,2024-11-28,2024-12-26,Enterprise,9,1791,21492,False,False,False,True,monthly,True,1,Company_155,HealthTech,US,2024-11-10,other,9.0,319.3,4.0,9.0,6.0,4.4,37.333333333333336,0
S-b152d6,A-c16101,2024-12-25,,Pro,7,343,4116,False,False,False,False,monthly,True,0,Company_139,EdTech,IN,2024-09-06,other,6.0,331.05,6.0,6.0,4.0,5.0,28.0,0
S-276555,A-d792a6,2024-01-26,,Pro,36,1764,21168,False,False,False,False,annual,True,0,Company_486,DevTools,US,2023-01-23,organic,2.0,41.166666666666664,1.0,2.0,5.0,4.0,40.6,1
S-fcd20b,A-157070,2024-07-07,,Pro,16,784,9408,False,False,False,False,annual,True,0,Company_85,FinTech,US,2023-11-09,ads,5.0,241.9,2.0,5.0,3.0,3.0,42.333333333333336,0
S-41bb1b,A-993085,2024-08-17,,Basic,31,589,7068,False,False,False,False,annual,True,0,Company_258,HealthTech,US,2023-06-01,ads,2.0,86.63333333333334,0.0,2.0,4.0,3.5,46.5,1
S-0c63de,A-592832,2024-12-31,,Pro,18,882,10584,False,False,False,False,annual,False,0,Company_10,Cybersecurity,US,2024-09-25,organic,5.0,304.03333333333336,4.0,5.0,3.0,5.0,32.666666666666664,0
S-658f5f,A-716841,2024-05-27,,Pro,45,2205,26460,False,False,False,False,monthly,True,0,Company_437,FinTech,US,2024-05-06,other,4.0,210.81666666666666,4.0,4.0,5.0,4.0,29.8,0
S-4994d6,A-5a3eb9,2024-08-26,,Basic,44,836,10032,False,False,True,False,annual,True,0,Company_283,DevTools,CA,2023-08-20,other,8.0,395.6,4.0,8.0,3.0,,24.0,0
S-3a897f,A-53f4e3,2024-10-10,,Pro,93,4557,54684,False,False,False,False,annual,True,0,Company_194,Cybersecurity,UK,2024-06-14,event,6.0,301.03333333333336,14.0,6.0,5.0,4.0,28.6,0
S-afa2a9,A-4f18f0,2024-07-26,,Enterprise,24,4776,57312,False,False,False,False,annual,True,0,Company_145,DevTools,CA,2024-04-21,other,4.0,251.3,1.0,4.0,5.0,4.0,39.2,0
S-998ec2,A-f446b6,2024-04-17,,Basic,5,95,1140,False,False,False,False,annual,True,0,Company_36,DevTools,DE,2023-05-12,ads,7.0,399.45,5.0,7.0,8.0,4.25,30.75,0
S-d19797,A-fd7ad3,2024-11-10,,Basic,1,19,228,False,False,False,False,monthly,True,0,Company_100,Cybersecurity,US,2024-11-01,event,7.0,255.91666666666666,7.0,7.0,8.0,4.166666666666667,48.75,0
S-40e528,A-a0ca4e,2024-11-19,,Enterprise,19,0,0,True,False,False,False,annual,True,0,Company_6,Cybersecurity,US,2024-03-08,ads,5.0,219.05,1.0,5.0,6.0,3.8,39.166666666666664,0
S-5c4b5d,A-4bfa33,2024-12-19,,Pro,8,392,4704,False,False,False,False,annual,True,0,Company_251,Cybersecurity,US,2024-12-07,event,2.0,160.0,3.0,2.0,4.0,3.6666666666666665,16.5,1
S-89c6dc,A-55f257,2024-06-29,,Pro,24,1176,14112,False,True,False,False,annual,True,0,Company_496,FinTech,US,2023-12-21,organic,6.0,323.1333333333333,4.0,6.0,6.0,5.0,43.166666666666664,0
S-4291f7,A-afa505,2024-11-19,,Enterprise,70,13930,167160,False,True,False,False,monthly,False,0,Company_157,DevTools,US,2023-12-27,partner,6.0,257.03333333333336,4.0,6.0,4.0,3.0,37.25,0
S-151fce,A-f03140,2023-12-11,,Basic,27,513,6156,False,False,False,False,annual,False,0,Company_209,DevTools,IN,2023-11-22,event,4.0,287.3333333333333,1.0,4.0,7.0,3.6666666666666665,36.0,0
S-dfaf24,A-970c97,2024-12-15,2024-12-21,Basic,27,513,6156,False,False,False,True,annual,False,1,Company_477,HealthTech,DE,2024-03-01,other,5.0,284.5,0.0,5.0,1.0,5.0,61.0,0
S-1dfa14,A-d3c88e,2024-11-19,,Enterprise,16,3184,38208,False,False,False,False,annual,False,0,Company_490,DevTools,US,2024-10-18,event,4.0,245.58333333333334,4.0,4.0,3.0,4.0,58.0,0
S-f9e2ca,A-151c9a,2024-06-10,,Enterprise,23,4577,54924,False,False,False,False,annual,True,0,Company_260,FinTech,US,2023-01-27,ads,6.0,392.2,5.0,6.0,2.0,3.5,31.0,0
S-294fb2,A-bb2f49,2023-07-26,,Enterprise,49,9751,117012,False,False,False,False,annual,True,0,Company_356,Cybersecurity,US,2023-05-28,other,7.0,448.46666666666664,2.0,7.0,3.0,4.0,22.333333333333332,0
S-673c51,A-b7ef83,2024-09-14,,Enterprise,9,1791,21492,False,False,False,False,monthly,False,0,Company_474,Cybersecurity,UK,2024-05-29,partner,4.0,34.233333333333334,0.0,4.0,2.0,4.0,47.5,0
S-c2b60b,A-5a184f,2024-10-20,,Basic,1,19,228,False,False,False,False,annual,True,0,Company_124,DevTools,DE,2023-06-19,other,5.0,123.93333333333334,1.0,5.0,3.0,4.333333333333333,15.333333333333334,0
S-2756ac,A-df1e44,2024-03-08,,Enterprise,39,0,0,True,False,False,False,monthly,True,0,Company_323,Cybersecurity,UK,2024-02-23,organic,2.0,102.36666666666666,0.0,2.0,2.0,5.0,53.0,1
S-5e7357,A-9f9299,2024-07-07,,Pro,32,1568,18816,False,False,False,False,monthly,True,0,Company_133,FinTech,US,2023-09-02,organic,4.0,134.2,0.0,4.0,5.0,5.0,36.2,0
S-f2be88,A-5c046d,2024-09-07,,Enterprise,93,18507,222084,False,False,False,False,monthly,True,0,Company_130,EdTech,FR,2024-07-06,partner,7.0,384.75,1.0,7.0,1.0,3.0,13.0,0
S-461334,A-a0ca4e,2024-05-06,,Basic,11,209,2508,False,False,False,False,annual,True,0,Company_6,Cybersecurity,US,2024-03-08,ads,8.0,354.1,3.0,8.0,6.0,3.8,39.166666666666664,0
S-23dcff,A-aa9511,2024-10-05,,Enterprise,54,10746,128952,False,False,False,False,monthly,True,0,Company_203,DevTools,US,2023-10-10,other,5.0,298.8666666666667,10.0,5.0,2.0,4.0,56.5,0
S-ed61a2,A-bb1486,2024-11-17,,Pro,69,3381,40572,False,False,False,False,monthly,True,0,Company_265,HealthTech,US,2024-11-05,organic,5.0,215.71666666666667,4.0,5.0,3.0,3.0,11.0,0
S-28e491,A-337bc1,2024-09-28,,Pro,30,0,0,True,False,True,False,annual,True,0,Company_424,Cybersecurity,US,2023-07-19,organic,9.0,390.96666666666664,7.0,9.0,4.0,4.0,32.5,0
S-e32bf8,A-3ce5b8,2024-06-05,,Enterprise,8,1592,19104,False,False,False,False,annual,True,0,Company_256,FinTech,IN,2023-09-07,ads,5.0,266.93333333333334,3.0,5.0,10.0,3.7142857142857144,42.5,0
S-09251c,A-8adedc,2024-07-17,2024-10-30,Enterprise,16,3184,38208,False,False,False,True,monthly,True,1,Company_300,EdTech,US,2024-02-11,event,7.0,260.6166666666667,4.0,7.0,4.0,4.0,49.25,0
S-9a7851,A-4c38bc,2024-12-27,2024-12-28,Pro,36,1764,21168,False,False,False,True,annual,True,1,Company_55,HealthTech,UK,2024-03-09,event,6.0,338.01666666666665,0.0,6.0,3.0,3.5,48.333333333333336,0
S-ef398a,A-b44e3e,2024-05-29,,Enterprise,40,7960,95520,False,False,False,False,annual,True,0,Company_383,Cybersecurity,UK,2024-02-12,ads,7.0,359.03333333333336,0.0,7.0,3.0,4.333333333333333,40.0,0
S-e3b379,A-1f559b,2024-02-08,,Basic,13,247,2964,False,False,True,False,monthly,True,0,Company_357,HealthTech,US,2023-09-04,organic,3.0,184.2,3.0,3.0,5.0,4.2,50.4,1
S-dbf124,A-659280,2024-07-25,,Basic,13,247,2964,False,False,False,False,monthly,True,0,Company_417,FinTech,IN,2023-11-17,event,1.0,53.833333333333336,0.0,1.0,4.0,4.333333333333333,8.0,1
S-df3e3d,A-44dc83,2024-11-26,,Enterprise,13,0,0,True,False,False,False,annual,True,0,Company_35,EdTech,FR,2024-05-12,other,5.0,270.78333333333336,1.0,5.0,7.0,4.6,40.857142857142854,0
S-57f1a7,A-2789e3,2024-11-06,,Enterprise,11,2189,26268,False,False,False,False,annual,True,0,Company_268,FinTech,US,2024-09-14,partner,6.0,336.9166666666667,5.0,6.0,4.0,4.0,47.25,0
S-991f61,A-5247b3,2024-10-18,,Basic,18,342,4104,False,False,False,False,monthly,True,0,Company_375,FinTech,UK,2024-03-12,partner,7.0,412.65,1.0,7.0,5.0,4.0,45.8,0
S-8fb49f,A-8e47ca,2024-05-20,,Enterprise,20,3980,47760,False,False,False,False,monthly,True,0,Company_191,HealthTech,US,2024-02-15,organic,3.0,64.55,4.0,3.0,5.0,4.0,33.4,1
S-450fa9,A-186a44,2024-12-17,2024-12-25,Basic,20,380,4560,False,False,False,True,monthly,False,1,Company_101,HealthTech,US,2023-08-07,ads,8.0,574.2166666666667,2.0,8.0,7.0,3.5,38.285714285714285,0
S-2d04a6,A-fda07f,2024-10-04,,Basic,8,152,1824,False,True,False,False,monthly,True,0,Company_230,Cybersecurity,FR,2024-08-11,partner,4.0,321.43333333333334,3.0,4.0,5.0,4.0,17.8,0
S-7c47af,A-396e5f,2024-10-25,,Basic,18,342,4104,False,False,False,False,annual,True,0,Company_30,Cybersecurity,CA,2024-10-02,other,8.0,534.6,3.0,8.0,5.0,4.0,24.8,0
S-fb9972,A-0158bb,2024-12-31,,Pro,45,2205,26460,False,True,False,False,annual,True,0,Company_461,FinTech,DE,2024-05-22,partner,9.0,498.81666666666666,6.0,9.0,1.0,3.0,32.0,0
S-804fb3,A-b7724f,2024-12-26,,Basic,71,1349,16188,False,False,False,False,monthly,True,0,Company_320,HealthTech,UK,2023-03-28,organic,4.0,154.26666666666668,0.0,4.0,3.0,3.0,28.666666666666668,0
S-1883dc,A-05f0e5,2024-02-28,,Basic,56,1064,12768,False,False,False,False,annual,True,0,Company_40,FinTech,US,2023-05-04,partner,3.0,93.21666666666667,1.0,3.0,4.0,4.0,20.0,1
S-a8bed8,A-9badbd,2024-08-28,,Basic,17,323,3876,False,False,False,False,annual,True,0,Company_63,Cybersecurity,DE,2024-06-19,ads,2.0,55.18333333333333,0.0,2.0,5.0,5.0,30.2,1
S-049667,A-ac14bb,2024-07-03,,Basic,28,532,6384,False,True,False,False,annual,True,0,Company_15,FinTech,US,2023-09-08,partner,9.0,733.6166666666667,5.0,9.0,2.0,4.0,24.5,0
S-9a952b,A-bcf664,2023-08-30,,Basic,5,0,0,True,False,False,False,monthly,True,0,Company_248,DevTools,US,2023-05-19,other,6.0,335.5,2.0,6.0,5.0,4.0,36.0,0
S-ac462f,A-313be3,2024-12-03,,Basic,47,0,0,True,False,False,False,monthly,True,0,Company_136,EdTech,US,2023-11-15,partner,6.0,251.65,2.0,6.0,4.0,5.0,22.5,0
S-ff582b,A-3b5cd1,2023-12-29,,Enterprise,13,2587,31044,False,False,False,False,monthly,True,0,Company_49,FinTech,US,2023-09-12,event,4.0,392.1,6.0,4.0,5.0,4.0,27.4,0
S-05555d,A-4437e4,2024-07-20,,Enterprise,16,3184,38208,False,True,False,False,annual,True,0,Company_192,Cybersecurity,US,2023-09-16,event,6.0,415.46666666666664,6.0,6.0,6.0,3.0,34.666666666666664,0
S-9fc9f5,A-970c97,2024-11-04,,Pro,14,686,8232,False,False,False,False,annual,False,0,Company_477,HealthTech,DE,2024-03-01,other,8.0,362.71666666666664,10.0,8.0,1.0,5.0,61.0,0
S-a30f36,A-dcc2f0,2024-10-03,,Pro,15,735,8820,False,False,False,False,annual,True,0,Company_309,FinTech,UK,2023-07-22,organic,2.0,71.06666666666666,0.0,2.0,2.0,,27.0,1
S-5521f5,A-098560,2024-04-13,,Pro,25,1225,14700,False,False,False,False,monthly,False,0,Company_349,DevTools,UK,2023-10-21,ads,6.0,350.05,1.0,6.0,2.0,3.0,28.0,0
S-9f123c,A-9c18c4,2024-07-30,,Enterprise,11,0,0,True,False,False,False,annual,True,0,Company_481,HealthTech,US,2023-07-27,ads,6.0,165.55,4.0,6.0,4.0,4.0,42.25,0
S-694aa7,A-779e4e,2024-09-18,,Basic,98,1862,22344,False,False,False,False,annual,True,0,Company_193,HealthTech,US,2023-01-02,organic,8.0,279.6666666666667,5.0,8.0,5.0,4.0,26.6,0
S-b72911,A-7c83a1,2024-07-29,,Basic,12,228,2736,False,False,False,False,monthly,False,0,Company_447,Cybersecurity,US,2024-05-06,partner,4.0,239.93333333333334,2.0,4.0,4.0,4.0,42.0,0
S-1d5f4e,A-ab438f,2024-12-11,2024-12-15,Pro,13,637,7644,False,False,False,True,monthly,False,1,Company_233,Cybersecurity,US,2024-09-13,ads,7.0,335.15,1.0,7.0,2.0,3.5,33.5,0
S-dd85c4,A-65c341,2024-02-26,2024-07-18,Enterprise,31,6169,74028,False,False,False,True,monthly,True,1,Company_308,FinTech,US,2023-12-26,ads,5.0,314.96666666666664,1.0,5.0,5.0,4.0,41.4,0
S-cdcf4a,A-22d9d2,2024-11-08,,Enterprise,16,3184,38208,False,False,False,False,annual,False,0,Company_188,DevTools,FR,2024-03-22,event,9.0,542.0166666666667,4.0,9.0,6.0,4.0,16.0,0
S-c8fedf,A-fd9422,2024-11-01,,Enterprise,58,11542,138504,False,False,False,False,monthly,True,0,Company_263,Cybersecurity,US,2024-04-04,organic,3.0,299.0833333333333,0.0,3.0,6.0,3.5,44.333333333333336,1
S-fa8c75,A-43a9e3,2024-07-08,,Pro,18,882,10584,False,False,False,False,monthly,True,0,Company_1,FinTech,IN,2023-08-17,other,3.0,164.66666666666666,1.0,3.0,3.0,4.0,38.0,1
S-3abf3f,A-6a7c9d,2024-12-09,,Basic,27,513,6156,False,False,False,False,annual,True,0,Company_324,Cybersecurity,US,2024-10-24,organic,5.0,98.08333333333333,0.0,5.0,3.0,4.0,34.333333333333336,0
S-58c146,A-e3bd71,2024-06-21,,Basic,41,779,9348,False,False,False,False,annual,False,0,Company_347,Cybersecurity,US,2023-03-25,partner,6.0,401.46666666666664,1.0,6.0,4.0,4.0,30.25,0
S-0e594f,A-af0cd2,2024-09-21,,Basic,45,0,0,True,False,False,False,annual,True,0,Company_204,Cybersecurity,IN,2023-01-03,other,8.0,590.9,5.0,8.0,3.0,,54.333333333333336,0
S-d3ecc2,A-9123ac,2024-10-19,,Enterprise,10,1990,23880,False,False,False,False,monthly,True,0,Company_219,Cybersecurity,DE,2023-06-20,organic,6.0,291.1666666666667,0.0,6.0,6.0,4.2,38.833333333333336,0
S-7252b5,A-5247b3,2024-09-25,,Pro,16,784,9408,False,False,False,False,monthly,True,0,Company_375,FinTech,UK,2024-03-12,partner,5.0,469.01666666666665,2.0,5.0,5.0,4.0,45.8,0
S-da0c62,A-d4ac0e,2024-07-02,,Enterprise,21,0,0,True,False,False,False,monthly,True,0,Company_364,DevTools,UK,2024-04-20,ads,7.0,492.95,4.0,7.0,4.0,3.5,21.0,0
S-e2a10c,A-118d55,2024-12-24,,Basic,18,342,4104,False,True,True,False,annual,True,0,Company_65,Cybersecurity,US,2024-10-22,organic,2.0,66.81666666666666,0.0,2.0,5.0,4.333333333333333,24.2,1
S-e8a2fa,A-bf7919,2024-12-26,,Basic,10,0,0,True,False,False,False,annual,True,0,Company_426,HealthTech,US,2024-11-27,organic,5.0,246.71666666666667,3.0,5.0,2.0,5.0,14.5,0
S-198dbe,A-18793f,2024-12-19,,Pro,148,7252,87024,False,False,False,False,monthly,True,0,Company_488,EdTech,US,2024-12-18,organic,9.0,559.9,2.0,9.0,5.0,3.8,45.2,0
S-4a8ce0,A-5a184f,2024-01-21,,Basic,6,114,1368,False,False,False,False,monthly,True,0,Company_124,DevTools,DE,2023-06-19,other,8.0,544.0833333333334,2.0,8.0,3.0,4.333333333333333,15.333333333333334,0
S-be05fd,A-32728c,2024-03-23,,Enterprise,20,0,0,True,False,False,False,monthly,True,0,Company_54,DevTools,US,2023-01-03,event,5.0,288.21666666666664,1.0,4.0,2.0,3.5,34.5,0
S-afed2d,A-726cfa,2024-05-30,2024-12-12,Pro,11,539,6468,False,False,False,True,annual,True,1,Company_82,DevTools,US,2023-07-01,partner,9.0,534.1333333333333,2.0,9.0,3.0,4.0,35.666666666666664,0
S-22e21a,A-ad296b,2024-09-18,,Enterprise,38,7562,90744,False,False,False,False,annual,True,0,Company_112,DevTools,AU,2024-07-15,event,2.0,133.56666666666666,4.0,2.0,3.0,3.6666666666666665,28.333333333333332,1
S-a2da20,A-ac9111,2024-11-13,,Enterprise,32,6368,76416,False,False,False,False,monthly,True,0,Company_487,HealthTech,US,2023-08-12,event,2.0,68.66666666666667,0.0,2.0,3.0,5.0,24.666666666666668,1
S-342037,A-bb3bd4,2024-04-05,,Enterprise,23,4577,54924,False,True,False,False,annual,True,0,Company_340,HealthTech,US,2024-01-27,ads,4.0,174.0,0.0,4.0,11.0,4.142857142857143,32.72727272727273,0
S-e7c172,A-6a4e2d,2024-03-12,,Basic,22,418,5016,False,False,False,False,monthly,True,0,Company_46,EdTech,UK,2023-04-07,partner,4.0,117.83333333333333,2.0,4.0,2.0,4.5,18.5,0
S-b37b2a,A-78f02b,2024-12-08,,Pro,11,539,6468,False,True,False,False,annual,True,0,Company_329,HealthTech,US,2024-11-17,event,5.0,149.35,9.0,5.0,4.0,4.0,45.75,0
S-3c87b4,A-2ebb4b,2024-12-10,,Pro,41,2009,24108,False,False,False,False,monthly,True,0,Company_334,HealthTech,US,2023-05-15,ads,8.0,290.93333333333334,6.0,8.0,2.0,3.0,43.5,0
S-4522a0,A-0aaf6e,2024-07-16,,Basic,18,0,0,True,False,False,False,annual,False,0,Company_114,FinTech,US,2024-05-11,organic,3.0,320.93333333333334,3.0,3.0,5.0,4.0,45.0,1
S-628884,A-f3ff05,2024-08-03,,Basic,19,361,4332,False,False,False,False,annual,True,0,Company_44,FinTech,IN,2024-07-06,other,4.0,281.6,4.0,4.0,3.0,3.5,42.666666666666664,0
S-bf893c,A-6965e1,2024-12-07,,Enterprise,38,7562,90744,False,False,False,False,monthly,False,0,Company_379,DevTools,US,2024-11-25,organic,6.0,321.45,4.0,6.0,3.0,3.0,39.0,0
S-305a67,A-6da850,2024-04-12,,Basic,12,228,2736,False,False,False,False,annual,True,0,Company_293,FinTech,IN,2023-10-07,organic,3.0,99.55,0.0,3.0,5.0,4.0,49.0,1
S-58a7c0,A-18793f,2024-12-24,,Enterprise,148,0,0,True,False,False,False,monthly,True,0,Company_488,EdTech,US,2024-12-18,organic,3.0,91.85,2.0,3.0,5.0,3.8,45.2,1
S-4d8612,A-f97b9a,2023-09-10,,Enterprise,16,0,0,True,False,False,False,monthly,False,0,Company_159,FinTech,US,2023-07-09,event,7.0,199.48333333333332,3.0,7.0,7.0,3.6666666666666665,31.714285714285715,0
S-eadebb,A-87aa7b,2024-08-23,,Pro,24,1176,14112,False,False,False,False,annual,True,0,Company_433,HealthTech,US,2024-05-16,organic,5.0,218.7,3.0,5.0,3.0,,27.333333333333332,0
S-f61f42,A-72799b,2024-05-17,,Enterprise,20,3980,47760,False,False,False,False,monthly,True,0,Company_394,DevTools,FR,2023-11-13,event,5.0,276.03333333333336,4.0,5.0,2.0,4.5,33.5,0
S-d3f138,A-560d27,2024-10-21,2024-11-18,Enterprise,23,4577,54924,False,False,False,True,monthly,False,1,Company_266,DevTools,US,2024-05-05,organic,3.0,139.08333333333334,0.0,3.0,4.0,3.6666666666666665,30.75,1
S-0f3df6,A-68f37c,2023-07-24,,Enterprise,121,24079,288948,False,False,False,False,annual,True,0,Company_202,HealthTech,US,2023-07-15,ads,7.0,361.05,7.0,7.0,5.0,4.0,20.2,0
S-7791c3,A-856b1e,2024-01-13,,Pro,19,931,11172,False,False,False,False,monthly,True,0,Company_161,FinTech,US,2023-10-31,partner,5.0,175.01666666666668,3.0,5.0,5.0,,36.0,0
S-1bbdb1,A-0651a4,2024-12-13,,Basic,54,0,0,True,False,False,False,annual,False,0,Company_255,HealthTech,FR,2024-10-16,organic,6.0,288.8333333333333,1.0,6.0,4.0,4.0,29.25,0
S-cc4bf0,A-a1bbb6,2023-05-10,,Enterprise,28,5572,66864,False,False,False,False,annual,False,0,Company_74,DevTools,CA,2023-04-05,organic,6.0,300.75,6.0,6.0,3.0,4.0,17.666666666666668,0
S-46b63b,A-d5a319,2024-09-29,,Enterprise,31,6169,74028,False,False,True,False,monthly,True,0,Company_158,FinTech,US,2023-05-04,other,3.0,146.23333333333332,1.0,3.0,1.0,4.0,17.0,1
S-f020d4,A-50f3f7,2024-12-17,,Enterprise,31,6169,74028,False,False,False,False,annual,True,0,Company_140,HealthTech,US,2023-12-22,partner,5.0,243.7,6.0,5.0,6.0,5.0,37.833333333333336,0
S-63671f,A-df1e44,2024-06-12,,Pro,12,588,7056,False,False,False,False,annual,True,0,Company_323,Cybersecurity,UK,2024-02-23,organic,2.0,27.45,2.0,2.0,2.0,5.0,53.0,1
S-6c9763,A-f9cc74,2024-11-29,,Basic,30,570,6840,False,False,False,False,annual,True,0,Company_360,DevTools,FR,2024-10-12,partner,7.0,255.85,0.0,7.0,6.0,4.0,49.833333333333336,0
S-e78857,A-432483,2023-09-09,2024-12-30,Enterprise,10,1990,23880,False,True,False,True,monthly,True,1,Company_78,Cybersecurity,US,2023-02-06,ads,7.0,443.8333333333333,4.0,7.0,1.0,,51.0,0
S-5bb58e,A-5a215a,2024-01-31,,Basic,87,1653,19836,False,False,False,False,annual,False,0,Company_358,EdTech,FR,2024-01-05,other,3.0,71.83333333333333,4.0,3.0,4.0,4.0,29.5,1
S-cd13b5,A-6e7827,2024-04-30,,Pro,35,1715,20580,False,False,False,False,monthly,True,0,Company_372,DevTools,US,2023-03-26,other,5.0,339.6333333333333,5.0,5.0,2.0,3.5,51.0,0
S-7554c2,A-d40bf7,2024-12-13,,Pro,59,0,0,True,False,False,False,annual,True,0,Company_11,FinTech,IN,2024-11-08,organic,10.0,408.8666666666667,4.0,10.0,2.0,5.0,20.5,0
S-06c096,A-eb2fdc,2024-11-02,,Pro,31,1519,18228,False,False,False,False,annual,True,0,Company_216,DevTools,AU,2023-11-21,organic,4.0,218.95,2.0,4.0,5.0,4.5,33.6,0
S-883efd,A-089363,2024-06-09,,Pro,2,0,0,True,False,False,False,monthly,True,0,Company_387,FinTech,AU,2023-05-06,event,9.0,472.48333333333335,4.0,9.0,3.0,3.6666666666666665,35.0,0
S-a9762e,A-902ef7,2024-12-05,,Pro,83,4067,48804,False,False,False,False,annual,True,0,Company_270,HealthTech,US,2024-09-03,other,4.0,333.1666666666667,2.0,4.0,2.0,4.0,48.5,0
S-85c06f,A-bb2f49,2023-12-13,,Enterprise,8,1592,19104,False,True,False,False,annual,True,0,Company_356,Cybersecurity,US,2023-05-28,other,4.0,281.15,5.0,4.0,3.0,4.0,22.333333333333332,0
S-cccce3,A-3b5cd1,2023-11-18,,Pro,13,637,7644,False,True,False,False,monthly,True,0,Company_49,FinTech,US,2023-09-12,event,4.0,198.7,2.0,4.0,5.0,4.0,27.4,0
S-d69e2c,A-39ddf4,2024-12-27,,Pro,40,1960,23520,False,False,False,False,annual,False,0,Company_435,EdTech,US,2024-12-05,partner,5.0,319.9166666666667,1.0,5.0,5.0,4.25,23.0,0
S-16fb78,A-6843f2,2024-12-15,,Enterprise,21,4179,50148,False,False,False,False,monthly,True,0,Company_335,HealthTech,CA,2024-12-10,ads,2.0,97.6,1.0,2.0,2.0,3.0,36.5,1
S-b01b1c,A-76fa4d,2024-12-24,,Pro,69,3381,40572,False,False,False,False,monthly,True,0,Company_226,HealthTech,US,2024-11-24,event,7.0,301.48333333333335,3.0,7.0,5.0,4.5,33.4,0
S-574b52,A-039727,2024-11-15,,Enterprise,25,4975,59700,False,False,False,False,monthly,True,0,Company_107,EdTech,AU,2024-11-02,organic,9.0,478.95,4.0,9.0,0.0,,,0
S-de705a,A-f44180,2024-12-10,,Basic,17,0,0,True,False,False,False,annual,False,0,Company_376,Cybersecurity,UK,2023-02-13,event,5.0,172.95,0.0,5.0,2.0,5.0,46.5,0
S-0ae114,A-309e54,2024-12-27,,Basic,71,1349,16188,False,False,False,False,monthly,True,0,Company_371,DevTools,US,2024-12-09,other,7.0,300.28333333333336,5.0,7.0,5.0,3.0,23.8,0
S-8e701b,A-4437e4,2024-04-21,,Enterprise,3,597,7164,False,False,False,False,monthly,False,0,Company_192,Cybersecurity,US,2023-09-16,event,2.0,232.8,1.0,2.0,6.0,3.0,34.666666666666664,1
S-374be8,A-b7ef83,2024-06-12,,Basic,23,437,5244,False,False,False,False,annual,False,0,Company_474,Cybersecurity,UK,2024-05-29,partner,5.0,219.05,3.0,5.0,2.0,4.0,47.5,0
S-737994,A-712533,2024-11-27,,Basic,24,456,5472,False,False,False,False,monthly,True,0,Company_498,EdTech,US,2023-07-31,organic,6.0,345.35,4.0,6.0,5.0,3.75,37.4,0
S-41acf0,A-378b99,2024-11-05,,Enterprise,16,3184,38208,False,False,False,False,annual,True,0,Company_60,EdTech,UK,2024-09-01,ads,4.0,270.68333333333334,0.0,4.0,6.0,4.5,28.5,0
S-faf395,A-a6d261,2024-07-08,,Basic,9,171,2052,False,False,False,False,annual,True,0,Company_303,FinTech,CA,2023-11-29,other,4.0,300.05,1.0,4.0,4.0,4.666666666666667,40.0,0
S-ab7022,A-7df7a7,2023-03-03,,Basic,85,0,0,True,False,False,False,monthly,True,0,Company_125,DevTools,US,2023-01-28,organic,7.0,335.7,2.0,7.0,3.0,4.0,28.0,0
S-76cdf1,A-aa9511,2024-06-16,,Pro,23,1127,13524,False,False,False,False,monthly,True,0,Company_203,DevTools,US,2023-10-10,other,4.0,207.48333333333332,0.0,4.0,2.0,4.0,56.5,0
S-cb5020,A-2ebb4b,2024-06-02,,Enterprise,41,8159,97908,False,False,False,False,monthly,True,0,Company_334,HealthTech,US,2023-05-15,ads,3.0,94.23333333333333,2.0,3.0,2.0,3.0,43.5,1
S-b7cbc2,A-940b8b,2024-11-11,,Enterprise,7,0,0,True,False,False,False,annual,True,0,Company_398,HealthTech,DE,2024-03-19,organic,7.0,380.46666666666664,7.0,7.0,3.0,4.0,41.333333333333336,0
S-6b97b7,A-50f3f7,2024-11-09,,Enterprise,31,6169,74028,False,False,False,False,annual,True,0,Company_140,HealthTech,US,2023-12-22,partner,9.0,428.6,8.0,8.0,6.0,5.0,37.833333333333336,0
S-3c853b,A-22d9d2,2024-03-27,,Basic,8,152,1824,False,False,False,False,monthly,True,0,Company_188,DevTools,FR,2024-03-22,event,3.0,127.0,1.0,3.0,6.0,4.0,16.0,1
S-21bd25,A-7f8241,2023-07-16,,Pro,34,1666,19992,False,False,False,False,monthly,True,0,Company_42,EdTech,US,2023-03-14,organic,5.0,322.8333333333333,2.0,5.0,1.0,3.0,36.0,0
S-a175c2,A-d40bf7,2024-12-15,,Enterprise,59,0,0,True,True,False,False,annual,True,0,Company_11,FinTech,IN,2024-11-08,organic,5.0,237.25,3.0,5.0,2.0,5.0,20.5,0
S-2f2ba3,A-50f3f7,2024-12-11,,Enterprise,31,6169,74028,False,False,False,False,monthly,True,0,Company_140,HealthTech,US,2023-12-22,partner,6.0,314.98333333333335,7.0,6.0,6.0,5.0,37.833333333333336,0
S-f29e7f,A-bbe56f,2024-10-15,,Basic,22,418,5016,False,False,False,False,annual,True,0,Company_406,HealthTech,US,2023-02-16,ads,7.0,208.11666666666667,7.0,7.0,4.0,4.0,26.25,0
S-783131,A-51ec1b,2024-10-03,2024-11-27,Enterprise,7,1393,16716,False,False,False,True,annual,True,1,Company_247,DevTools,US,2023-11-08,ads,4.0,266.96666666666664,2.0,4.0,3.0,5.0,52.333333333333336,0
S-c87441,A-b07b56,2024-11-16,,Basic,25,475,5700,False,False,False,False,annual,True,0,Company_292,DevTools,US,2024-11-08,event,7.0,327.26666666666665,3.0,7.0,4.0,3.0,31.25,0
S-39a28e,A-08e34e,2024-12-26,,Enterprise,14,0,0,True,False,False,False,monthly,True,0,Company_32,EdTech,US,2024-06-27,event,6.0,274.6333333333333,0.0,6.0,3.0,3.0,43.0,0
S-775719,A-34d880,2024-04-21,,Pro,4,196,2352,False,False,False,False,annual,False,0,Company_207,Cybersecurity,AU,2024-04-11,ads,4.0,145.35,5.0,4.0,5.0,3.0,52.2,0
S-8e3b74,A-08e34e,2024-11-06,,Enterprise,29,5771,69252,False,False,False,False,monthly,False,0,Company_32,EdTech,US,2024-06-27,event,4.0,209.71666666666667,0.0,4.0,3.0,3.0,43.0,0
S-7553fb,A-54d94a,2023-11-29,2024-01-28,Enterprise,52,0,0,True,False,False,True,monthly,False,1,Company_385,Cybersecurity,IN,2023-05-01,event,7.0,311.6166666666667,2.0,7.0,4.0,3.5,53.75,0
S-8e5ceb,A-7f4db3,2024-11-07,2024-11-18,Enterprise,9,0,0,True,False,False,True,monthly,True,1,Company_441,FinTech,US,2023-03-05,other,5.0,167.66666666666666,0.0,5.0,5.0,3.25,16.6,0
S-9c8d9e,A-5f2961,2024-12-20,,Pro,24,1176,14112,False,False,False,False,monthly,True,0,Company_284,HealthTech,US,2024-11-22,partner,4.0,237.6,5.0,4.0,1.0,,53.0,0
S-c2c321,A-684255,2024-06-18,2024-08-09,Enterprise,14,0,0,True,True,False,True,monthly,True,1,Company_20,FinTech,US,2024-04-14,ads,7.0,437.48333333333335,10.0,7.0,4.0,4.666666666666667,14.25,0
S-43af5a,A-f3ff05,2024-11-26,,Pro,4,196,2352,False,False,False,False,monthly,True,0,Company_44,FinTech,IN,2024-07-06,other,4.0,161.45,1.0,4.0,3.0,3.5,42.666666666666664,0
S-39539d,A-2bc93d,2023-07-19,,Enterprise,14,2786,33432,False,False,False,False,annual,True,0,Company_43,HealthTech,US,2023-03-14,event,6.0,197.16666666666666,0.0,6.0,2.0,4.5,12.0,0
S-aa0c6b,A-702032,2024-07-07,2024-10-23,Basic,28,0,0,True,False,False,True,monthly,False,1,Company_186,HealthTech,US,2023-10-03,ads,4.0,361.4,3.0,4.0,4.0,3.0,26.0,0
S-a01486,A-52dd88,2023-12-25,,Basic,23,437,5244,False,False,False,False,annual,False,0,Company_127,Cybersecurity,US,2023-02-21,ads,2.0,88.33333333333333,0.0,2.0,1.0,,72.0,1
S-951053,A-4814a3,2024-11-24,,Pro,87,4263,51156,False,True,False,False,monthly,False,0,Company_337,Cybersecurity,IN,2024-09-17,event,6.0,177.05,2.0,6.0,4.0,4.0,18.75,0
S-b5e9e7,A-e7a1e2,2024-10-26,,Enterprise,12,2388,28656,False,False,False,False,annual,True,0,Company_295,Cybersecurity,US,2024-06-23,event,8.0,319.18333333333334,3.0,8.0,1.0,4.0,45.0,0
S-246942,A-0b0d6d,2024-12-31,,Enterprise,45,8955,107460,False,False,False,False,monthly,True,0,Company_267,DevTools,US,2024-12-30,organic,3.0,136.83333333333334,1.0,3.0,5.0,4.0,31.4,1
S-1d7003,A-a33200,2024-09-27,,Enterprise,29,5771,69252,False,False,False,False,monthly,True,0,Company_352,HealthTech,US,2024-09-15,partner,3.0,103.3,3.0,3.0,3.0,4.5,36.333333333333336,1
S-3e24ed,A-e2cd1b,2024-02-22,,Basic,44,836,10032,False,False,False,False,monthly,True,0,Company_121,DevTools,US,2024-02-04,other,7.0,256.03333333333336,0.0,7.0,5.0,4.0,37.8,0
S-4bfab2,A-544d0a,2024-12-07,,Basic,2,38,456,False,False,False,False,monthly,True,0,Company_153,DevTools,US,2024-05-02,organic,6.0,369.4166666666667,0.0,6.0,2.0,4.0,38.5,0
S-003fc0,A-65c341,2024-10-03,,Basic,11,0,0,True,False,False,False,annual,True,0,Company_308,FinTech,US,2023-12-26,ads,4.0,198.88333333333333,1.0,4.0,5.0,4.0,41.4,0
S-b7f657,A-019782,2023-08-28,,Enterprise,13,2587,31044,False,False,False,False,annual,True,0,Company_142,DevTools,FR,2023-04-19,event,6.0,342.95,3.0,6.0,2.0,3.0,10.0,0
S-3d6100,A-854864,2024-12-24,,Pro,20,980,11760,False,False,False,False,annual,True,0,Company_38,FinTech,IN,2024-12-07,event,3.0,232.6,0.0,3.0,5.0,4.8,44.2,1
S-5818be,A-692f18,2024-06-19,,Pro,5,245,2940,False,False,False,False,annual,True,0,Company_195,EdTech,US,2024-03-28,other,8.0,539.9833333333333,3.0,8.0,2.0,5.0,37.5,0
S-125201,A-7f8241,2023-11-29,,Enterprise,34,0,0,True,True,False,False,annual,True,0,Company_42,EdTech,US,2023-03-14,organic,5.0,311.98333333333335,0.0,5.0,1.0,3.0,36.0,0
S-987539,A-9c18c4,2023-12-20,,Enterprise,19,3781,45372,False,False,False,False,monthly,True,0,Company_481,HealthTech,US,2023-07-27,ads,4.0,233.33333333333334,3.0,4.0,4.0,4.0,42.25,0
S-127844,A-f446b6,2024-02-11,,Enterprise,7,1393,16716,False,False,False,False,monthly,True,0,Company_36,DevTools,DE,2023-05-12,ads,4.0,223.93333333333334,2.0,4.0,8.0,4.25,30.75,0
S-bc5755,A-ffdfd5,2024-10-20,,Enterprise,7,1393,16716,False,False,False,False,monthly,True,0,Company_365,EdTech,US,2024-04-13,organic,4.0,171.75,2.0,4.0,0.0,,,0
S-882f1d,A-249769,2024-11-21,,Basic,7,133,1596,False,False,False,False,annual,True,0,Company_214,Cybersecurity,US,2024-04-25,event,6.0,221.48333333333332,6.0,6.0,2.0,4.0,39.5,0
S-0ec442,A-d4e0d4,2024-12-12,,Pro,117,5733,68796,False,False,False,False,monthly,True,0,Company_403,FinTech,US,2024-10-18,other,3.0,134.38333333333333,0.0,3.0,4.0,4.0,39.25,1
S-62c824,A-0e966d,2024-11-26,2024-11-30,Basic,11,209,2508,False,False,False,True,annual,True,1,Company_493,FinTech,IN,2024-06-25,ads,3.0,203.93333333333334,4.0,3.0,3.0,4.5,31.666666666666668,1
S-11dba6,A-9badbd,2024-11-02,,Basic,41,779,9348,False,False,False,False,annual,False,0,Company_63,Cybersecurity,DE,2024-06-19,ads,6.0,448.53333333333336,1.0,6.0,5.0,5.0,30.2,0
S-8fd62c,A-8145a0,2024-03-27,,Enterprise,2,398,4776,False,False,False,False,monthly,True,0,Company_33,Cybersecurity,AU,2023-04-25,partner,7.0,403.48333333333335,4.0,7.0,6.0,4.0,23.666666666666668,0
S-05ad41,A-139c3b,2024-12-12,,Pro,41,2009,24108,False,False,False,False,monthly,False,0,Company_185,HealthTech,US,2024-11-21,organic,6.0,247.4,2.0,6.0,9.0,4.5,28.444444444444443,0
S-77ca30,A-82d8a6,2024-12-12,,Pro,37,1813,21756,False,True,False,False,monthly,True,0,Company_444,Cybersecurity,UK,2024-11-28,ads,5.0,313.35,0.0,5.0,5.0,3.5,42.2,0
S-6450ac,A-b2225d,2024-09-17,,Basic,47,0,0,True,False,False,False,annual,True,0,Company_50,FinTech,US,2024-03-08,ads,5.0,290.53333333333336,5.0,5.0,2.0,3.0,42.0,0
S-d2863b,A-ac9111,2023-10-04,2024-01-01,Basic,21,399,4788,False,False,False,True,annual,True,1,Company_487,HealthTech,US,2023-08-12,event,9.0,322.4166666666667,10.0,9.0,3.0,5.0,24.666666666666668,0
S-fade3d,A-2edab2,2024-07-24,,Basic,17,323,3876,False,True,False,False,annual,True,0,Company_301,HealthTech,US,2023-11-17,event,4.0,290.98333333333335,1.0,4.0,4.0,3.0,30.0,0
S-2223bf,A-5a215a,2024-10-23,2024-11-26,Pro,87,4263,51156,False,False,False,True,monthly,True,1,Company_358,EdTech,FR,2024-01-05,other,4.0,288.1166666666667,4.0,4.0,4.0,4.0,29.5,0
S-6bbf29,A-a09355,2024-08-22,,Basic,14,266,3192,False,False,False,False,annual,True,0,Company_459,FinTech,US,2024-08-10,organic,2.0,139.25,3.0,2.0,5.0,4.0,32.6,1
S-d76f8b,A-e1b9cd,2024-03-30,,Basic,40,760,9120,False,False,False,False,annual,True,0,Company_484,DevTools,US,2023-02-26,event,6.0,355.75,6.0,6.0,1.0,3.0,35.0,0
S-b7d290,A-7920cc,2024-12-06,,Enterprise,69,13731,164772,False,False,False,False,annual,True,0,Company_412,Cybersecurity,FR,2023-11-23,ads,7.0,350.5,4.0,7.0,7.0,4.333333333333333,32.857142857142854,0
S-b36569,A-ff3c73,2024-09-23,,Basic,21,399,4788,False,True,False,False,annual,True,0,Company_244,HealthTech,AU,2023-01-26,other,2.0,188.78333333333333,2.0,2.0,2.0,3.5,35.5,1
S-79d1e0,A-ce550d,2024-12-31,2024-12-31,Enterprise,109,21691,260292,False,False,False,True,monthly,True,1,Company_4,HealthTech,US,2024-10-27,event,9.0,782.0,7.0,9.0,7.0,3.8,42.285714285714285,0
S-089fa7,A-9174e0,2024-12-16,,Enterprise,37,7363,88356,False,False,False,False,annual,True,0,Company_73,Cybersecurity,US,2024-12-04,partner,1.0,67.83333333333333,0.0,1.0,2.0,5.0,39.0,1
S-de059a,A-35083d,2024-05-11,,Enterprise,19,3781,45372,False,False,False,False,monthly,True,0,Company_27,HealthTech,IN,2023-04-28,partner,4.0,114.83333333333333,4.0,4.0,4.0,5.0,49.75,0
S-eccbe0,A-e3bd71,2024-12-07,,Pro,31,1519,18228,False,False,False,False,annual,False,0,Company_347,Cybersecurity,US,2023-03-25,partner,6.0,171.16666666666666,1.0,6.0,4.0,4.0,30.25,0
S-9a4589,A-3a7284,2024-12-15,,Pro,31,1519,18228,False,False,False,False,annual,True,0,Company_93,FinTech,US,2024-11-17,organic,5.0,280.75,4.0,5.0,3.0,3.5,56.333333333333336,0
S-e83351,A-bd4708,2024-10-02,,Pro,69,3381,40572,False,True,False,False,annual,True,0,Company_257,FinTech,US,2024-07-21,ads,4.0,236.48333333333332,3.0,4.0,4.0,3.5,24.0,0
S-6e8126,A-560d27,2024-11-04,,Basic,23,437,5244,False,False,False,False,annual,False,0,Company_266,DevTools,US,2024-05-05,organic,6.0,387.8666666666667,3.0,6.0,4.0,3.6666666666666665,30.75,0
S-134439,A-cbd1a3,2024-11-30,,Pro,6,294,3528,False,False,False,False,annual,False,0,Company_325,DevTools,US,2024-11-25,other,3.0,69.28333333333333,4.0,3.0,4.0,4.0,34.5,1
S-8bab7f,A-72799b,2024-04-21,2024-09-30,Basic,20,380,4560,False,False,True,True,monthly,True,1,Company_394,DevTools,FR,2023-11-13,event,6.0,242.33333333333334,0.0,6.0,2.0,4.5,33.5,0
S-dd3b36,A-1b7577,2024-11-26,2024-12-06,Basic,4,76,912,False,False,False,True,monthly,True,1,Company_39,Cybersecurity,US,2024-10-27,other,6.0,395.43333333333334,2.0,6.0,5.0,4.0,27.2,0
S-085f96,A-2bc93d,2023-12-31,,Enterprise,40,7960,95520,False,True,False,False,annual,True,0,Company_43,HealthTech,US,2023-03-14,event,4.0,319.9,1.0,4.0,2.0,4.5,12.0,0
S-6895d0,A-5a92e7,2024-06-13,,Pro,29,1421,17052,False,False,False,False,monthly,False,0,Company_413,HealthTech,US,2024-06-11,ads,4.0,242.78333333333333,2.0,4.0,7.0,4.4,45.0,0
S-670476,A-8b0451,2024-11-18,2024-12-31,Enterprise,41,8159,97908,False,False,False,True,monthly,True,1,Company_245,FinTech,UK,2024-09-16,event,4.0,334.9166666666667,0.0,4.0,7.0,3.5,26.571428571428573,0
S-2d807a,A-34d880,2024-04-18,,Enterprise,53,10547,126564,False,False,False,False,monthly,True,0,Company_207,Cybersecurity,AU,2024-04-11,ads,5.0,421.5,9.0,5.0,5.0,3.0,52.2,0
S-2245c0,A-6f50ae,2024-11-19,,Enterprise,19,3781,45372,False,False,False,False,monthly,True,0,Company_466,FinTech,US,2023-09-21,partner,9.0,378.3833333333333,2.0,9.0,5.0,4.5,31.0,0
S-0a5cd7,A-ffdfd5,2024-11-16,,Enterprise,30,5970,71640,False,False,False,False,annual,True,0,Company_365,EdTech,US,2024-04-13,organic,2.0,113.86666666666666,0.0,2.0,0.0,,,0
S-f93185,A-7df7a7,2024-12-05,,Enterprise,10,1990,23880,False,False,False,False,monthly,False,0,Company_125,DevTools,US,2023-01-28,organic,2.0,67.68333333333334,2.0,2.0,3.0,4.0,28.0,1
S-3c072b,A-ced9aa,2024-12-01,,Basic,3,57,684,False,False,False,False,monthly,True,0,Company_310,DevTools,US,2024-10-05,other,8.0,470.53333333333336,8.0,8.0,7.0,3.0,28.857142857142858,0
S-7c81dd,A-104f1a,2024-09-05,,Pro,40,1960,23520,False,False,False,False,monthly,True,0,Company_89,Cybersecurity,US,2024-08-17,other,4.0,218.68333333333334,3.0,4.0,5.0,3.75,33.2,0
S-a7a9c3,A-fd9422,2024-10-01,,Basic,58,1102,13224,False,False,False,False,annual,True,0,Company_263,Cybersecurity,US,2024-04-04,organic,4.0,265.26666666666665,3.0,4.0,6.0,3.5,44.333333333333336,0
S-8856af,A-c70870,2024-12-09,,Basic,31,0,0,True,False,False,False,annual,True,0,Company_253,Cybersecurity,US,2024-10-22,partner,6.0,255.13333333333333,1.0,6.0,5.0,4.0,35.6,0
S-0a8acf,A-55f257,2024-02-16,,Pro,13,637,7644,False,True,False,False,monthly,True,0,Company_496,FinTech,US,2023-12-21,organic,5.0,258.68333333333334,2.0,5.0,6.0,5.0,43.166666666666664,0
S-dbad62,A-58b9ff,2024-10-16,,Basic,12,228,2736,False,False,False,False,annual,False,0,Company_425,DevTools,IN,2024-05-31,partner,2.0,83.41666666666667,2.0,2.0,2.0,4.0,66.0,1
S-7134c2,A-544d0a,2024-09-02,,Pro,29,1421,17052,False,False,False,False,annual,False,0,Company_153,DevTools,US,2024-05-02,organic,6.0,440.65,6.0,6.0,2.0,4.0,38.5,0
S-18f80d,A-484819,2023-02-23,,Enterprise,18,3582,42984,False,False,False,False,annual,True,0,Company_109,HealthTech,US,2023-02-21,organic,3.0,156.3,3.0,3.0,5.0,4.5,33.2,1
S-92d873,A-e83938,2024-04-25,,Enterprise,13,0,0,True,False,False,False,monthly,True,0,Company_111,DevTools,UK,2023-11-21,other,4.0,190.45,0.0,4.0,4.0,3.0,31.0,0
S-37bdb4,A-6dee43,2024-04-05,,Enterprise,80,15920,191040,False,True,False,False,annual,False,0,Company_478,FinTech,UK,2023-08-12,other,4.0,312.8333333333333,0.0,4.0,5.0,4.333333333333333,44.2,0
S-c226ae,A-b20d99,2024-03-27,,Basic,34,646,7752,False,False,False,False,annual,False,0,Company_29,HealthTech,IN,2023-09-27,other,3.0,223.95,1.0,3.0,2.0,3.5,61.5,1
S-16b6dc,A-794a0b,2024-04-02,,Pro,23,1127,13524,False,False,False,False,monthly,True,0,Company_168,HealthTech,DE,2023-06-02,organic,9.0,466.9,3.0,9.0,0.0,,,0
S-3b98b1,A-0a282f,2024-10-10,,Enterprise,29,5771,69252,False,False,False,False,monthly,True,0,Company_2,DevTools,US,2024-08-27,organic,3.0,155.18333333333334,1.0,3.0,3.0,4.666666666666667,43.666666666666664,1
S-234115,A-bd4513,2024-11-28,,Basic,50,950,11400,False,False,False,False,monthly,False,0,Company_205,DevTools,AU,2024-11-06,event,1.0,46.0,0.0,1.0,3.0,4.666666666666667,42.0,1
S-862572,A-6e08f3,2024-07-14,,Basic,8,152,1824,False,False,False,False,monthly,True,0,Company_220,Cybersecurity,US,2023-02-27,event,2.0,92.65,0.0,2.0,2.0,3.5,36.5,1
S-aad754,A-902ef7,2024-11-07,,Basic,83,1577,18924,False,False,False,False,annual,True,0,Company_270,HealthTech,US,2024-09-03,other,8.0,476.73333333333335,7.0,8.0,2.0,4.0,48.5,0
S-59fe1d,A-9badbd,2024-10-21,,Basic,21,0,0,True,False,False,False,monthly,True,0,Company_63,Cybersecurity,DE,2024-06-19,ads,3.0,160.2,3.0,3.0,5.0,5.0,30.2,1
S-3a3d0f,A-751c58,2024-09-20,,Basic,18,342,4104,False,False,False,False,annual,True,0,Company_393,FinTech,UK,2024-07-18,organic,6.0,347.9166666666667,0.0,6.0,5.0,4.333333333333333,39.6,0
S-575bef,A-68f37c,2024-08-01,,Pro,15,735,8820,False,False,False,False,annual,True,0,Company_202,HealthTech,US,2023-07-15,ads,7.0,408.8833333333333,9.0,7.0,5.0,4.0,20.2,0
S-74761f,A-9123ac,2023-12-23,,Enterprise,42,8358,100296,False,False,False,False,annual,True,0,Company_219,Cybersecurity,DE,2023-06-20,organic,5.0,334.55,2.0,5.0,6.0,4.2,38.833333333333336,0
S-79123c,A-4c38bc,2024-10-19,,Enterprise,36,7164,85968,False,False,False,False,annual,True,0,Company_55,HealthTech,UK,2024-03-09,event,4.0,347.3666666666667,2.0,4.0,3.0,3.5,48.333333333333336,0
S-600ea7,A-726cfa,2023-11-21,,Pro,11,539,6468,False,False,False,False,annual,True,0,Company_82,DevTools,US,2023-07-01,partner,10.0,528.5333333333333,4.0,10.0,3.0,4.0,35.666666666666664,0
S-fc7e8e,A-0a282f,2024-10-11,,Enterprise,2,398,4776,False,False,False,False,monthly,True,0,Company_2,DevTools,US,2024-08-27,organic,10.0,347.68333333333334,4.0,10.0,3.0,4.666666666666667,43.666666666666664,0
S-b2f038,A-1b707d,2024-01-24,,Pro,13,637,7644,False,False,False,False,monthly,True,0,Company_56,Cybersecurity,US,2023-07-14,organic,2.0,115.9,0.0,2.0,3.0,,42.666666666666664,1
S-1170cb,A-84ebe4,2024-04-19,,Pro,18,882,10584,False,False,False,False,annual,True,0,Company_68,FinTech,US,2023-03-12,ads,2.0,115.36666666666666,1.0,2.0,4.0,4.0,29.5,1
S-ba69a4,A-0158bb,2024-05-30,,Basic,25,0,0,True,False,False,False,monthly,True,0,Company_461,FinTech,DE,2024-05-22,partner,4.0,211.8,6.0,4.0,1.0,3.0,32.0,0
S-56122a,A-ac85cd,2024-11-30,,Enterprise,61,12139,145668,False,False,False,False,annual,True,0,Company_485,EdTech,US,2024-07-31,partner,6.0,498.3,1.0,6.0,3.0,3.5,33.666666666666664,0
S-29a901,A-378b99,2024-10-24,,Pro,8,392,4704,False,False,False,False,annual,True,0,Company_60,EdTech,UK,2024-09-01,ads,4.0,294.93333333333334,4.0,4.0,6.0,4.5,28.5,0
S-c6c2f6,A-4e0e85,2024-08-22,,Enterprise,104,0,0,True,False,False,False,monthly,True,0,Company_409,DevTools,US,2023-09-08,organic,5.0,105.78333333333333,2.0,5.0,2.0,5.0,53.0,0
S-13b606,A-5b1bcd,2024-10-04,,Pro,73,3577,42924,False,True,False,False,annual,True,0,Company_166,DevTools,US,2023-09-16,organic,4.0,178.23333333333332,6.0,4.0,4.0,4.5,43.25,0
S-1dceca,A-f92792,2024-08-01,,Basic,15,285,3420,False,False,False,False,monthly,False,0,Company_67,FinTech,US,2024-07-04,ads,6.0,265.0,3.0,6.0,2.0,4.0,45.0,0
S-c14f97,A-7e0a10,2024-02-05,,Pro,46,2254,27048,False,True,False,False,monthly,True,0,Company_64,FinTech,US,2023-11-18,ads,4.0,137.16666666666666,2.0,4.0,5.0,4.0,39.4,0
S-8a7e47,A-c7ffc2,2024-12-27,,Basic,49,931,11172,False,False,False,False,monthly,False,0,Company_392,Cybersecurity,US,2023-01-27,partner,4.0,257.76666666666665,2.0,4.0,2.0,3.0,64.0,0
S-feba2a,A-e3bd71,2024-03-09,,Pro,69,0,0,True,False,False,False,monthly,True,0,Company_347,Cybersecurity,US,2023-03-25,partner,3.0,162.36666666666667,4.0,3.0,4.0,4.0,30.25,1
S-02d46a,A-8ed5dd,2024-11-01,,Pro,5,245,2940,False,False,False,False,annual,True,0,Company_222,EdTech,UK,2023-06-29,event,7.0,321.3666666666667,4.0,7.0,6.0,3.75,29.0,0
S-b5165e,A-bcf664,2023-08-11,,Pro,32,1568,18816,False,False,False,False,monthly,True,0,Company_248,DevTools,US,2023-05-19,other,4.0,207.91666666666666,0.0,4.0,5.0,4.0,36.0,0
S-bb47b9,A-e4144b,2024-11-10,,Enterprise,41,8159,97908,False,False,False,False,monthly,True,0,Company_316,EdTech,UK,2024-10-22,other,5.0,263.46666666666664,4.0,5.0,3.0,4.0,57.0,0
S-4920e0,A-52dd88,2023-12-05,,Basic,23,437,5244,False,False,False,False,annual,True,0,Company_127,Cybersecurity,US,2023-02-21,ads,3.0,170.45,0.0,3.0,1.0,,72.0,1
S-3781d0,A-5a215a,2024-05-10,2024-12-06,Enterprise,87,17313,207756,False,False,False,True,annual,True,1,Company_358,EdTech,FR,2024-01-05,other,4.0,170.06666666666666,4.0,4.0,4.0,4.0,29.5,0
S-fec1cd,A-186a44,2024-12-04,,Enterprise,20,3980,47760,False,True,False,False,monthly,False,0,Company_101,HealthTech,US,2023-08-07,ads,3.0,118.0,1.0,3.0,7.0,3.5,38.285714285714285,1
S-75cba6,A-5a215a,2024-09-18,,Enterprise,87,17313,207756,False,False,False,False,monthly,True,0,Company_358,EdTech,FR,2024-01-05,other,3.0,143.46666666666667,10.0,3.0,4.0,4.0,29.5,1
S-f5ce8e,A-8b25f2,2024-12-15,,Enterprise,13,2587,31044,False,False,False,False,monthly,True,0,Company_96,Cybersecurity,US,2024-02-17,ads,1.0,51.8,0.0,1.0,2.0,4.0,35.5,1
S-444c6a,A-95b24a,2023-10-07,,Basic,38,722,8664,False,False,False,False,annual,False,0,Company_117,FinTech,US,2023-06-06,event,8.0,300.93333333333334,3.0,8.0,5.0,4.25,21.2,0
S-1a2f35,A-832ec2,2024-04-07,,Basic,12,228,2736,False,False,False,False,monthly,False,0,Company_19,FinTech,UK,2023-11-19,event,7.0,391.15,4.0,7.0,3.0,4.0,26.0,0
S-9d8525,A-cab532,2023-04-21,,Enterprise,11,2189,26268,False,False,False,False,monthly,False,0,Company_218,DevTools,FR,2023-04-03,organic,8.0,401.51666666666665,2.0,8.0,1.0,4.0,32.0,0
S-9b8421,A-6a4e2d,2023-05-29,2024-07-19,Pro,56,0,0,True,False,False,True,annual,False,1,Company_46,EdTech,UK,2023-04-07,partner,6.0,265.31666666666666,3.0,6.0,2.0,4.5,18.5,0
S-704cf3,A-5a215a,2024-11-24,,Basic,87,1653,19836,False,False,False,False,monthly,True,0,Company_358,EdTech,FR,2024-01-05,other,5.0,267.68333333333334,2.0,5.0,4.0,4.0,29.5,0
S-d31de5,A-f45426,2024-11-22,,Pro,17,833,9996,False,False,True,False,monthly,True,0,Company_172,HealthTech,US,2024-08-05,organic,7.0,310.4166666666667,5.0,7.0,3.0,4.0,17.0,0
S-383fc5,A-474ad4,2024-07-03,,Enterprise,8,0,0,True,False,False,False,monthly,True,0,Company_261,EdTech,US,2023-11-28,organic,7.0,229.68333333333334,3.0,7.0,3.0,5.0,33.0,0
S-ce0d60,A-712426,2024-11-17,,Pro,14,686,8232,False,False,False,False,annual,True,0,Company_155,HealthTech,US,2024-11-10,other,7.0,316.01666666666665,0.0,7.0,6.0,4.4,37.333333333333336,0
S-5e8d9f,A-df10db,2024-05-30,,Enterprise,33,6567,78804,False,False,False,False,annual,True,0,Company_143,DevTools,US,2023-06-06,other,8.0,469.35,14.0,8.0,2.0,3.0,68.5,0
S-5bbfe3,A-1ac5e0,2024-11-29,,Basic,33,627,7524,False,False,False,False,monthly,True,0,Company_126,DevTools,US,2024-10-20,event,5.0,259.5833333333333,4.0,5.0,7.0,3.8,40.42857142857143,0
S-c935b8,A-684255,2024-04-14,,Basic,32,608,7296,False,False,False,False,annual,True,0,Company_20,FinTech,US,2024-04-14,ads,9.0,378.45,6.0,9.0,4.0,4.666666666666667,14.25,0
S-e4b79e,A-2e3bad,2024-01-06,,Pro,61,2989,35868,False,False,False,False,annual,False,0,Company_108,FinTech,CA,2023-08-13,other,5.0,160.71666666666667,6.0,5.0,5.0,3.5,31.4,0
S-76767f,A-068fc6,2023-10-28,,Pro,35,1715,20580,False,False,False,False,monthly,True,0,Company_465,EdTech,US,2023-07-17,event,6.0,398.71666666666664,3.0,6.0,5.0,4.333333333333333,38.8,0
S-e07b30,A-029f69,2024-11-13,,Pro,3,147,1764,False,True,False,False,annual,True,0,Company_129,Cybersecurity,CA,2024-03-07,event,3.0,144.4,4.0,3.0,2.0,3.0,42.0,1
S-da78bb,A-712426,2024-11-17,,Basic,9,171,2052,False,False,False,False,monthly,True,0,Company_155,HealthTech,US,2024-11-10,other,2.0,115.46666666666667,3.0,2.0,6.0,4.4,37.333333333333336,1
S-1862f2,A-098560,2024-07-29,2024-10-21,Basic,29,551,6612,False,False,False,True,annual,True,1,Company_349,DevTools,UK,2023-10-21,ads,8.0,322.81666666666666,6.0,8.0,2.0,3.0,28.0,0
S-f9cb2b,A-6965e1,2024-12-18,,Enterprise,34,6766,81192,False,False,False,False,annual,False,0,Company_379,DevTools,US,2024-11-25,organic,4.0,140.43333333333334,1.0,4.0,3.0,3.0,39.0,0
S-02a3aa,A-e2cd1b,2024-06-24,,Basic,15,0,0,True,False,False,False,annual,True,0,Company_121,DevTools,US,2024-02-04,other,7.0,368.3333333333333,7.0,7.0,5.0,4.0,37.8,0
S-ce61e0,A-f3ff05,2024-08-02,2024-09-01,Basic,2,38,456,False,True,False,True,monthly,True,1,Company_44,FinTech,IN,2024-07-06,other,8.0,478.2,1.0,8.0,3.0,3.5,42.666666666666664,0
S-e98bfd,A-8adedc,2024-05-18,,Basic,4,76,912,False,False,False,False,annual,True,0,Company_300,EdTech,US,2024-02-11,event,0.0,0.0,0.0,0.0,4.0,4.0,49.25,1
S-1b524a,A-4a4c2d,2023-08-11,,Basic,54,1026,12312,False,False,True,False,annual,True,0,Company_473,DevTools,US,2023-05-02,event,2.0,80.51666666666667,2.0,2.0,5.0,4.25,42.0,1
S-bc2633,A-ba6516,2024-11-03,,Pro,27,1323,15876,False,False,False,False,monthly,True,0,Company_154,FinTech,US,2023-10-29,ads,9.0,570.4166666666666,1.0,9.0,6.0,4.0,31.5,0
S-1d69ca,A-cea1f0,2024-06-24,,Basic,30,570,6840,False,False,False,False,monthly,False,0,Company_273,FinTech,US,2024-04-07,event,2.0,112.53333333333333,2.0,2.0,5.0,4.333333333333333,42.2,1
S-dcf449,A-adc1f3,2024-11-20,,Enterprise,50,9950,119400,False,False,False,False,annual,True,0,Company_98,Cybersecurity,US,2024-08-05,organic,3.0,213.4,4.0,3.0,3.0,3.5,47.333333333333336,1
S-67965d,A-bc87bc,2024-12-07,,Pro,3,147,1764,False,False,False,False,annual,True,0,Company_456,FinTech,US,2024-07-17,event,6.0,458.4,0.0,6.0,7.0,3.75,40.57142857142857,0
S-c86cb0,A-4ae22a,2024-10-17,,Enterprise,6,1194,14328,False,False,False,False,monthly,True,0,Company_229,EdTech,US,2024-05-09,other,8.0,425.0833333333333,8.0,7.0,3.0,3.0,14.333333333333334,0
S-9c4090,A-6f50ae,2024-05-01,,Basic,19,361,4332,False,False,False,False,annual,False,0,Company_466,FinTech,US,2023-09-21,partner,2.0,90.43333333333334,3.0,2.0,5.0,4.5,31.0,1
S-162441,A-249769,2024-09-06,,Enterprise,4,796,9552,False,False,False,False,monthly,True,0,Company_214,Cybersecurity,US,2024-04-25,event,5.0,309.8833333333333,2.0,5.0,2.0,4.0,39.5,0
S-a63da6,A-157070,2024-09-10,,Pro,30,1470,17640,False,False,False,False,monthly,False,0,Company_85,FinTech,US,2023-11-09,ads,5.0,358.3833333333333,1.0,5.0,3.0,3.0,42.333333333333336,0
S-4b5470,A-b78bf8,2024-11-17,,Enterprise,33,6567,78804,False,False,False,False,monthly,True,0,Company_148,DevTools,US,2024-11-15,event,4.0,189.28333333333333,0.0,4.0,5.0,4.2,24.2,0
S-fd2307,A-bbe56f,2023-08-29,,Enterprise,21,4179,50148,False,False,False,False,annual,True,0,Company_406,HealthTech,US,2023-02-16,ads,2.0,145.4,0.0,2.0,4.0,4.0,26.25,1
S-78f738,A-c70870,2024-12-29,,Enterprise,170,33830,405960,False,False,True,False,monthly,True,0,Company_253,Cybersecurity,US,2024-10-22,partner,7.0,362.6166666666667,4.0,7.0,5.0,4.0,35.6,0
S-81d174,A-271f46,2024-05-02,,Enterprise,38,7562,90744,False,False,False,False,annual,True,0,Company_84,DevTools,US,2023-02-09,event,3.0,104.1,1.0,3.0,1.0,,36.0,1
S-cfd4a3,A-8bde0c,2024-12-23,,Pro,93,4557,54684,False,False,False,False,annual,True,0,Company_287,DevTools,US,2024-11-04,organic,1.0,28.666666666666668,0.0,1.0,3.0,4.0,25.666666666666668,1
S-86673a,A-ced9aa,2024-11-08,,Basic,22,418,5016,False,False,False,False,monthly,True,0,Company_310,DevTools,US,2024-10-05,other,8.0,387.51666666666665,1.0,8.0,7.0,3.0,28.857142857142858,0
S-df262a,A-43a9e3,2023-11-06,,Enterprise,28,5572,66864,False,True,False,False,monthly,True,0,Company_1,FinTech,IN,2023-08-17,other,6.0,336.78333333333336,4.0,6.0,3.0,4.0,38.0,0
S-58d2c8,A-a6d261,2024-11-19,,Basic,13,247,2964,False,True,False,False,annual,True,0,Company_303,FinTech,CA,2023-11-29,other,4.0,335.1166666666667,1.0,4.0,4.0,4.666666666666667,40.0,0
S-02949d,A-bd4708,2024-12-02,,Pro,37,1813,21756,False,False,False,False,annual,True,0,Company_257,FinTech,US,2024-07-21,ads,8.0,539.4166666666666,7.0,8.0,4.0,3.5,24.0,0
S-d5c6cc,A-34ea2f,2024-10-10,,Pro,83,4067,48804,False,False,False,False,annual,True,0,Company_436,HealthTech,US,2024-08-15,organic,3.0,56.266666666666666,6.0,3.0,8.0,3.8,35.25,1
S-35c7c8,A-f51f16,2024-02-23,,Basic,4,76,912,False,False,False,False,monthly,True,0,Company_282,HealthTech,US,2023-12-25,partner,6.0,362.8,3.0,6.0,4.0,3.0,29.25,0
S-f9ec8f,A-30b4ca,2024-10-03,,Basic,86,1634,19608,False,False,False,False,annual,True,0,Company_23,EdTech,IN,2024-05-20,organic,7.0,223.85,5.0,7.0,3.0,4.0,57.666666666666664,0
S-5da1b8,A-684255,2024-06-28,2024-08-01,Pro,20,980,11760,False,False,False,True,annual,False,1,Company_20,FinTech,US,2024-04-14,ads,2.0,50.95,1.0,2.0,4.0,4.666666666666667,14.25,1
S-0e9f1e,A-7c83a1,2024-11-24,,Basic,12,228,2736,False,False,False,False,monthly,True,0,Company_447,Cybersecurity,US,2024-05-06,partner,8.0,618.1,5.0,8.0,4.0,4.0,42.0,0
S-8d516f,A-d535f6,2024-09-29,,Enterprise,12,2388,28656,False,False,False,False,monthly,True,0,Company_421,DevTools,US,2024-09-03,organic,2.0,80.7,2.0,2.0,0.0,,,0
S-34a131,A-2e4581,2024-11-29,,Enterprise,9,1791,21492,False,False,False,False,annual,False,0,Company_0,EdTech,US,2024-10-16,partner,4.0,212.86666666666667,6.0,4.0,2.0,3.0,23.0,0
S-ee4c5c,A-5b1bcd,2023-10-28,,Enterprise,73,14527,174324,False,False,False,False,annual,True,0,Company_166,DevTools,US,2023-09-16,organic,9.0,382.81666666666666,11.0,9.0,4.0,4.5,43.25,0
S-9781fe,A-40de06,2023-09-21,2024-12-23,Pro,28,1372,16464,False,False,False,True,annual,True,1,Company_369,Cybersecurity,US,2023-05-08,event,5.0,354.6333333333333,4.0,5.0,3.0,4.0,40.333333333333336,0
S-527d18,A-5b1bcd,2023-10-15,,Enterprise,73,14527,174324,False,False,False,False,monthly,True,0,Company_166,DevTools,US,2023-09-16,organic,6.0,406.35,3.0,6.0,4.0,4.5,43.25,0
S-060019,A-d535f6,2024-10-18,,Basic,19,0,0,True,False,True,False,annual,True,0,Company_421,DevTools,US,2024-09-03,organic,5.0,168.91666666666666,7.0,5.0,0.0,,,0
S-bc2ca5,A-7988d1,2024-04-29,,Basic,33,627,7524,False,False,False,False,monthly,True,0,Company_90,Cybersecurity,US,2023-12-20,other,5.0,250.95,2.0,5.0,3.0,4.333333333333333,35.333333333333336,0
S-abdeb7,A-40de06,2024-06-02,,Enterprise,28,0,0,True,False,False,False,annual,True,0,Company_369,Cybersecurity,US,2023-05-08,event,1.0,67.66666666666667,0.0,1.0,3.0,4.0,40.333333333333336,1
S-d55d8a,A-dec005,2024-08-28,,Enterprise,21,4179,50148,False,False,False,False,monthly,True,0,Company_445,HealthTech,US,2023-10-13,partner,4.0,66.4,1.0,4.0,2.0,3.0,59.0,0
S-99aaa4,A-f6b2fb,2024-08-14,,Basic,23,437,5244,False,True,False,False,annual,True,0,Company_418,DevTools,AU,2024-04-23,event,5.0,312.15,1.0,5.0,5.0,4.0,55.0,0
S-cb117a,A-671f31,2024-12-07,,Enterprise,59,11741,140892,False,False,False,False,annual,True,0,Company_137,DevTools,US,2024-11-24,ads,5.0,257.3833333333333,5.0,5.0,7.0,4.2,33.0,0
S-e5fdf9,A-9208f0,2024-08-09,,Basic,17,0,0,True,False,False,False,annual,True,0,Company_79,EdTech,US,2023-05-11,organic,3.0,108.9,3.0,3.0,8.0,3.3333333333333335,41.25,1
S-455183,A-22d9d2,2024-06-05,,Pro,8,392,4704,False,False,False,False,monthly,True,0,Company_188,DevTools,FR,2024-03-22,event,8.0,487.1,2.0,8.0,6.0,4.0,16.0,0
S-57bdc2,A-c70870,2024-11-14,,Pro,31,0,0,True,False,False,False,monthly,True,0,Company_253,Cybersecurity,US,2024-10-22,partner,5.0,253.51666666666668,3.0,5.0,5.0,4.0,35.6,0
S-96b8d5,A-659280,2024-02-15,,Basic,20,380,4560,False,False,False,False,annual,False,0,Company_417,FinTech,IN,2023-11-17,event,4.0,136.16666666666666,7.0,4.0,4.0,4.333333333333333,8.0,0
S-bc7cab,A-cc8c8f,2024-12-19,,Basic,48,0,0,True,False,True,False,annual,True,0,Company_482,DevTools,US,2024-06-16,ads,6.0,161.41666666666666,4.0,6.0,2.0,3.5,14.5,0
S-751802,A-592832,2024-11-03,,Basic,18,342,4104,False,False,False,False,monthly,True,0,Company_10,Cybersecurity,US,2024-09-25,organic,0.0,0.0,0.0,0.0,3.0,5.0,32.666666666666664,1
S-2e2d6c,A-f6b2fb,2024-08-01,,Enterprise,24,4776,57312,False,False,False,False,monthly,True,0,Company_418,DevTools,AU,2024-04-23,event,2.0,84.66666666666667,0.0,2.0,5.0,4.0,55.0,1
S-90a2c8,A-44dc83,2024-06-17,,Basic,24,456,5472,False,False,False,False,annual,True,0,Company_35,EdTech,FR,2024-05-12,other,9.0,532.8333333333334,4.0,9.0,7.0,4.6,40.857142857142854,0
S-08fc73,A-7df7a7,2024-05-07,,Enterprise,7,1393,16716,False,False,False,False,annual,True,0,Company_125,DevTools,US,2023-01-28,organic,12.0,483.8666666666667,6.0,12.0,3.0,4.0,28.0,0
S-89e27e,A-94f8c9,2024-12-23,,Basic,13,247,2964,False,False,True,False,monthly,True,0,Company_51,HealthTech,US,2024-03-29,other,5.0,178.36666666666667,8.0,5.0,3.0,5.0,47.333333333333336,0
S-e4df5d,A-65c341,2024-02-15,,Pro,17,833,9996,False,False,False,False,annual,True,0,Company_308,FinTech,US,2023-12-26,ads,3.0,234.75,1.0,3.0,5.0,4.0,41.4,1
S-73d0eb,A-592832,2024-10-09,,Basic,60,1140,13680,False,False,False,False,monthly,True,0,Company_10,Cybersecurity,US,2024-09-25,organic,7.0,573.0666666666667,4.0,7.0,3.0,5.0,32.666666666666664,0
S-cb38be,A-f92792,2024-09-05,,Basic,2,38,456,False,False,True,False,annual,True,0,Company_67,FinTech,US,2024-07-04,ads,4.0,241.05,4.0,4.0,2.0,4.0,45.0,0
S-415065,A-9174e0,2024-12-24,,Enterprise,37,7363,88356,False,False,False,False,monthly,True,0,Company_73,Cybersecurity,US,2024-12-04,partner,3.0,107.38333333333334,0.0,3.0,2.0,5.0,39.0,1
S-0e1d53,A-016043,2024-08-02,,Basic,6,114,1368,False,False,False,False,annual,False,0,Company_405,EdTech,CA,2024-07-31,organic,4.0,158.66666666666666,0.0,4.0,3.0,4.0,30.333333333333332,0
S-20a297,A-34ea2f,2024-09-05,,Basic,8,152,1824,False,False,False,False,monthly,True,0,Company_436,HealthTech,US,2024-08-15,organic,5.0,238.81666666666666,3.0,5.0,8.0,3.8,35.25,0
S-bf424e,A-8b0451,2024-12-22,,Enterprise,41,8159,97908,False,False,False,False,annual,True,0,Company_245,FinTech,UK,2024-09-16,event,3.0,195.76666666666668,1.0,3.0,7.0,3.5,26.571428571428573,1
S-0b80b4,A-659280,2024-02-08,,Pro,47,2303,27636,False,True,False,False,annual,True,0,Company_417,FinTech,IN,2023-11-17,event,3.0,100.38333333333334,4.0,3.0,4.0,4.333333333333333,8.0,1
S-c5cfb0,A-8b0451,2024-10-05,,Basic,41,0,0,True,False,False,False,monthly,False,0,Company_245,FinTech,UK,2024-09-16,event,10.0,391.51666666666665,11.0,10.0,7.0,3.5,26.571428571428573,0
S-f4a4c8,A-c37cab,2024-10-05,2024-12-13,Enterprise,98,19502,234024,False,True,False,True,monthly,True,1,Company_278,Cybersecurity,UK,2024-07-29,event,4.0,140.0,7.0,4.0,4.0,3.75,33.0,0
S-16a545,A-592832,2024-09-30,,Basic,35,665,7980,False,False,False,False,annual,True,0,Company_10,Cybersecurity,US,2024-09-25,organic,7.0,425.15,3.0,7.0,3.0,5.0,32.666666666666664,0
S-f95951,A-02fac6,2024-09-10,,Pro,22,1078,12936,False,False,False,False,monthly,True,0,Company_52,FinTech,US,2023-04-06,event,4.0,98.95,10.0,4.0,6.0,4.0,23.333333333333332,0
S-1e349b,A-2e4581,2024-11-13,,Basic,102,1938,23256,False,False,False,False,monthly,True,0,Company_0,EdTech,US,2024-10-16,partner,6.0,391.68333333333334,0.0,6.0,2.0,3.0,23.0,0
S-d660d6,A-cab532,2024-05-01,,Basic,33,627,7524,False,False,True,False,annual,True,0,Company_218,DevTools,FR,2023-04-03,organic,6.0,119.45,4.0,6.0,1.0,4.0,32.0,0
S-1bb4f4,A-6843f2,2024-12-19,,Basic,21,399,4788,False,False,False,False,annual,True,0,Company_335,HealthTech,CA,2024-12-10,ads,4.0,250.55,2.0,4.0,2.0,3.0,36.5,0
S-c43200,A-94c3cd,2024-12-15,,Enterprise,32,6368,76416,False,False,False,False,monthly,True,0,Company_351,FinTech,CA,2023-09-20,other,5.0,268.3,0.0,5.0,4.0,3.5,44.75,0
S-1da72c,A-4bfa33,2024-12-12,,Basic,20,380,4560,False,False,False,False,monthly,True,0,Company_251,Cybersecurity,US,2024-12-07,event,10.0,387.3,3.0,10.0,4.0,3.6666666666666665,16.5,0
S-9e15d0,A-02fac6,2024-01-19,,Pro,22,1078,12936,False,False,False,False,monthly,True,0,Company_52,FinTech,US,2023-04-06,event,2.0,36.2,0.0,2.0,6.0,4.0,23.333333333333332,1
S-9e7060,A-c62e55,2024-01-15,,Basic,10,190,2280,False,False,False,False,annual,False,0,Company_315,EdTech,US,2023-02-08,partner,3.0,182.68333333333334,3.0,3.0,4.0,4.0,27.5,1
S-15a8c0,A-700ade,2024-12-29,,Basic,50,950,11400,False,False,False,False,monthly,False,0,Company_472,Cybersecurity,UK,2024-10-31,organic,2.0,81.26666666666667,0.0,2.0,4.0,4.666666666666667,30.25,1
S-27ab7f,A-dcc2f0,2023-12-23,,Basic,25,475,5700,False,False,False,False,annual,True,0,Company_309,FinTech,UK,2023-07-22,organic,4.0,148.61666666666667,0.0,4.0,2.0,,27.0,0
S-bedd26,A-20736a,2024-09-03,,Enterprise,50,9950,119400,False,False,False,False,monthly,True,0,Company_271,EdTech,IN,2024-03-16,organic,9.0,403.7,5.0,9.0,4.0,3.75,42.25,0
S-1319ac,A-e3bd71,2024-06-02,,Basic,91,1729,20748,False,False,False,False,annual,True,0,Company_347,Cybersecurity,US,2023-03-25,partner,6.0,317.93333333333334,5.0,6.0,4.0,4.0,30.25,0
S-abd9be,A-2b9d3e,2024-03-23,,Pro,18,882,10584,False,True,False,False,monthly,True,0,Company_319,EdTech,US,2023-06-04,partner,2.0,105.93333333333334,2.0,2.0,3.0,5.0,34.666666666666664,1
S-56ed05,A-bbc346,2024-12-24,,Pro,19,0,0,True,False,True,False,annual,True,0,Company_138,FinTech,US,2024-08-29,partner,8.0,391.01666666666665,10.0,8.0,3.0,4.5,45.333333333333336,0
S-d20d7c,A-970c97,2024-07-14,,Enterprise,28,5572,66864,False,False,False,False,monthly,False,0,Company_477,HealthTech,DE,2024-03-01,other,4.0,122.88333333333334,4.0,4.0,1.0,5.0,61.0,0
S-da4a98,A-d4e0d4,2024-10-18,,Basic,117,2223,26676,False,False,False,False,monthly,True,0,Company_403,FinTech,US,2024-10-18,other,8.0,435.51666666666665,6.0,8.0,4.0,4.0,39.25,0
S-4a90fd,A-d27f50,2024-08-26,,Pro,44,2156,25872,False,False,False,False,annual,False,0,Company_163,Cybersecurity,UK,2024-07-20,ads,4.0,278.26666666666665,2.0,4.0,4.0,3.75,37.5,0
S-cd4d67,A-40de06,2024-09-08,,Basic,28,532,6384,False,True,False,False,monthly,True,0,Company_369,Cybersecurity,US,2023-05-08,event,9.0,374.9,2.0,9.0,3.0,4.0,40.333333333333336,0
S-d6cffe,A-e7a1e2,2024-10-10,,Enterprise,6,0,0,True,False,False,False,annual,True,0,Company_295,Cybersecurity,US,2024-06-23,event,7.0,462.25,4.0,7.0,1.0,4.0,45.0,0
S-53bced,A-a1bbb6,2023-07-06,2023-11-13,Pro,5,245,2940,False,False,False,True,monthly,False,1,Company_74,DevTools,CA,2023-04-05,organic,2.0,138.53333333333333,0.0,2.0,3.0,4.0,17.666666666666668,1
S-772ef0,A-c7ffc2,2024-02-25,,Pro,30,1470,17640,False,False,False,False,annual,True,0,Company_392,Cybersecurity,US,2023-01-27,partner,10.0,533.45,6.0,10.0,2.0,3.0,64.0,0
S-f4059b,A-c70870,2024-12-15,,Pro,43,0,0,True,True,False,False,annual,True,0,Company_253,Cybersecurity,US,2024-10-22,partner,8.0,471.98333333333335,5.0,8.0,5.0,4.0,35.6,0
S-71827b,A-65c341,2024-11-15,2024-11-23,Pro,39,1911,22932,False,False,False,True,monthly,True,1,Company_308,FinTech,US,2023-12-26,ads,3.0,155.56666666666666,0.0,3.0,5.0,4.0,41.4,1
S-063586,A-13466a,2024-05-23,2024-09-27,Enterprise,22,4378,52536,False,False,False,True,annual,True,1,Company_196,DevTools,AU,2023-10-22,event,4.0,55.71666666666667,0.0,4.0,3.0,4.333333333333333,32.333333333333336,0
S-478ae9,A-e4bf56,2024-11-26,,Pro,35,1715,20580,False,False,True,False,monthly,False,0,Company_272,HealthTech,IN,2024-10-28,ads,3.0,118.56666666666666,4.0,3.0,8.0,3.6666666666666665,29.125,1
S-018501,A-a865bd,2024-09-19,,Pro,56,2744,32928,False,False,False,False,monthly,False,0,Company_297,Cybersecurity,US,2023-09-19,organic,6.0,271.9,3.0,6.0,2.0,3.0,31.5,0
S-7536e5,A-3f9cc0,2024-06-25,,Basic,22,418,5016,False,False,False,False,annual,True,0,Company_359,HealthTech,US,2024-06-03,event,4.0,203.66666666666666,3.0,4.0,5.0,4.5,34.8,0
S-c80ac4,A-43a9e3,2023-11-29,,Basic,18,342,4104,False,False,False,False,annual,True,0,Company_1,FinTech,IN,2023-08-17,other,3.0,84.7,0.0,3.0,3.0,4.0,38.0,1
S-9f4914,A-417d2f,2024-10-31,,Basic,37,703,8436,False,False,False,False,monthly,True,0,Company_285,Cybersecurity,IN,2023-07-04,partner,2.0,32.13333333333333,1.0,2.0,6.0,4.333333333333333,43.5,1
S-67c2c9,A-396e5f,2024-11-15,,Pro,7,343,4116,False,False,False,False,monthly,True,0,Company_30,Cybersecurity,CA,2024-10-02,other,6.0,343.96666666666664,3.0,6.0,5.0,4.0,24.8,0
S-5eeb46,A-37f969,2024-06-05,,Basic,30,570,6840,False,False,False,False,annual,True,0,Company_150,HealthTech,IN,2023-10-14,partner,8.0,390.93333333333334,4.0,8.0,5.0,3.6666666666666665,22.2,0
S-e71f4a,A-5a184f,2024-01-20,,Basic,7,133,1596,False,False,False,False,monthly,True,0,Company_124,DevTools,DE,2023-06-19,other,6.0,378.28333333333336,4.0,6.0,3.0,4.333333333333333,15.333333333333334,0
S-812c7c,A-f5641b,2024-06-08,,Basic,31,0,0,True,False,False,False,monthly,False,0,Company_382,EdTech,US,2024-03-30,other,3.0,178.93333333333334,2.0,3.0,4.0,3.0,47.5,1
S-18356d,A-779e4e,2023-01-28,,Enterprise,18,3582,42984,False,True,False,False,annual,True,0,Company_193,HealthTech,US,2023-01-02,organic,3.0,144.76666666666668,3.0,3.0,5.0,4.0,26.6,1
S-23a6c5,A-dfbd31,2023-12-31,,Enterprise,24,0,0,True,False,False,False,monthly,True,0,Company_190,DevTools,UK,2023-12-04,partner,3.0,116.06666666666666,0.0,3.0,6.0,4.25,29.666666666666668,1
S-934bd4,A-ccc747,2024-11-04,,Basic,16,304,3648,False,False,False,False,annual,True,0,Company_339,HealthTech,FR,2024-01-12,event,8.0,388.95,6.0,8.0,4.0,5.0,32.25,0
S-695606,A-0f3e88,2023-12-31,,Basic,16,304,3648,False,False,False,False,monthly,True,0,Company_428,HealthTech,US,2023-07-23,other,6.0,321.01666666666665,3.0,6.0,3.0,4.5,48.0,0
S-c59d50,A-7a0d69,2024-07-21,,Basic,40,0,0,True,False,False,False,monthly,False,0,Company_187,DevTools,DE,2024-06-15,ads,5.0,303.2,0.0,5.0,2.0,5.0,29.0,0
S-009027,A-1b7577,2024-10-28,,Enterprise,9,1791,21492,False,False,False,False,annual,True,0,Company_39,Cybersecurity,US,2024-10-27,other,5.0,331.71666666666664,1.0,5.0,5.0,4.0,27.2,0
S-f6f97e,A-02cd81,2024-06-29,2024-08-03,Pro,44,2156,25872,False,False,False,True,annual,True,1,Company_76,HealthTech,IN,2024-03-28,other,6.0,393.7,2.0,6.0,3.0,4.5,17.333333333333332,0
S-8b3e35,A-e693b6,2024-07-19,,Enterprise,55,0,0,True,False,False,False,annual,True,0,Company_240,FinTech,AU,2023-05-25,event,6.0,345.6166666666667,4.0,5.0,1.0,3.0,1.0,0
S-d1201a,A-b2af2e,2024-08-27,,Pro,18,882,10584,False,False,False,False,monthly,False,0,Company_227,Cybersecurity,UK,2024-08-24,event,8.0,362.45,3.0,8.0,2.0,4.0,39.5,0
S-c7c366,A-9208f0,2023-07-11,,Enterprise,38,0,0,True,False,False,False,monthly,True,0,Company_79,EdTech,US,2023-05-11,organic,5.0,376.51666666666665,2.0,5.0,8.0,3.3333333333333335,41.25,0
S-c1d6cf,A-dcc2f0,2024-01-15,,Enterprise,16,3184,38208,False,False,False,False,monthly,True,0,Company_309,FinTech,UK,2023-07-22,organic,5.0,415.85,1.0,5.0,2.0,,27.0,0
S-ba672b,A-1b9609,2024-05-01,,Pro,4,196,2352,False,False,False,False,annual,False,0,Company_5,EdTech,IN,2023-10-12,ads,3.0,251.58333333333334,0.0,3.0,4.0,3.0,43.0,1
S-1f149a,A-5a3eb9,2024-08-18,,Pro,21,1029,12348,False,False,False,False,annual,True,0,Company_283,DevTools,CA,2023-08-20,other,4.0,259.1333333333333,2.0,4.0,3.0,,24.0,0
S-e14e00,A-a7bd4b,2023-10-05,,Pro,6,294,3528,False,False,False,False,monthly,True,0,Company_363,Cybersecurity,US,2023-02-15,ads,7.0,273.8333333333333,5.0,7.0,6.0,3.25,36.833333333333336,0
S-7b3464,A-c16101,2024-09-17,,Enterprise,7,1393,16716,False,False,True,False,annual,False,0,Company_139,EdTech,IN,2024-09-06,other,4.0,141.91666666666666,3.0,4.0,4.0,5.0,28.0,0
S-ea3c2c,A-d792a6,2023-05-31,,Enterprise,9,1791,21492,False,False,False,False,monthly,True,0,Company_486,DevTools,US,2023-01-23,organic,7.0,350.06666666666666,7.0,7.0,5.0,4.0,40.6,0
S-d90f5e,A-bd4513,2024-12-15,2024-12-22,Basic,50,950,11400,False,False,False,True,annual,True,1,Company_205,DevTools,AU,2024-11-06,event,8.0,375.8,3.0,8.0,3.0,4.666666666666667,42.0,0
S-9cca23,A-3a5ad8,2024-12-20,,Enterprise,9,1791,21492,False,False,False,False,monthly,True,0,Company_94,HealthTech,US,2023-12-05,organic,3.0,95.98333333333333,1.0,3.0,4.0,4.5,44.75,1
S-b7d291,A-f6b2fb,2024-10-17,2024-12-17,Pro,23,1127,13524,False,False,False,True,annual,True,1,Company_418,DevTools,AU,2024-04-23,event,6.0,264.76666666666665,10.0,6.0,5.0,4.0,55.0,0
S-ae1278,A-2ebb4b,2024-07-02,2024-08-13,Pro,41,2009,24108,False,False,False,True,monthly,True,1,Company_334,HealthTech,US,2023-05-15,ads,5.0,266.6,1.0,5.0,2.0,3.0,43.5,0
S-a5d949,A-e19ff6,2024-08-11,,Enterprise,2,0,0,True,False,False,False,annual,False,0,Company_411,Cybersecurity,UK,2023-07-28,partner,6.0,274.5,7.0,6.0,3.0,4.666666666666667,30.666666666666668,0
S-cfa635,A-503d5a,2024-03-07,,Basic,50,950,11400,False,False,False,False,monthly,True,0,Company_99,FinTech,US,2023-10-21,other,3.0,218.15,0.0,3.0,9.0,4.0,36.55555555555556,1
S-001561,A-1b7577,2024-12-12,,Enterprise,6,1194,14328,False,False,False,False,annual,True,0,Company_39,Cybersecurity,US,2024-10-27,other,5.0,360.06666666666666,3.0,5.0,5.0,4.0,27.2,0
S-c5e371,A-956988,2024-12-15,,Pro,41,2009,24108,False,False,False,False,monthly,True,0,Company_14,EdTech,UK,2024-11-30,ads,4.0,105.81666666666666,4.0,4.0,2.0,3.0,50.5,0
S-539566,A-4e960a,2024-03-11,,Basic,12,228,2736,False,False,False,False,monthly,True,0,Company_277,FinTech,US,2024-01-17,other,4.0,289.06666666666666,2.0,4.0,6.0,4.0,29.166666666666668,0
S-36b46e,A-202b67,2024-03-27,,Pro,11,539,6468,False,False,False,False,monthly,True,0,Company_305,HealthTech,US,2024-03-22,organic,5.0,254.73333333333332,1.0,5.0,4.0,4.666666666666667,36.75,0
S-b94bce,A-f51f16,2024-04-06,,Enterprise,2,0,0,True,False,False,False,monthly,True,0,Company_282,HealthTech,US,2023-12-25,partner,6.0,457.5833333333333,4.0,6.0,4.0,3.0,29.25,0
S-f8357e,A-f17767,2023-11-01,,Basic,2,38,456,False,False,False,False,monthly,True,0,Company_123,DevTools,US,2023-01-30,event,8.0,353.96666666666664,5.0,8.0,3.0,4.0,36.333333333333336,0
S-1bdc35,A-bcf87c,2024-10-28,,Basic,10,190,2280,False,False,False,False,monthly,True,0,Company_288,FinTech,US,2024-06-27,event,3.0,108.85,2.0,3.0,2.0,4.0,63.0,1
S-56c529,A-856b1e,2023-12-17,,Pro,30,1470,17640,False,False,False,False,monthly,True,0,Company_161,FinTech,US,2023-10-31,partner,1.0,84.4,6.0,1.0,5.0,,36.0,1
S-cdfe99,A-296d7c,2024-11-26,,Pro,6,294,3528,False,False,False,False,annual,True,0,Company_182,DevTools,DE,2023-11-08,other,4.0,316.3666666666667,2.0,4.0,5.0,3.75,50.4,0
S-e11518,A-3ce5b8,2023-12-15,,Pro,189,9261,111132,False,False,False,False,annual,True,0,Company_256,FinTech,IN,2023-09-07,ads,3.0,188.35,1.0,3.0,10.0,3.7142857142857144,42.5,1
S-82a7dd,A-309e54,2024-12-20,,Basic,15,285,3420,False,False,False,False,monthly,True,0,Company_371,DevTools,US,2024-12-09,other,2.0,108.8,0.0,2.0,5.0,3.0,23.8,1
S-f110db,A-86902e,2024-06-22,,Enterprise,34,6766,81192,False,False,False,False,monthly,True,0,Company_169,HealthTech,IN,2023-05-02,other,9.0,576.8666666666667,1.0,9.0,9.0,3.5,40.888888888888886,0
S-651c01,A-bd4708,2024-08-28,,Basic,37,0,0,True,False,False,False,annual,True,0,Company_257,FinTech,US,2024-07-21,ads,3.0,91.16666666666667,1.0,3.0,4.0,3.5,24.0,1
S-531970,A-ff3c73,2024-09-17,,Basic,45,855,10260,False,False,False,False,annual,False,0,Company_244,HealthTech,AU,2023-01-26,other,3.0,90.41666666666667,1.0,3.0,2.0,3.5,35.5,1
S-93ce26,A-726cfa,2023-12-03,2024-07-27,Enterprise,11,0,0,True,False,False,True,monthly,True,1,Company_82,DevTools,US,2023-07-01,partner,6.0,264.2,2.0,6.0,3.0,4.0,35.666666666666664,0
S-b520e9,A-427b69,2024-09-15,,Enterprise,26,5174,62088,False,False,False,False,monthly,True,0,Company_453,FinTech,US,2024-08-23,other,7.0,203.75,3.0,6.0,2.0,3.0,31.5,0
S-ade2d5,A-bcbe98,2024-09-22,,Enterprise,46,0,0,True,False,False,False,monthly,False,0,Company_452,Cybersecurity,US,2024-07-29,other,6.0,344.0833333333333,8.0,6.0,7.0,4.0,38.285714285714285,0
S-767957,A-751c58,2024-08-28,,Enterprise,15,0,0,True,True,False,False,annual,True,0,Company_393,FinTech,UK,2024-07-18,organic,4.0,329.85,2.0,4.0,5.0,4.333333333333333,39.6,0
S-2c80ba,A-4ae22a,2024-11-26,,Basic,6,114,1368,False,False,False,False,annual,True,0,Company_229,EdTech,US,2024-05-09,other,3.0,185.5,1.0,3.0,3.0,3.0,14.333333333333334,1
S-cd0f21,A-b78bf8,2024-12-08,,Enterprise,49,9751,117012,False,True,True,False,annual,True,0,Company_148,DevTools,US,2024-11-15,event,9.0,510.05,6.0,9.0,5.0,4.2,24.2,0
S-18f498,A-684255,2024-10-29,,Basic,28,532,6384,False,False,False,False,monthly,False,0,Company_20,FinTech,US,2024-04-14,ads,6.0,171.7,7.0,6.0,4.0,4.666666666666667,14.25,0
S-d61475,A-89ee83,2024-12-20,,Basic,3,57,684,False,True,False,False,monthly,True,0,Company_312,Cybersecurity,US,2024-10-04,organic,5.0,124.43333333333334,1.0,5.0,5.0,4.0,21.8,0
S-66ffe0,A-625d0b,2024-11-21,,Pro,38,1862,22344,False,False,False,False,monthly,True,0,Company_290,EdTech,AU,2024-09-02,ads,4.0,154.81666666666666,8.0,4.0,5.0,3.0,48.4,0
S-fd790e,A-7920cc,2023-11-30,,Basic,39,0,0,True,False,False,False,annual,True,0,Company_412,Cybersecurity,FR,2023-11-23,ads,4.0,133.23333333333332,2.0,4.0,7.0,4.333333333333333,32.857142857142854,0
S-d1a6c6,A-443b7c,2024-12-26,2024-12-29,Basic,17,323,3876,False,False,False,True,monthly,False,1,Company_280,Cybersecurity,US,2024-09-06,other,3.0,116.45,0.0,3.0,8.0,4.4,29.25,1
S-6c1ca5,A-977ca0,2024-01-07,2024-06-06,Basic,6,114,1368,False,False,False,True,monthly,True,1,Company_232,HealthTech,IN,2023-02-20,partner,2.0,97.8,0.0,2.0,3.0,4.0,64.0,1
S-ea71b5,A-bad8c1,2023-12-12,,Enterprise,10,0,0,True,True,False,False,annual,True,0,Company_34,FinTech,AU,2023-03-01,organic,8.0,346.81666666666666,2.0,8.0,1.0,4.0,27.0,0
S-61c27e,A-158f4e,2023-06-02,,Basic,61,1159,13908,False,False,False,False,monthly,True,0,Company_180,FinTech,IN,2023-03-03,other,7.0,300.73333333333335,8.0,7.0,5.0,4.333333333333333,27.6,0
S-a7d34e,A-a7bd4b,2024-05-31,,Pro,51,2499,29988,False,False,False,False,annual,True,0,Company_363,Cybersecurity,US,2023-02-15,ads,4.0,168.58333333333334,7.0,4.0,6.0,3.25,36.833333333333336,0
S-0eba5a,A-fb186e,2024-12-22,,Enterprise,29,5771,69252,False,False,False,False,monthly,True,0,Company_131,EdTech,IN,2024-10-27,organic,2.0,124.48333333333333,1.0,1.0,6.0,3.6666666666666665,26.166666666666668,1
S-1d661c,A-9c18c4,2023-11-30,,Enterprise,12,2388,28656,False,True,False,False,annual,True,0,Company_481,HealthTech,US,2023-07-27,ads,4.0,246.26666666666668,3.0,4.0,4.0,4.0,42.25,0
S-6a56f1,A-684255,2024-10-17,,Pro,12,588,7056,False,False,False,False,annual,False,0,Company_20,FinTech,US,2024-04-14,ads,3.0,172.43333333333334,0.0,3.0,4.0,4.666666666666667,14.25,1
S-ff4a47,A-f03140,2024-10-04,,Enterprise,27,5373,64476,False,True,False,False,monthly,True,0,Company_209,DevTools,IN,2023-11-22,event,5.0,323.96666666666664,1.0,5.0,7.0,3.6666666666666665,36.0,0
S-9e74ba,A-b48f73,2024-12-06,,Enterprise,80,0,0,True,False,False,False,annual,True,0,Company_225,EdTech,AU,2024-11-13,event,7.0,352.35,0.0,7.0,3.0,4.0,28.666666666666668,0
S-d53c0a,A-8e47ca,2024-03-28,,Enterprise,19,3781,45372,False,True,False,False,annual,False,0,Company_191,HealthTech,US,2024-02-15,organic,6.0,324.8833333333333,1.0,6.0,5.0,4.0,33.4,0
S-22cbb3,A-92a3af,2024-10-30,,Pro,77,3773,45276,False,False,True,False,monthly,False,0,Company_259,Cybersecurity,IN,2024-07-07,organic,6.0,247.5,2.0,6.0,4.0,4.0,57.5,0
S-5313fa,A-e40f45,2024-05-17,,Enterprise,21,4179,50148,False,False,False,False,monthly,True,0,Company_317,HealthTech,US,2024-04-18,organic,5.0,235.18333333333334,4.0,5.0,7.0,4.333333333333333,26.714285714285715,0
S-d8fa45,A-5a215a,2024-10-18,,Basic,87,1653,19836,False,False,False,False,monthly,True,0,Company_358,EdTech,FR,2024-01-05,other,4.0,304.03333333333336,2.0,4.0,4.0,4.0,29.5,0
S-24d19a,A-34ea2f,2024-09-10,,Pro,8,392,4704,False,False,False,False,annual,False,0,Company_436,HealthTech,US,2024-08-15,organic,4.0,117.06666666666666,0.0,4.0,8.0,3.8,35.25,0
S-c87391,A-fe79a5,2024-12-08,,Pro,9,0,0,True,False,False,False,monthly,True,0,Company_81,HealthTech,IN,2024-02-21,ads,3.0,125.25,2.0,3.0,4.0,5.0,28.5,1
S-a9952f,A-0aaf6e,2024-08-18,,Pro,11,0,0,True,False,False,False,monthly,True,0,Company_114,FinTech,US,2024-05-11,organic,6.0,327.1,3.0,6.0,5.0,4.0,45.0,0
S-3867d6,A-e60f9d,2024-12-23,,Pro,29,0,0,True,False,False,False,annual,True,0,Company_178,FinTech,US,2024-08-26,other,1.0,43.6,0.0,1.0,2.0,,70.5,1
S-60cb51,A-4c38bc,2024-04-21,2024-10-25,Basic,36,684,8208,False,False,False,True,monthly,False,1,Company_55,HealthTech,UK,2024-03-09,event,3.0,147.75,1.0,3.0,3.0,3.5,48.333333333333336,1
S-8ba974,A-cc98bc,2024-07-03,2024-08-23,Pro,32,1568,18816,False,False,False,True,annual,True,1,Company_469,DevTools,US,2023-05-24,ads,4.0,179.8,1.0,4.0,3.0,4.0,4.666666666666667,0
S-f7e37f,A-794a0b,2023-08-07,,Pro,23,0,0,True,False,False,False,annual,True,0,Company_168,HealthTech,DE,2023-06-02,organic,1.0,28.0,0.0,1.0,0.0,,,0
S-ff1b11,A-dcc2f0,2024-11-30,,Basic,32,608,7296,False,False,False,False,annual,False,0,Company_309,FinTech,UK,2023-07-22,organic,6.0,304.56666666666666,2.0,6.0,2.0,,27.0,0
S-f6e116,A-4d1e75,2024-10-31,,Pro,20,980,11760,False,False,True,False,monthly,True,0,Company_58,DevTools,US,2024-08-21,other,3.0,131.9,0.0,3.0,2.0,4.0,15.0,1
S-ed7a72,A-533452,2024-11-21,,Pro,25,1225,14700,False,False,False,False,monthly,True,0,Company_279,DevTools,AU,2024-11-12,organic,5.0,263.55,1.0,5.0,4.0,4.0,32.75,0
S-27e42e,A-600734,2024-03-02,,Pro,29,1421,17052,False,False,False,False,monthly,True,0,Company_327,DevTools,US,2023-11-14,organic,8.0,369.56666666666666,6.0,8.0,7.0,3.6666666666666665,52.57142857142857,0
S-bd3e24,A-ffc04f,2024-12-21,2024-12-21,Pro,13,637,7644,False,False,False,True,annual,True,1,Company_307,EdTech,US,2024-06-06,ads,4.0,203.81666666666666,1.0,4.0,7.0,4.5,17.714285714285715,0
S-9e64bd,A-c7e58b,2024-09-07,,Pro,16,0,0,True,False,False,False,monthly,True,0,Company_404,HealthTech,IN,2023-06-25,other,3.0,249.45,4.0,3.0,5.0,3.5,30.6,1
S-ad5d94,A-35083d,2023-11-30,,Basic,19,0,0,True,False,False,False,annual,False,0,Company_27,HealthTech,IN,2023-04-28,partner,6.0,292.06666666666666,4.0,6.0,4.0,5.0,49.75,0
S-44483e,A-bbc346,2024-09-30,2024-10-22,Enterprise,19,0,0,True,False,True,True,monthly,True,1,Company_138,FinTech,US,2024-08-29,partner,3.0,194.46666666666667,0.0,3.0,3.0,4.5,45.333333333333336,1
S-b75a31,A-a8b49c,2023-11-10,,Pro,7,343,4116,False,False,False,False,annual,True,0,Company_72,Cybersecurity,UK,2023-10-06,partner,2.0,153.16666666666666,0.0,2.0,1.0,4.0,72.0,1
S-731ee3,A-9077b0,2024-11-09,2024-12-07,Enterprise,14,2786,33432,False,False,False,True,annual,True,1,Company_41,HealthTech,US,2024-08-25,ads,6.0,385.95,5.0,6.0,3.0,4.333333333333333,40.333333333333336,0
S-0c91c4,A-2789e3,2024-10-11,,Enterprise,11,2189,26268,False,False,True,False,annual,True,0,Company_268,FinTech,US,2024-09-14,partner,8.0,255.46666666666667,3.0,8.0,4.0,4.0,47.25,0
S-148506,A-3a5ad8,2024-01-01,,Basic,9,171,2052,False,False,False,False,annual,True,0,Company_94,HealthTech,US,2023-12-05,organic,4.0,87.88333333333334,7.0,4.0,4.0,4.5,44.75,0
S-23d802,A-ad64c6,2024-07-24,,Basic,54,0,0,True,False,False,False,monthly,True,0,Company_175,DevTools,UK,2024-02-23,event,1.0,39.3,0.0,1.0,4.0,5.0,34.0,1
S-3e3033,A-e60f9d,2024-12-11,,Pro,31,0,0,True,False,False,False,annual,True,0,Company_178,FinTech,US,2024-08-26,other,4.0,217.03333333333333,0.0,4.0,2.0,,70.5,0
S-d5ac8c,A-ef84cf,2024-05-22,,Enterprise,34,6766,81192,False,False,False,False,annual,True,0,Company_274,EdTech,US,2024-03-01,partner,4.0,114.36666666666666,1.0,4.0,5.0,4.333333333333333,34.8,0
S-ad31b0,A-5b051a,2024-12-29,,Pro,22,1078,12936,False,False,False,False,monthly,True,0,Company_181,Cybersecurity,US,2024-08-05,event,4.0,79.61666666666666,7.0,4.0,1.0,3.0,2.0,0
S-a61006,A-8bde0c,2024-12-24,,Enterprise,12,2388,28656,False,True,False,False,monthly,True,0,Company_287,DevTools,US,2024-11-04,organic,5.0,310.85,0.0,5.0,3.0,4.0,25.666666666666668,0
S-467d4a,A-1b7577,2024-11-14,,Pro,9,441,5292,False,False,False,False,annual,True,0,Company_39,Cybersecurity,US,2024-10-27,other,5.0,232.83333333333334,2.0,5.0,5.0,4.0,27.2,0
S-e1dc0b,A-e5d6ab,2023-09-16,,Pro,17,0,0,True,False,False,False,monthly,True,0,Company_7,EdTech,US,2023-04-15,partner,4.0,206.61666666666667,1.0,4.0,3.0,,42.666666666666664,0
S-4b7873,A-0651a4,2024-11-25,,Basic,16,304,3648,False,False,False,False,annual,True,0,Company_255,HealthTech,FR,2024-10-16,organic,5.0,245.88333333333333,3.0,5.0,4.0,4.0,29.25,0
S-9f57f5,A-96e141,2024-05-04,,Enterprise,14,2786,33432,False,False,False,False,monthly,True,0,Company_134,DevTools,UK,2023-08-12,partner,3.0,82.01666666666667,0.0,3.0,5.0,4.333333333333333,32.8,1
S-a82473,A-fda07f,2024-09-12,,Enterprise,16,3184,38208,False,False,False,False,annual,True,0,Company_230,Cybersecurity,FR,2024-08-11,partner,2.0,91.73333333333333,1.0,2.0,5.0,4.0,17.8,1
S-15582c,A-600734,2024-09-05,,Basic,29,551,6612,False,False,False,False,monthly,True,0,Company_327,DevTools,US,2023-11-14,organic,5.0,289.6666666666667,1.0,5.0,7.0,3.6666666666666665,52.57142857142857,0
S-caca4f,A-e83938,2024-12-06,,Basic,54,1026,12312,False,False,False,False,annual,False,0,Company_111,DevTools,UK,2023-11-21,other,5.0,165.5,2.0,5.0,4.0,3.0,31.0,0
S-4911f9,A-bb2f49,2024-12-07,,Basic,8,152,1824,False,False,False,False,annual,True,0,Company_356,Cybersecurity,US,2023-05-28,other,6.0,337.8333333333333,3.0,6.0,3.0,4.0,22.333333333333332,0
S-f7f6d7,A-425e76,2024-05-07,,Basic,14,266,3192,False,False,False,False,monthly,True,0,Company_110,DevTools,UK,2023-05-17,other,1.0,11.183333333333334,0.0,1.0,5.0,3.3333333333333335,48.2,1
S-1a0f22,A-d26ab4,2024-12-20,,Enterprise,18,3582,42984,False,False,False,False,monthly,True,0,Company_497,DevTools,UK,2024-11-07,organic,6.0,221.03333333333333,3.0,6.0,2.0,4.0,49.5,0
S-3037ab,A-b9eed8,2024-08-27,,Basic,17,323,3876,False,False,True,False,annual,True,0,Company_189,Cybersecurity,US,2024-02-23,organic,5.0,303.5833333333333,7.0,5.0,5.0,3.75,29.2,0
S-722103,A-a09355,2024-10-27,,Enterprise,14,0,0,True,False,False,False,monthly,True,0,Company_459,FinTech,US,2024-08-10,organic,9.0,432.15,5.0,9.0,5.0,4.0,32.6,0
S-ca1cb9,A-5a215a,2024-09-16,2024-11-13,Enterprise,87,17313,207756,False,False,False,True,annual,False,1,Company_358,EdTech,FR,2024-01-05,other,2.0,139.91666666666666,0.0,2.0,4.0,4.0,29.5,1
S-00f31d,A-410e86,2024-12-02,,Pro,24,1176,14112,False,False,False,False,annual,False,0,Company_210,FinTech,US,2024-11-10,organic,5.0,213.6,2.0,5.0,5.0,3.5,42.6,0
S-3236ee,A-0b0d6d,2024-12-31,,Basic,13,247,2964,False,False,False,False,monthly,True,0,Company_267,DevTools,US,2024-12-30,organic,5.0,173.08333333333334,4.0,5.0,5.0,4.0,31.4,0
S-5cb87c,A-e89151,2024-04-20,,Pro,24,1176,14112,False,False,False,False,monthly,True,0,Company_234,FinTech,UK,2023-09-14,organic,7.0,270.31666666666666,11.0,7.0,2.0,5.0,41.5,0
S-3baf90,A-5a3eb9,2024-06-19,,Basic,40,760,9120,False,False,False,False,annual,False,0,Company_283,DevTools,CA,2023-08-20,other,6.0,334.1333333333333,6.0,6.0,3.0,,24.0,0
S-3110d9,A-692f18,2024-08-20,,Enterprise,17,3383,40596,False,False,True,False,annual,False,0,Company_195,EdTech,US,2024-03-28,other,6.0,236.75,2.0,6.0,2.0,5.0,37.5,0
S-a0a5e3,A-6a7c9d,2024-11-29,,Enterprise,26,5174,62088,False,False,False,False,monthly,True,0,Company_324,Cybersecurity,US,2024-10-24,organic,7.0,450.15,1.0,7.0,3.0,4.0,34.333333333333336,0
S-fc2bf2,A-f3ff05,2024-08-01,,Basic,28,532,6384,False,False,False,False,monthly,True,0,Company_44,FinTech,IN,2024-07-06,other,4.0,76.78333333333333,3.0,4.0,3.0,3.5,42.666666666666664,0
S-9c67ab,A-c62e55,2024-04-04,,Basic,8,152,1824,False,True,False,False,annual,True,0,Company_315,EdTech,US,2023-02-08,partner,8.0,230.06666666666666,0.0,8.0,4.0,4.0,27.5,0
S-f22b7f,A-b44e3e,2024-12-27,2024-12-27,Enterprise,40,7960,95520,False,False,False,True,annual,True,1,Company_383,Cybersecurity,UK,2024-02-12,ads,3.0,177.73333333333332,2.0,3.0,3.0,4.333333333333333,40.0,1
S-71d31c,A-bd4708,2024-12-16,,Basic,37,0,0,True,False,False,False,annual,False,0,Company_257,FinTech,US,2024-07-21,ads,2.0,137.91666666666666,4.0,2.0,4.0,3.5,24.0,1
S-64d8c9,A-34ea2f,2024-11-30,,Basic,41,779,9348,False,True,False,False,monthly,True,0,Company_436,HealthTech,US,2024-08-15,organic,2.0,182.98333333333332,0.0,2.0,8.0,3.8,35.25,1
S-f4335b,A-075038,2024-08-19,,Enterprise,17,3383,40596,False,False,False,False,annual,False,0,Company_397,HealthTech,UK,2023-05-12,ads,7.0,187.36666666666667,7.0,7.0,2.0,3.0,43.5,0
S-1ad9cb,A-4d1e75,2024-10-10,,Pro,20,980,11760,False,False,False,False,monthly,True,0,Company_58,DevTools,US,2024-08-21,other,7.0,447.1,1.0,7.0,2.0,4.0,15.0,0
S-866608,A-88c6ca,2024-12-23,,Pro,23,1127,13524,False,False,False,False,annual,True,0,Company_179,FinTech,DE,2024-10-25,ads,8.0,470.3,4.0,8.0,1.0,,56.0,0
S-fccc09,A-1f0ac7,2024-12-20,,Pro,24,1176,14112,False,True,False,False,monthly,True,0,Company_3,HealthTech,UK,2023-08-27,other,7.0,244.55,3.0,7.0,2.0,,29.0,0
S-19858e,A-92a3af,2024-09-17,,Pro,30,1470,17640,False,False,True,False,annual,True,0,Company_259,Cybersecurity,IN,2024-07-07,organic,7.0,506.71666666666664,7.0,7.0,4.0,4.0,57.5,0
S-db0f41,A-afa505,2024-07-26,,Enterprise,70,13930,167160,False,False,False,False,monthly,False,0,Company_157,DevTools,US,2023-12-27,partner,5.0,270.73333333333335,3.0,5.0,4.0,3.0,37.25,0
S-897d69,A-0a282f,2024-12-20,,Pro,55,2695,32340,False,False,False,False,monthly,True,0,Company_2,DevTools,US,2024-08-27,organic,2.0,131.11666666666667,0.0,2.0,3.0,4.666666666666667,43.666666666666664,1
S-b57dcd,A-e5d6ab,2023-05-11,,Basic,5,95,1140,False,False,False,False,annual,True,0,Company_7,EdTech,US,2023-04-15,partner,6.0,242.61666666666667,3.0,6.0,3.0,,42.666666666666664,0
S-6d3477,A-cd458b,2024-10-25,,Enterprise,47,9353,112236,False,False,False,False,annual,True,0,Company_430,DevTools,US,2024-06-15,other,4.0,298.03333333333336,3.0,4.0,5.0,4.6,38.4,0
S-6c3700,A-9779ad,2024-06-24,,Enterprise,40,7960,95520,False,False,False,False,annual,True,0,Company_171,Cybersecurity,AU,2024-03-29,event,7.0,360.0833333333333,4.0,7.0,3.0,5.0,20.666666666666668,0
S-50334b,A-f17767,2024-08-21,,Pro,12,588,7056,False,False,False,False,monthly,True,0,Company_123,DevTools,US,2023-01-30,event,8.0,196.35,6.0,7.0,3.0,4.0,36.333333333333336,0
S-9f9dfe,A-c62e55,2024-11-28,,Pro,30,1470,17640,False,False,False,False,monthly,True,0,Company_315,EdTech,US,2023-02-08,partner,2.0,208.03333333333333,0.0,2.0,4.0,4.0,27.5,1
S-fa2170,A-ad3abd,2024-10-14,,Pro,44,2156,25872,False,False,False,False,monthly,True,0,Company_410,FinTech,US,2023-03-03,event,7.0,380.8666666666667,4.0,7.0,3.0,3.0,13.0,0
S-f50851,A-c58f49,2024-11-07,,Enterprise,70,13930,167160,False,False,False,False,monthly,True,0,Company_480,EdTech,US,2024-07-31,other,7.0,252.31666666666666,3.0,7.0,3.0,5.0,36.333333333333336,0
S-89e98a,A-c222ab,2024-12-27,,Pro,32,1568,18816,False,False,False,False,monthly,True,0,Company_206,Cybersecurity,US,2024-05-10,other,12.0,470.1333333333333,9.0,12.0,4.0,5.0,39.0,0
S-51dd23,A-7c6b6b,2024-12-14,,Basic,6,114,1368,False,False,False,False,monthly,True,0,Company_223,FinTech,US,2024-11-30,other,9.0,266.98333333333335,7.0,9.0,5.0,4.333333333333333,52.2,0
S-532e80,A-993085,2023-09-30,,Enterprise,31,6169,74028,False,False,False,False,annual,False,0,Company_258,HealthTech,US,2023-06-01,ads,2.0,6.05,1.0,2.0,4.0,3.5,46.5,1
S-1682d4,A-c16b88,2024-12-26,,Enterprise,23,4577,54924,False,False,False,False,annual,False,0,Company_431,HealthTech,US,2023-12-02,event,4.0,284.0,5.0,4.0,3.0,3.0,48.333333333333336,0
S-dcbf45,A-0f3e88,2024-01-01,,Pro,22,1078,12936,False,True,False,False,monthly,True,0,Company_428,HealthTech,US,2023-07-23,other,8.0,371.75,3.0,8.0,3.0,4.5,48.0,0
S-7151d9,A-eb7c38,2024-04-12,,Basic,102,1938,23256,False,True,False,False,annual,True,0,Company_47,DevTools,AU,2024-02-25,organic,4.0,161.93333333333334,2.0,4.0,5.0,4.333333333333333,22.4,0
S-523cce,A-1b9609,2024-08-28,,Enterprise,30,5970,71640,False,False,False,False,monthly,True,0,Company_5,EdTech,IN,2023-10-12,ads,5.0,203.78333333333333,0.0,5.0,4.0,3.0,43.0,0
S-c069ab,A-956988,2024-12-05,,Enterprise,55,10945,131340,False,False,False,False,annual,True,0,Company_14,EdTech,UK,2024-11-30,ads,10.0,300.1666666666667,3.0,10.0,2.0,3.0,50.5,0
S-d66d63,A-6c093d,2023-08-25,,Pro,13,637,7644,False,False,False,False,annual,True,0,Company_12,DevTools,US,2023-04-14,partner,10.0,517.7833333333333,6.0,10.0,3.0,5.0,40.333333333333336,0
S-6f75be,A-65a46c,2024-03-05,,Enterprise,78,15522,186264,False,False,False,False,monthly,True,0,Company_95,HealthTech,US,2023-11-04,event,1.0,68.85,0.0,1.0,8.0,4.0,45.125,1
S-ea3d54,A-439b2f,2024-05-30,,Enterprise,1,199,2388,False,False,False,False,monthly,False,0,Company_152,DevTools,US,2024-02-21,ads,6.0,153.6,2.0,6.0,3.0,,18.333333333333332,0
S-dc6a2a,A-309e54,2024-12-21,,Pro,15,0,0,True,False,False,False,monthly,True,0,Company_371,DevTools,US,2024-12-09,other,4.0,265.6333333333333,2.0,4.0,5.0,3.0,23.8,0
S-e21910,A-50f3f7,2024-02-02,,Basic,31,589,7068,False,False,False,False,monthly,True,0,Company_140,HealthTech,US,2023-12-22,partner,5.0,246.15,1.0,5.0,6.0,5.0,37.833333333333336,0
S-6cfb27,A-a8d89d,2024-09-29,,Basic,13,247,2964,False,False,False,False,monthly,True,0,Company_326,EdTech,US,2023-12-08,ads,7.0,453.71666666666664,8.0,7.0,2.0,5.0,44.5,0
S-37a280,A-40906c,2024-05-28,,Basic,92,0,0,True,False,False,False,monthly,True,0,Company_235,EdTech,US,2024-03-27,ads,4.0,180.45,3.0,4.0,5.0,3.75,29.2,0
S-81caea,A-3932db,2024-02-15,,Basic,19,361,4332,False,True,True,False,monthly,True,0,Company_144,HealthTech,CA,2023-10-04,other,6.0,388.7,6.0,6.0,6.0,4.333333333333333,41.0,0
S-af430c,A-1b7577,2024-12-29,,Pro,11,539,6468,False,False,False,False,monthly,True,0,Company_39,Cybersecurity,US,2024-10-27,other,5.0,235.41666666666666,3.0,5.0,5.0,4.0,27.2,0
S-e2c20a,A-3be56b,2023-12-16,,Pro,62,3038,36456,False,False,False,False,monthly,True,0,Company_200,HealthTech,IN,2023-10-26,event,8.0,455.31666666666666,4.0,8.0,4.0,3.5,40.25,0
S-cbfd83,A-fa2041,2024-06-16,,Pro,52,2548,30576,False,False,False,False,monthly,True,0,Company_211,HealthTech,US,2024-05-29,organic,3.0,153.9,0.0,3.0,1.0,3.0,16.0,1
S-864157,A-039727,2024-12-15,,Pro,25,1225,14700,False,False,False,False,annual,True,0,Company_107,EdTech,AU,2024-11-02,organic,4.0,316.3666666666667,1.0,4.0,0.0,,,0
S-d9d6ac,A-054577,2024-07-17,,Enterprise,3,597,7164,False,False,True,False,annual,True,0,Company_455,EdTech,UK,2024-04-28,ads,7.0,294.81666666666666,2.0,7.0,1.0,4.0,46.0,0
S-67da25,A-5a92e7,2024-07-22,,Basic,7,133,1596,False,False,False,False,annual,True,0,Company_413,HealthTech,US,2024-06-11,ads,3.0,82.35,3.0,3.0,7.0,4.4,45.0,1
S-80016a,A-1b9609,2024-01-11,,Enterprise,5,995,11940,False,False,False,False,monthly,True,0,Company_5,EdTech,IN,2023-10-12,ads,2.0,48.81666666666667,2.0,2.0,4.0,3.0,43.0,1
S-817cf0,A-378b99,2024-10-14,,Pro,9,441,5292,False,False,False,False,annual,True,0,Company_60,EdTech,UK,2024-09-01,ads,3.0,129.33333333333334,0.0,3.0,6.0,4.5,28.5,1
S-c9e261,A-dcc3f1,2024-10-29,,Enterprise,21,4179,50148,False,False,True,False,monthly,True,0,Company_314,HealthTech,US,2023-12-27,event,5.0,212.75,2.0,5.0,9.0,3.8,35.666666666666664,0
S-49b0da,A-fe79a5,2024-11-14,,Enterprise,9,1791,21492,False,False,False,False,annual,True,0,Company_81,HealthTech,IN,2024-02-21,ads,1.0,56.7,1.0,1.0,4.0,5.0,28.5,1
S-765100,A-b7ef83,2024-06-29,,Basic,43,817,9804,False,False,False,False,monthly,True,0,Company_474,Cybersecurity,UK,2024-05-29,partner,4.0,349.9166666666667,2.0,4.0,2.0,4.0,47.5,0
S-62fb8e,A-ef84cf,2024-03-12,,Enterprise,8,0,0,True,False,False,False,monthly,True,0,Company_274,EdTech,US,2024-03-01,partner,8.0,455.4,5.0,8.0,5.0,4.333333333333333,34.8,0
S-3e0382,A-425e76,2024-05-24,,Basic,27,513,6156,False,False,False,False,monthly,True,0,Company_110,DevTools,UK,2023-05-17,other,0.0,0.0,0.0,0.0,5.0,3.3333333333333335,48.2,1
S-fc4ac6,A-ac14bb,2024-02-22,2024-06-13,Basic,21,399,4788,False,False,False,True,monthly,True,1,Company_15,FinTech,US,2023-09-08,partner,8.0,317.01666666666665,6.0,8.0,2.0,4.0,24.5,0
S-798707,A-6e7827,2023-08-02,,Pro,8,392,4704,False,True,False,False,annual,True,0,Company_372,DevTools,US,2023-03-26,other,2.0,96.85,0.0,2.0,2.0,3.5,51.0,1
S-039a8e,A-331424,2024-02-16,2024-08-12,Basic,11,209,2508,False,False,False,True,annual,False,1,Company_246,DevTools,US,2023-11-06,organic,2.0,164.51666666666668,4.0,2.0,2.0,,24.5,1
S-d9f518,A-09540c,2024-11-14,,Pro,67,3283,39396,False,False,False,False,annual,True,0,Company_239,Cybersecurity,CA,2023-10-30,event,5.0,213.56666666666666,2.0,5.0,2.0,4.5,28.0,0
S-eb23dd,A-4ef964,2024-09-27,2024-10-29,Basic,38,722,8664,False,False,False,True,monthly,True,1,Company_262,HealthTech,US,2024-03-07,organic,8.0,309.06666666666666,2.0,8.0,3.0,4.0,42.666666666666664,0
S-816354,A-186a44,2024-05-20,,Pro,20,0,0,True,False,False,False,monthly,True,0,Company_101,HealthTech,US,2023-08-07,ads,4.0,197.1,6.0,4.0,7.0,3.5,38.285714285714285,0
S-4e4b10,A-4e631b,2024-08-22,,Basic,22,418,5016,False,False,False,False,monthly,False,0,Company_298,FinTech,US,2024-03-16,other,5.0,275.3833333333333,5.0,5.0,2.0,4.0,24.5,0
S-2fd486,A-18793f,2024-12-29,,Pro,148,7252,87024,False,False,False,False,annual,True,0,Company_488,EdTech,US,2024-12-18,organic,1.0,17.8,0.0,1.0,5.0,3.8,45.2,1
S-70a8d6,A-bcbe98,2024-11-20,,Pro,46,2254,27048,False,True,False,False,annual,True,0,Company_452,Cybersecurity,US,2024-07-29,other,5.0,176.2,0.0,5.0,7.0,4.0,38.285714285714285,0
S-3bb8a2,A-659280,2024-04-28,,Enterprise,19,3781,45372,False,False,False,False,monthly,False,0,Company_417,FinTech,IN,2023-11-17,event,4.0,147.3,3.0,4.0,4.0,4.333333333333333,8.0,0
S-b0e621,A-ced9aa,2024-11-23,,Pro,3,147,1764,False,False,False,False,monthly,True,0,Company_310,DevTools,US,2024-10-05,other,2.0,174.46666666666667,2.0,2.0,7.0,3.0,28.857142857142858,1
S-7018bf,A-625d0b,2024-10-17,,Pro,42,2058,24696,False,False,False,False,monthly,False,0,Company_290,EdTech,AU,2024-09-02,ads,1.0,50.0,2.0,1.0,5.0,3.0,48.4,1
S-326577,A-fda07f,2024-09-22,,Basic,7,133,1596,False,False,False,False,annual,True,0,Company_230,Cybersecurity,FR,2024-08-11,partner,3.0,179.5,4.0,3.0,5.0,4.0,17.8,1
S-26deeb,A-8adedc,2024-09-07,,Pro,68,3332,39984,False,False,False,False,annual,True,0,Company_300,EdTech,US,2024-02-11,event,2.0,89.78333333333333,0.0,2.0,4.0,4.0,49.25,1
S-59c612,A-aa9511,2023-10-25,,Basic,23,437,5244,False,False,False,False,monthly,True,0,Company_203,DevTools,US,2023-10-10,other,3.0,228.06666666666666,3.0,3.0,2.0,4.0,56.5,1
S-d933e7,A-fdfc91,2024-03-31,,Pro,29,1421,17052,False,False,False,False,monthly,True,0,Company_414,Cybersecurity,US,2023-05-06,ads,13.0,470.03333333333336,4.0,13.0,5.0,3.6666666666666665,28.8,0
S-45ee20,A-1619f8,2024-07-21,,Basic,29,551,6612,False,False,False,False,monthly,True,0,Company_183,DevTools,US,2024-05-20,organic,8.0,495.1333333333333,0.0,8.0,3.0,5.0,42.0,0
S-8c9649,A-c9bb3e,2024-09-30,,Pro,10,490,5880,False,False,False,False,monthly,False,0,Company_336,EdTech,US,2024-03-24,ads,7.0,336.6333333333333,2.0,7.0,7.0,4.2,27.714285714285715,0
S-83b708,A-2d1036,2024-09-02,,Basic,69,1311,15732,False,False,False,False,monthly,True,0,Company_399,FinTech,US,2024-06-14,ads,6.0,335.6666666666667,1.0,6.0,5.0,4.6,37.8,0
S-f84a6f,A-d27f50,2024-07-22,2024-10-14,Enterprise,44,8756,105072,False,False,False,True,monthly,True,1,Company_163,Cybersecurity,UK,2024-07-20,ads,1.0,44.4,0.0,1.0,4.0,3.75,37.5,1
S-369495,A-b3fe05,2024-10-20,2024-11-18,Pro,8,392,4704,False,False,False,True,monthly,True,1,Company_238,Cybersecurity,CA,2024-05-28,partner,4.0,315.95,3.0,4.0,4.0,3.0,48.25,0
S-6f0aa3,A-1986ca,2023-11-16,,Enterprise,20,0,0,True,False,False,False,monthly,True,0,Company_197,HealthTech,IN,2023-01-30,ads,4.0,225.61666666666667,0.0,4.0,7.0,3.4,36.57142857142857,0
S-da198f,A-b07346,2024-11-06,,Basic,51,969,11628,False,False,False,False,annual,True,0,Company_269,HealthTech,US,2024-10-10,partner,10.0,514.5,2.0,10.0,3.0,3.5,42.333333333333336,0
S-c0a7d8,A-0dbdc6,2024-10-26,,Enterprise,30,5970,71640,False,False,False,False,monthly,True,0,Company_366,Cybersecurity,DE,2023-02-12,other,3.0,95.36666666666666,5.0,3.0,4.0,5.0,47.0,1
S-b6aefa,A-6da850,2024-09-01,,Pro,5,245,2940,False,False,False,False,annual,True,0,Company_293,FinTech,IN,2023-10-07,organic,4.0,222.95,6.0,4.0,5.0,4.0,49.0,0
S-d19216,A-17939a,2024-12-28,2024-12-29,Basic,86,1634,19608,False,False,False,True,monthly,True,1,Company_162,HealthTech,US,2024-12-26,organic,6.0,371.43333333333334,8.0,6.0,7.0,4.5,38.0,0
S-330457,A-ad3abd,2024-07-20,,Pro,44,2156,25872,False,False,False,False,monthly,False,0,Company_410,FinTech,US,2023-03-03,event,3.0,125.8,0.0,3.0,3.0,3.0,13.0,1
S-495d33,A-50f3f7,2024-07-24,,Basic,31,589,7068,False,False,False,False,monthly,True,0,Company_140,HealthTech,US,2023-12-22,partner,9.0,433.3,4.0,9.0,6.0,5.0,37.833333333333336,0
S-adf00a,A-de24d5,2024-11-15,,Enterprise,17,3383,40596,False,False,False,False,annual,True,0,Company_231,DevTools,US,2024-11-05,other,3.0,144.7,3.0,3.0,7.0,3.0,43.142857142857146,1
S-a54381,A-149a69,2024-12-05,,Basic,34,646,7752,False,False,False,False,monthly,False,0,Company_302,DevTools,US,2024-10-17,event,7.0,319.18333333333334,2.0,7.0,8.0,4.2,33.875,0
S-21b68e,A-4f18f0,2024-04-25,,Enterprise,25,0,0,True,False,False,False,monthly,True,0,Company_145,DevTools,CA,2024-04-21,other,8.0,430.95,4.0,8.0,5.0,4.0,39.2,0
S-4040a9,A-6f50ae,2024-05-14,,Pro,19,931,11172,False,False,False,False,monthly,False,0,Company_466,FinTech,US,2023-09-21,partner,8.0,401.4,5.0,8.0,5.0,4.5,31.0,0
S-8966c9,A-cd458b,2024-09-26,,Basic,27,513,6156,False,False,False,False,monthly,True,0,Company_430,DevTools,US,2024-06-15,other,8.0,408.0,7.0,8.0,5.0,4.6,38.4,0
S-70275b,A-f45426,2024-08-09,,Basic,20,380,4560,False,False,True,False,annual,True,0,Company_172,HealthTech,US,2024-08-05,organic,5.0,368.26666666666665,2.0,5.0,3.0,4.0,17.0,0
S-6cff51,A-c37601,2024-12-23,,Pro,28,1372,16464,False,False,False,False,annual,True,0,Company_48,EdTech,US,2024-10-31,partner,8.0,345.43333333333334,3.0,8.0,4.0,3.6666666666666665,42.25,0
S-0185ce,A-50f3f7,2024-06-01,,Pro,31,0,0,True,False,False,False,annual,False,0,Company_140,HealthTech,US,2023-12-22,partner,3.0,122.85,3.0,3.0,6.0,5.0,37.833333333333336,1
S-e5bed6,A-05f0e5,2024-11-23,,Pro,58,2842,34104,False,False,False,False,annual,True,0,Company_40,FinTech,US,2023-05-04,partner,5.0,173.01666666666668,5.0,5.0,4.0,4.0,20.0,0
S-3e453b,A-883b7d,2024-04-21,,Pro,17,833,9996,False,False,False,False,annual,False,0,Company_313,Cybersecurity,IN,2024-03-28,other,4.0,170.18333333333334,5.0,4.0,7.0,3.6,25.571428571428573,0
S-c341e1,A-bb2f49,2024-09-04,,Pro,14,686,8232,False,False,False,False,monthly,True,0,Company_356,Cybersecurity,US,2023-05-28,other,2.0,119.36666666666666,4.0,2.0,3.0,4.0,22.333333333333332,1
S-2bef13,A-c16b88,2024-06-10,,Enterprise,45,8955,107460,False,False,False,False,monthly,False,0,Company_431,HealthTech,US,2023-12-02,event,4.0,139.15,0.0,4.0,3.0,3.0,48.333333333333336,0
S-ccf9c8,A-956988,2024-12-14,,Basic,1,19,228,False,False,False,False,monthly,False,0,Company_14,EdTech,UK,2024-11-30,ads,6.0,172.45,5.0,6.0,2.0,3.0,50.5,0
S-8eff6d,A-9b9fe9,2023-11-20,,Pro,9,441,5292,False,False,True,False,annual,True,0,Company_71,EdTech,AU,2023-09-28,other,4.0,212.91666666666666,4.0,4.0,4.0,4.0,33.5,0
S-927235,A-e61e98,2024-01-15,,Basic,19,361,4332,False,False,False,False,monthly,True,0,Company_115,FinTech,US,2023-10-20,partner,2.0,37.6,1.0,2.0,6.0,4.6,30.333333333333332,1
S-0ff1eb,A-cb5333,2024-09-30,,Enterprise,33,6567,78804,False,False,False,False,monthly,True,0,Company_370,DevTools,US,2024-03-26,ads,5.0,139.78333333333333,3.0,5.0,4.0,3.0,30.75,0
S-c287ef,A-6dee43,2024-07-29,,Basic,23,437,5244,False,False,False,False,annual,False,0,Company_478,FinTech,UK,2023-08-12,other,3.0,59.53333333333333,1.0,3.0,5.0,4.333333333333333,44.2,1
S-8eb955,A-bcbe98,2024-08-09,,Basic,46,874,10488,False,False,False,False,monthly,True,0,Company_452,Cybersecurity,US,2024-07-29,other,6.0,329.3833333333333,5.0,6.0,7.0,4.0,38.285714285714285,0
S-0891f1,A-e1b9cd,2024-01-03,,Basic,40,760,9120,False,False,True,False,annual,False,0,Company_484,DevTools,US,2023-02-26,event,7.0,399.31666666666666,11.0,7.0,1.0,3.0,35.0,0
S-266ada,A-794a0b,2024-06-24,,Pro,23,1127,13524,False,False,False,False,monthly,True,0,Company_168,HealthTech,DE,2023-06-02,organic,3.0,217.3,1.0,3.0,0.0,,,0
S-e50f43,A-4a4c2d,2023-09-20,,Enterprise,54,10746,128952,False,False,False,False,annual,True,0,Company_473,DevTools,US,2023-05-02,event,4.0,261.53333333333336,2.0,4.0,5.0,4.25,42.0,0
S-3647aa,A-94d3da,2023-09-09,,Pro,41,0,0,True,False,False,False,monthly,True,0,Company_61,HealthTech,US,2023-05-03,other,7.0,218.88333333333333,1.0,7.0,6.0,3.5,26.833333333333332,0
S-cfb886,A-54d94a,2024-12-19,,Pro,27,1323,15876,False,False,False,False,annual,True,0,Company_385,Cybersecurity,IN,2023-05-01,event,1.0,49.6,0.0,1.0,4.0,3.5,53.75,1
S-15d2d2,A-96bbc6,2024-06-07,,Enterprise,39,7761,93132,False,False,False,False,monthly,True,0,Company_342,Cybersecurity,US,2024-05-07,organic,7.0,427.4,3.0,7.0,3.0,3.3333333333333335,51.333333333333336,0
S-462bd2,A-e7a1e2,2024-10-23,,Enterprise,3,0,0,True,False,False,False,annual,True,0,Company_295,Cybersecurity,US,2024-06-23,event,6.0,459.7,6.0,6.0,1.0,4.0,45.0,0
S-83e7bb,A-781cc0,2024-10-09,,Pro,16,0,0,True,True,False,False,annual,True,0,Company_499,EdTech,US,2024-09-04,organic,5.0,263.1,1.0,5.0,4.0,3.6666666666666665,57.5,0
S-5178de,A-e61e98,2023-12-06,,Pro,40,1960,23520,False,False,False,False,annual,False,0,Company_115,FinTech,US,2023-10-20,partner,10.0,481.95,3.0,10.0,6.0,4.6,30.333333333333332,0
S-375190,A-d4ac0e,2024-06-01,,Pro,25,1225,14700,False,False,False,False,monthly,True,0,Company_364,DevTools,UK,2024-04-20,ads,2.0,106.15,3.0,2.0,4.0,3.5,21.0,1
S-2c5e1c,A-4814a3,2024-12-08,,Enterprise,87,17313,207756,False,False,True,False,monthly,True,0,Company_337,Cybersecurity,IN,2024-09-17,event,4.0,214.01666666666668,6.0,4.0,4.0,4.0,18.75,0
S-84e146,A-d82ef9,2024-07-21,2024-11-24,Basic,53,1007,12084,False,False,False,True,monthly,True,1,Company_355,EdTech,UK,2024-07-02,other,4.0,215.73333333333332,0.0,4.0,5.0,4.25,39.8,0
S-5fea89,A-2e3bad,2023-08-19,,Enterprise,61,12139,145668,False,False,False,False,monthly,True,0,Company_108,FinTech,CA,2023-08-13,other,4.0,192.6,6.0,4.0,5.0,3.5,31.4,0
S-a18bb2,A-09540c,2024-12-22,,Pro,67,3283,39396,False,False,False,False,monthly,True,0,Company_239,Cybersecurity,CA,2023-10-30,event,2.0,193.95,1.0,2.0,2.0,4.5,28.0,1
S-41d4ca,A-90a8c8,2024-09-19,,Pro,21,0,0,True,True,False,False,monthly,True,0,Company_249,FinTech,AU,2024-08-24,organic,3.0,133.61666666666667,1.0,3.0,4.0,3.25,45.0,1
S-c6acda,A-1e1b80,2024-07-10,,Enterprise,50,0,0,True,False,False,False,annual,True,0,Company_416,FinTech,CA,2023-09-12,other,4.0,199.81666666666666,9.0,4.0,6.0,3.2,43.0,0
S-918151,A-855a48,2024-05-29,,Enterprise,27,5373,64476,False,False,False,False,annual,False,0,Company_389,EdTech,US,2023-12-22,partner,8.0,422.0,5.0,8.0,5.0,3.6666666666666665,39.6,0
S-38a5fb,A-6843f2,2024-12-14,,Enterprise,21,4179,50148,False,False,False,False,monthly,True,0,Company_335,HealthTech,CA,2024-12-10,ads,9.0,385.31666666666666,1.0,9.0,2.0,3.0,36.5,0
S-dea1f5,A-bb1eaa,2024-07-14,,Basic,21,399,4788,False,False,True,False,annual,True,0,Company_468,Cybersecurity,US,2024-06-11,organic,3.0,193.38333333333333,2.0,3.0,6.0,4.5,23.5,1
S-fee7b2,A-1986ca,2024-05-07,,Enterprise,31,6169,74028,False,True,False,False,monthly,True,0,Company_197,HealthTech,IN,2023-01-30,ads,7.0,358.95,7.0,7.0,7.0,3.4,36.57142857142857,0
S-875645,A-2d1036,2024-09-24,,Basic,69,1311,15732,False,False,False,False,monthly,True,0,Company_399,FinTech,US,2024-06-14,ads,8.0,386.18333333333334,6.0,8.0,5.0,4.6,37.8,0
S-f018e9,A-019782,2024-06-25,,Basic,14,266,3192,False,False,False,False,annual,True,0,Company_142,DevTools,FR,2023-04-19,event,9.0,619.8833333333333,9.0,9.0,2.0,3.0,10.0,0
S-8a74bb,A-ac9111,2024-10-30,,Enterprise,36,0,0,True,False,False,False,monthly,True,0,Company_487,HealthTech,US,2023-08-12,event,5.0,333.05,4.0,5.0,3.0,5.0,24.666666666666668,0
S-2aa395,A-c45b23,2024-07-31,,Basic,5,95,1140,False,False,False,False,monthly,False,0,Company_75,FinTech,UK,2023-12-08,partner,4.0,250.6,7.0,4.0,3.0,3.0,36.666666666666664,0
S-7de656,A-f17767,2023-02-15,2023-08-25,Pro,14,686,8232,False,False,False,True,annual,True,1,Company_123,DevTools,US,2023-01-30,event,5.0,240.08333333333334,3.0,5.0,3.0,4.0,36.333333333333336,0
S-f2ccdd,A-956988,2024-12-30,,Enterprise,32,6368,76416,False,False,False,False,annual,True,0,Company_14,EdTech,UK,2024-11-30,ads,1.0,87.3,0.0,1.0,2.0,3.0,50.5,1
S-e2fd71,A-158f4e,2023-11-29,,Basic,61,1159,13908,False,False,False,False,monthly,True,0,Company_180,FinTech,IN,2023-03-03,other,5.0,188.16666666666666,0.0,5.0,5.0,4.333333333333333,27.6,0
S-9b493e,A-5b051a,2024-11-23,,Basic,22,418,5016,False,False,False,False,monthly,True,0,Company_181,Cybersecurity,US,2024-08-05,event,7.0,277.5,9.0,7.0,1.0,3.0,2.0,0
S-742e23,A-aa9511,2024-06-23,,Pro,23,1127,13524,False,False,False,False,annual,True,0,Company_203,DevTools,US,2023-10-10,other,5.0,312.0,0.0,5.0,2.0,4.0,56.5,0
S-e7fe6f,A-35083d,2024-07-22,,Pro,42,2058,24696,False,True,False,False,annual,True,0,Company_27,HealthTech,IN,2023-04-28,partner,3.0,167.6,3.0,3.0,4.0,5.0,49.75,1
S-2940a5,A-b2225d,2024-04-02,,Enterprise,47,0,0,True,False,True,False,annual,False,0,Company_50,FinTech,US,2024-03-08,ads,5.0,450.5,9.0,5.0,2.0,3.0,42.0,0
S-0fc93f,A-5fe118,2024-12-04,,Basic,39,741,8892,False,False,False,False,annual,False,0,Company_374,Cybersecurity,US,2024-11-07,other,5.0,293.46666666666664,4.0,5.0,1.0,4.0,19.0,0
S-81a509,A-8b25f2,2024-09-10,,Basic,11,209,2508,False,True,False,False,annual,True,0,Company_96,Cybersecurity,US,2024-02-17,ads,5.0,294.8,7.0,5.0,2.0,4.0,35.5,0
S-62f5b1,A-20736a,2024-11-23,,Enterprise,50,9950,119400,False,True,False,False,annual,True,0,Company_271,EdTech,IN,2024-03-16,organic,4.0,224.43333333333334,2.0,4.0,4.0,3.75,42.25,0
S-a801d1,A-4c38bc,2024-04-03,,Enterprise,36,7164,85968,False,False,False,False,monthly,True,0,Company_55,HealthTech,UK,2024-03-09,event,8.0,362.51666666666665,2.0,8.0,3.0,3.5,48.333333333333336,0
S-ad1e4a,A-d3c88e,2024-11-01,,Basic,16,0,0,True,True,False,False,monthly,True,0,Company_490,DevTools,US,2024-10-18,event,5.0,233.08333333333334,7.0,5.0,3.0,4.0,58.0,0
S-ad3ef7,A-35083d,2023-06-03,,Enterprise,19,0,0,True,False,False,False,annual,True,0,Company_27,HealthTech,IN,2023-04-28,partner,6.0,497.85,1.0,6.0,4.0,5.0,49.75,0
S-a5a40b,A-180abf,2023-09-16,2023-11-06,Enterprise,64,12736,152832,False,False,False,True,annual,False,1,Company_122,DevTools,US,2023-08-14,event,9.0,592.8166666666667,8.0,9.0,3.0,3.0,36.333333333333336,0
S-05b245,A-e61e98,2024-09-01,,Enterprise,34,6766,81192,False,False,False,False,annual,True,0,Company_115,FinTech,US,2023-10-20,partner,8.0,309.1166666666667,3.0,7.0,6.0,4.6,30.333333333333332,0
S-3cc641,A-3be56b,2024-05-14,,Basic,7,133,1596,False,True,False,False,monthly,False,0,Company_200,HealthTech,IN,2023-10-26,event,2.0,160.6,1.0,2.0,4.0,3.5,40.25,1
S-f973d4,A-5247b3,2024-07-27,,Pro,24,1176,14112,False,True,False,False,monthly,True,0,Company_375,FinTech,UK,2024-03-12,partner,6.0,306.53333333333336,1.0,6.0,5.0,4.0,45.8,0
S-f25e72,A-66224b,2024-11-13,,Pro,92,4508,54096,False,False,False,False,annual,True,0,Company_87,HealthTech,US,2024-10-18,other,4.0,226.25,1.0,4.0,6.0,3.5,39.833333333333336,0
S-4f81c2,A-ed510f,2024-09-18,,Pro,42,2058,24696,False,False,False,False,monthly,False,0,Company_361,Cybersecurity,IN,2023-01-17,partner,3.0,163.78333333333333,0.0,3.0,9.0,4.0,44.55555555555556,1
S-b65ff3,A-c37601,2024-11-11,,Enterprise,6,1194,14328,False,False,False,False,annual,True,0,Company_48,EdTech,US,2024-10-31,partner,2.0,128.16666666666666,0.0,2.0,4.0,3.6666666666666665,42.25,1
S-5f5b36,A-d42431,2024-08-26,,Enterprise,22,4378,52536,False,False,False,False,monthly,True,0,Company_378,FinTech,FR,2024-06-09,ads,4.0,178.9,8.0,4.0,4.0,4.0,24.25,0
S-e5c35c,A-66224b,2024-11-27,,Enterprise,92,18308,219696,False,False,False,False,monthly,True,0,Company_87,HealthTech,US,2024-10-18,other,4.0,230.61666666666667,0.0,4.0,6.0,3.5,39.833333333333336,0
S-bc66af,A-157070,2024-02-12,2024-10-02,Pro,18,882,10584,False,False,False,True,monthly,True,1,Company_85,FinTech,US,2023-11-09,ads,7.0,441.4166666666667,0.0,7.0,3.0,3.0,42.333333333333336,0
S-eff39c,A-118f1c,2024-10-31,,Enterprise,32,6368,76416,False,False,False,False,annual,True,0,Company_492,Cybersecurity,US,2024-10-31,other,4.0,142.26666666666668,4.0,4.0,1.0,3.0,64.0,0
S-3c0075,A-9123ac,2024-05-27,,Basic,11,209,2508,False,False,False,False,monthly,True,0,Company_219,Cybersecurity,DE,2023-06-20,organic,6.0,251.56666666666666,2.0,6.0,6.0,4.2,38.833333333333336,0
S-aaaa83,A-712533,2024-04-26,,Basic,45,0,0,True,False,False,False,monthly,True,0,Company_498,EdTech,US,2023-07-31,organic,5.0,163.63333333333333,1.0,5.0,5.0,3.75,37.4,0
S-a09141,A-e3bd71,2023-04-03,,Enterprise,31,6169,74028,False,False,False,False,annual,False,0,Company_347,Cybersecurity,US,2023-03-25,partner,6.0,130.6,3.0,6.0,4.0,4.0,30.25,0
S-19edee,A-55f257,2024-08-19,,Enterprise,21,4179,50148,False,False,False,False,monthly,False,0,Company_496,FinTech,US,2023-12-21,organic,6.0,372.75,0.0,6.0,6.0,5.0,43.166666666666664,0
S-6f0169,A-86cdb4,2024-10-23,2024-11-06,Pro,3,147,1764,False,False,False,True,monthly,True,1,Company_250,DevTools,DE,2024-09-22,partner,4.0,323.8333333333333,0.0,4.0,5.0,4.333333333333333,26.4,0
S-bfdb45,A-cb6cc6,2023-04-20,,Enterprise,13,0,0,True,False,False,False,annual,True,0,Company_419,DevTools,US,2023-04-03,ads,2.0,30.166666666666668,1.0,2.0,3.0,3.5,16.333333333333332,1
S-9da0f3,A-1d5444,2024-05-13,,Enterprise,41,8159,97908,False,True,False,False,monthly,True,0,Company_427,Cybersecurity,US,2024-01-18,partner,0.0,0.0,0.0,0.0,2.0,4.0,30.0,1
S-68adfa,A-7f29a7,2024-10-06,,Basic,41,0,0,True,False,False,False,monthly,True,0,Company_386,Cybersecurity,UK,2024-09-18,event,5.0,220.9,1.0,5.0,1.0,4.0,24.0,0
S-fcd231,A-712426,2024-12-31,,Enterprise,63,0,0,True,False,False,False,annual,True,0,Company_155,HealthTech,US,2024-11-10,other,3.0,102.41666666666667,0.0,3.0,6.0,4.4,37.333333333333336,1
S-9a1e04,A-de24d5,2024-12-06,,Enterprise,5,995,11940,False,False,False,False,annual,True,0,Company_231,DevTools,US,2024-11-05,other,3.0,155.93333333333334,6.0,3.0,7.0,3.0,43.142857142857146,1
S-38b3b4,A-533452,2024-11-28,,Enterprise,26,5174,62088,False,False,False,False,annual,True,0,Company_279,DevTools,AU,2024-11-12,organic,8.0,296.1666666666667,5.0,8.0,4.0,4.0,32.75,0
S-b69fa2,A-029f69,2024-09-09,,Pro,27,1323,15876,False,False,False,False,monthly,False,0,Company_129,Cybersecurity,CA,2024-03-07,event,2.0,121.81666666666666,0.0,2.0,2.0,3.0,42.0,1
S-a924c2,A-3cc791,2024-07-08,,Pro,6,294,3528,False,False,False,False,annual,True,0,Company_423,EdTech,US,2024-01-10,other,3.0,137.11666666666667,1.0,3.0,6.0,4.25,48.333333333333336,1
S-05553e,A-bc87bc,2024-11-26,,Enterprise,31,6169,74028,False,False,False,False,annual,True,0,Company_456,FinTech,US,2024-07-17,event,2.0,91.46666666666667,0.0,2.0,7.0,3.75,40.57142857142857,1
S-6ace80,A-6f8ad2,2024-09-16,,Enterprise,7,1393,16716,False,False,False,False,monthly,True,0,Company_57,EdTech,IN,2024-07-09,organic,2.0,66.18333333333334,6.0,2.0,4.0,4.333333333333333,35.25,1
S-0b2faf,A-c45b23,2024-07-05,,Basic,15,0,0,True,False,False,False,monthly,True,0,Company_75,FinTech,UK,2023-12-08,partner,4.0,162.95,1.0,4.0,3.0,3.0,36.666666666666664,0
S-c01d79,A-296d7c,2024-07-19,,Basic,24,0,0,True,False,False,False,monthly,True,0,Company_182,DevTools,DE,2023-11-08,other,4.0,241.33333333333334,5.0,3.0,5.0,3.75,50.4,0
S-df69fe,A-e7a1e2,2024-12-29,,Enterprise,44,8756,105072,False,False,False,False,annual,True,0,Company_295,Cybersecurity,US,2024-06-23,event,3.0,134.08333333333334,0.0,3.0,1.0,4.0,45.0,1
S-f9d635,A-a1b80b,2024-03-11,,Enterprise,52,10348,124176,False,False,False,False,monthly,False,0,Company_184,HealthTech,US,2023-11-27,organic,4.0,193.48333333333332,7.0,4.0,4.0,4.0,41.0,0
S-d96652,A-503d5a,2024-05-01,,Enterprise,7,0,0,True,False,False,False,monthly,True,0,Company_99,FinTech,US,2023-10-21,other,3.0,73.86666666666666,3.0,3.0,9.0,4.0,36.55555555555556,1
S-869bba,A-b9f5b1,2023-10-31,,Enterprise,15,0,0,True,False,False,False,annual,False,0,Company_494,Cybersecurity,US,2023-01-24,other,7.0,513.05,2.0,7.0,6.0,3.3333333333333335,31.833333333333332,0
S-7c1eb9,A-d3c88e,2024-12-24,,Basic,21,399,4788,False,False,False,False,annual,False,0,Company_490,DevTools,US,2024-10-18,event,1.0,157.25,0.0,1.0,3.0,4.0,58.0,1
S-3f00dc,A-6f50ae,2024-09-02,,Pro,19,931,11172,False,False,False,False,annual,True,0,Company_466,FinTech,US,2023-09-21,partner,7.0,321.46666666666664,8.0,7.0,5.0,4.5,31.0,0
S-60ea07,A-3be56b,2024-08-22,,Pro,14,686,8232,False,False,False,False,annual,True,0,Company_200,HealthTech,IN,2023-10-26,event,5.0,260.98333333333335,2.0,5.0,4.0,3.5,40.25,0
S-7052a5,A-d5a319,2023-11-15,,Basic,16,304,3648,False,False,False,False,annual,True,0,Company_158,FinTech,US,2023-05-04,other,8.0,647.7666666666667,3.0,8.0,1.0,4.0,17.0,0
S-1b713e,A-1d5444,2024-11-26,,Basic,24,0,0,True,True,False,False,annual,False,0,Company_427,Cybersecurity,US,2024-01-18,partner,2.0,74.45,0.0,2.0,2.0,4.0,30.0,1
S-63e79e,A-7c5768,2024-10-20,,Enterprise,25,0,0,True,False,False,False,annual,True,0,Company_407,HealthTech,UK,2024-03-02,event,6.0,228.3,8.0,6.0,5.0,4.0,28.8,0
S-a54fb2,A-8ae05d,2024-06-01,,Basic,86,1634,19608,False,False,False,False,annual,False,0,Company_147,FinTech,IN,2024-04-06,other,4.0,170.48333333333332,1.0,4.0,1.0,4.0,47.0,0
S-07734f,A-b7ef83,2024-11-20,,Basic,8,152,1824,False,False,False,False,annual,True,0,Company_474,Cybersecurity,UK,2024-05-29,partner,6.0,324.9,3.0,6.0,2.0,4.0,47.5,0
S-6015db,A-b179bf,2024-11-15,,Enterprise,43,8557,102684,False,False,False,False,annual,True,0,Company_348,Cybersecurity,IN,2024-10-27,ads,8.0,394.1666666666667,1.0,7.0,6.0,4.0,24.666666666666668,0
S-1e3a06,A-2b9d3e,2024-12-26,,Enterprise,2,398,4776,False,False,False,False,monthly,True,0,Company_319,EdTech,US,2023-06-04,partner,6.0,283.3333333333333,3.0,6.0,3.0,5.0,34.666666666666664,0
S-82a67a,A-712426,2024-12-11,2024-12-13,Pro,15,735,8820,False,False,False,True,annual,True,1,Company_155,HealthTech,US,2024-11-10,other,5.0,218.26666666666668,5.0,5.0,6.0,4.4,37.333333333333336,0
S-531e3a,A-e5d6ab,2024-07-22,,Basic,39,741,8892,False,False,False,False,monthly,True,0,Company_7,EdTech,US,2023-04-15,partner,3.0,85.15,4.0,3.0,3.0,,42.666666666666664,1
S-7d8dde,A-3932db,2024-11-29,,Enterprise,35,6965,83580,False,False,False,False,monthly,True,0,Company_144,HealthTech,CA,2023-10-04,other,5.0,243.63333333333333,0.0,5.0,6.0,4.333333333333333,41.0,0
S-f00f7e,A-35083d,2024-09-09,,Pro,25,1225,14700,False,False,False,False,monthly,True,0,Company_27,HealthTech,IN,2023-04-28,partner,6.0,362.5,4.0,6.0,4.0,5.0,49.75,0
S-92f78a,A-6e08f3,2024-02-22,,Enterprise,11,2189,26268,False,False,False,False,monthly,True,0,Company_220,Cybersecurity,US,2023-02-27,event,5.0,229.03333333333333,5.0,5.0,2.0,3.5,36.5,0
S-1200b3,A-32fb14,2023-11-19,,Basic,26,494,5928,False,False,False,False,annual,False,0,Company_25,DevTools,US,2023-03-07,event,3.0,184.78333333333333,4.0,3.0,5.0,4.5,34.0,1
S-e2799b,A-4c56c9,2024-05-13,,Enterprise,13,2587,31044,False,False,False,False,monthly,False,0,Company_449,FinTech,US,2023-12-20,partner,7.0,336.96666666666664,4.0,7.0,5.0,3.75,38.6,0
S-155b3e,A-18793f,2024-12-19,,Enterprise,148,29452,353424,False,False,False,False,annual,False,0,Company_488,EdTech,US,2024-12-18,organic,6.0,381.76666666666665,5.0,6.0,5.0,3.8,45.2,0
S-691bff,A-9174e0,2024-12-27,,Basic,37,703,8436,False,False,False,False,annual,False,0,Company_73,Cybersecurity,US,2024-12-04,partner,2.0,99.2,1.0,2.0,2.0,5.0,39.0,1
S-5ddf8d,A-7f6b86,2024-12-06,,Basic,45,855,10260,False,False,False,False,annual,True,0,Company_299,HealthTech,US,2023-08-24,partner,8.0,502.01666666666665,0.0,8.0,7.0,3.6666666666666665,40.42857142857143,0
S-57019e,A-ad296b,2024-07-23,,Pro,38,0,0,True,False,False,False,annual,True,0,Company_112,DevTools,AU,2024-07-15,event,7.0,292.46666666666664,1.0,7.0,3.0,3.6666666666666665,28.333333333333332,0
S-36480d,A-52dd88,2024-12-04,,Pro,30,1470,17640,False,False,False,False,annual,True,0,Company_127,Cybersecurity,US,2023-02-21,ads,5.0,282.28333333333336,0.0,5.0,1.0,,72.0,0
S-ad7716,A-af0cd2,2023-04-13,,Pro,19,931,11172,False,False,False,False,annual,False,0,Company_204,Cybersecurity,IN,2023-01-03,other,6.0,297.95,3.0,6.0,3.0,,54.333333333333336,0
S-6cd38d,A-202b67,2024-08-28,,Basic,22,418,5016,False,False,False,False,annual,True,0,Company_305,HealthTech,US,2024-03-22,organic,6.0,181.36666666666667,9.0,6.0,4.0,4.666666666666667,36.75,0
S-88c79e,A-e3bd71,2024-02-18,2024-04-29,Enterprise,31,6169,74028,False,False,False,True,monthly,True,1,Company_347,Cybersecurity,US,2023-03-25,partner,2.0,79.6,2.0,2.0,4.0,4.0,30.25,1
S-42fb01,A-bece89,2024-02-08,,Pro,28,1372,16464,False,False,False,False,monthly,True,0,Company_128,Cybersecurity,IN,2023-12-01,event,3.0,90.88333333333334,3.0,3.0,4.0,4.0,32.5,1
S-393c51,A-ba6516,2024-04-02,,Basic,27,513,6156,False,False,True,False,annual,True,0,Company_154,FinTech,US,2023-10-29,ads,6.0,406.25,2.0,6.0,6.0,4.0,31.5,0
S-29ec80,A-625d0b,2024-12-29,,Enterprise,9,1791,21492,False,False,False,False,annual,True,0,Company_290,EdTech,AU,2024-09-02,ads,5.0,174.41666666666666,1.0,5.0,5.0,3.0,48.4,0
S-9bf16e,A-533452,2024-11-23,2024-12-20,Pro,9,441,5292,False,False,False,True,monthly,True,1,Company_279,DevTools,AU,2024-11-12,organic,7.0,328.78333333333336,13.0,7.0,4.0,4.0,32.75,0
S-5d5a8d,A-2922b6,2024-12-17,2024-12-28,Pro,15,735,8820,False,False,False,True,annual,True,1,Company_70,HealthTech,US,2024-11-14,organic,6.0,161.78333333333333,2.0,6.0,2.0,4.0,15.5,0
S-b18d59,A-bd4708,2024-10-20,,Pro,37,1813,21756,False,False,False,False,annual,True,0,Company_257,FinTech,US,2024-07-21,ads,6.0,121.18333333333334,1.0,6.0,4.0,3.5,24.0,0
S-56cb4f,A-cab532,2024-07-23,,Pro,23,1127,13524,False,False,False,False,annual,True,0,Company_218,DevTools,FR,2023-04-03,organic,6.0,208.46666666666667,0.0,6.0,1.0,4.0,32.0,0
S-3fa87d,A-81edc3,2023-11-13,,Enterprise,5,995,11940,False,False,False,False,monthly,True,0,Company_236,Cybersecurity,IN,2023-10-30,ads,7.0,443.76666666666665,1.0,7.0,3.0,4.0,52.666666666666664,0
S-96e3e8,A-d3c88e,2024-12-10,,Basic,16,304,3648,False,True,False,False,monthly,True,0,Company_490,DevTools,US,2024-10-18,event,4.0,347.51666666666665,2.0,4.0,3.0,4.0,58.0,0
S-b834a9,A-dcc3f1,2024-05-29,,Basic,26,494,5928,False,False,False,False,annual,True,0,Company_314,HealthTech,US,2023-12-27,event,10.0,496.6666666666667,2.0,10.0,9.0,3.8,35.666666666666664,0
S-7452a4,A-118d55,2024-12-30,2024-12-31,Enterprise,29,5771,69252,False,False,False,True,monthly,True,1,Company_65,Cybersecurity,US,2024-10-22,organic,5.0,192.11666666666667,6.0,5.0,5.0,4.333333333333333,24.2,0
S-7b65f4,A-7f29a7,2024-11-07,2024-12-02,Basic,41,779,9348,False,False,False,True,monthly,False,1,Company_386,Cybersecurity,UK,2024-09-18,event,9.0,384.23333333333335,4.0,9.0,1.0,4.0,24.0,0
S-a3300f,A-81edc3,2024-12-16,,Enterprise,5,995,11940,False,False,False,False,annual,True,0,Company_236,Cybersecurity,IN,2023-10-30,ads,11.0,587.25,1.0,11.0,3.0,4.0,52.666666666666664,0
S-a9b904,A-7641d3,2023-04-12,,Basic,8,152,1824,False,False,False,False,monthly,True,0,Company_429,EdTech,US,2023-02-16,partner,6.0,212.85,0.0,6.0,5.0,4.333333333333333,45.2,0
S-43b6e9,A-bbc346,2024-12-13,,Enterprise,27,5373,64476,False,False,False,False,monthly,True,0,Company_138,FinTech,US,2024-08-29,partner,9.0,398.25,5.0,9.0,3.0,4.5,45.333333333333336,0
S-eec4d5,A-0532a9,2024-12-10,,Basic,19,361,4332,False,False,False,False,annual,True,0,Company_170,FinTech,IN,2024-09-25,event,4.0,140.91666666666666,1.0,4.0,8.0,3.0,30.75,0
S-7ac30a,A-54ecc2,2024-10-16,,Enterprise,5,995,11940,False,False,False,False,annual,True,0,Company_289,Cybersecurity,US,2023-06-11,partner,5.0,253.68333333333334,4.0,5.0,5.0,5.0,37.4,0
S-c696fa,A-db5e9e,2024-11-12,,Basic,9,171,2052,False,False,False,False,monthly,True,0,Company_442,DevTools,US,2024-11-09,partner,6.0,187.73333333333332,3.0,6.0,2.0,5.0,66.0,0
S-86ed20,A-3f9cc0,2024-07-25,,Enterprise,22,4378,52536,False,False,False,False,monthly,False,0,Company_359,HealthTech,US,2024-06-03,event,5.0,288.35,1.0,5.0,5.0,4.5,34.8,0
S-dda681,A-8bde0c,2024-12-21,,Pro,12,588,7056,False,False,False,False,monthly,False,0,Company_287,DevTools,US,2024-11-04,organic,4.0,163.9,2.0,4.0,3.0,4.0,25.666666666666668,0
S-88d746,A-0aaf6e,2024-12-26,,Enterprise,18,3582,42984,False,False,False,False,monthly,True,0,Company_114,FinTech,US,2024-05-11,organic,5.0,151.16666666666666,1.0,5.0,5.0,4.0,45.0,0
S-fc01ba,A-ba6516,2024-09-14,,Pro,35,0,0,True,False,True,False,monthly,True,0,Company_154,FinTech,US,2023-10-29,ads,5.0,297.06666666666666,1.0,5.0,6.0,4.0,31.5,0
S-0586ad,A-7920cc,2024-07-28,,Enterprise,39,7761,93132,False,False,False,False,monthly,True,0,Company_412,Cybersecurity,FR,2023-11-23,ads,5.0,227.21666666666667,3.0,5.0,7.0,4.333333333333333,32.857142857142854,0
S-24631a,A-4d1e75,2024-09-07,,Basic,20,380,4560,False,False,False,False,monthly,True,0,Company_58,DevTools,US,2024-08-21,other,6.0,363.3,4.0,6.0,2.0,4.0,15.0,0
S-3d0e5c,A-dcc2f0,2023-11-22,,Enterprise,19,0,0,True,False,False,False,monthly,True,0,Company_309,FinTech,UK,2023-07-22,organic,9.0,545.35,1.0,9.0,2.0,,27.0,0
S-519509,A-1ac5e0,2024-11-15,,Basic,33,627,7524,False,False,False,False,annual,False,0,Company_126,DevTools,US,2024-10-20,event,5.0,249.83333333333334,7.0,5.0,7.0,3.8,40.42857142857143,0
S-8b9deb,A-6c093d,2024-09-12,2024-11-01,Pro,7,343,4116,False,False,False,True,monthly,True,1,Company_12,DevTools,US,2023-04-14,partner,11.0,673.8166666666667,6.0,11.0,3.0,5.0,40.333333333333336,0
S-31178d,A-b7ef83,2024-06-29,,Pro,26,1274,15288,False,False,False,False,annual,True,0,Company_474,Cybersecurity,UK,2024-05-29,partner,3.0,53.18333333333333,2.0,3.0,2.0,4.0,47.5,1
S-b29d83,A-51ec1b,2024-02-10,,Basic,11,209,2508,False,False,False,False,annual,True,0,Company_247,DevTools,US,2023-11-08,ads,3.0,193.63333333333333,4.0,3.0,3.0,5.0,52.333333333333336,1
S-a384d2,A-d62e02,2024-12-10,,Enterprise,21,4179,50148,False,False,False,False,monthly,True,0,Company_420,Cybersecurity,US,2024-08-20,partner,4.0,261.0,0.0,4.0,1.0,4.0,36.0,0
S-a61485,A-d922bf,2023-11-21,,Enterprise,32,6368,76416,False,False,False,False,monthly,True,0,Company_221,HealthTech,US,2023-09-08,ads,6.0,368.6,2.0,6.0,7.0,3.3333333333333335,39.142857142857146,0
S-d1f12e,A-3a5ad8,2024-02-15,,Enterprise,31,6169,74028,False,False,False,False,monthly,True,0,Company_94,HealthTech,US,2023-12-05,organic,2.0,126.23333333333333,0.0,2.0,4.0,4.5,44.75,1
S-021985,A-66224b,2024-12-22,2024-12-30,Enterprise,92,18308,219696,False,False,False,True,monthly,False,1,Company_87,HealthTech,US,2024-10-18,other,5.0,185.96666666666667,3.0,5.0,6.0,3.5,39.833333333333336,0
S-6cb472,A-922109,2024-09-27,,Pro,8,392,4704,False,False,False,False,annual,True,0,Company_243,Cybersecurity,US,2024-01-26,ads,3.0,118.33333333333333,2.0,3.0,3.0,3.0,25.333333333333332,1
S-fdb8f1,A-09316c,2024-09-23,,Enterprise,70,13930,167160,False,False,False,False,annual,True,0,Company_341,FinTech,AU,2024-09-11,organic,8.0,489.48333333333335,3.0,8.0,4.0,3.75,54.75,0
S-d9d52b,A-22d9d2,2024-08-09,,Pro,30,1470,17640,False,False,False,False,annual,True,0,Company_188,DevTools,FR,2024-03-22,event,6.0,314.06666666666666,11.0,6.0,6.0,4.0,16.0,0
S-6754a4,A-1f559b,2024-10-17,,Basic,10,190,2280,False,False,False,False,annual,False,0,Company_357,HealthTech,US,2023-09-04,organic,5.0,375.21666666666664,6.0,5.0,5.0,4.2,50.4,0
S-b11cdb,A-05d3b3,2024-08-05,2024-08-12,Basic,24,456,5472,False,False,False,True,annual,True,1,Company_213,DevTools,AU,2023-05-28,ads,5.0,91.4,2.0,5.0,6.0,4.333333333333333,31.5,0
S-a84e7f,A-e89151,2023-11-14,,Enterprise,8,1592,19104,False,False,False,False,annual,True,0,Company_234,FinTech,UK,2023-09-14,organic,5.0,217.7,0.0,5.0,2.0,5.0,41.5,0
S-4f3f73,A-1b9609,2024-08-04,2024-08-12,Pro,4,196,2352,False,False,False,True,annual,True,1,Company_5,EdTech,IN,2023-10-12,ads,1.0,110.5,3.0,1.0,4.0,3.0,43.0,1
S-164594,A-c42f1f,2024-10-26,,Basic,15,285,3420,False,False,False,False,annual,False,0,Company_21,HealthTech,US,2024-07-28,other,3.0,260.3333333333333,2.0,3.0,9.0,4.0,31.333333333333332,1
S-aef18a,A-4a267b,2024-11-06,,Pro,25,0,0,True,True,False,False,annual,True,0,Company_451,FinTech,US,2024-05-05,other,1.0,32.55,0.0,1.0,4.0,4.333333333333333,16.25,1
S-16dc40,A-ce550d,2024-11-16,,Pro,51,2499,29988,False,True,False,False,monthly,True,0,Company_4,HealthTech,US,2024-10-27,event,7.0,428.3333333333333,1.0,7.0,7.0,3.8,42.285714285714285,0
S-a8299c,A-e60f9d,2024-12-03,,Enterprise,29,5771,69252,False,False,False,False,monthly,True,0,Company_178,FinTech,US,2024-08-26,other,4.0,74.23333333333333,1.0,4.0,2.0,,70.5,0
S-842582,A-104f1a,2024-09-24,,Pro,45,0,0,True,False,False,False,annual,True,0,Company_89,Cybersecurity,US,2024-08-17,other,6.0,349.76666666666665,3.0,6.0,5.0,3.75,33.2,0
S-6956dc,A-40906c,2024-06-06,,Pro,92,4508,54096,False,False,False,False,annual,True,0,Company_235,EdTech,US,2024-03-27,ads,6.0,422.81666666666666,2.0,6.0,5.0,3.75,29.2,0
S-2aad81,A-700ade,2024-11-25,,Basic,7,133,1596,False,False,False,False,annual,True,0,Company_472,Cybersecurity,UK,2024-10-31,organic,1.0,57.2,0.0,1.0,4.0,4.666666666666667,30.25,1
S-f09511,A-4437e4,2024-05-14,,Enterprise,3,597,7164,False,True,False,False,monthly,True,0,Company_192,Cybersecurity,US,2023-09-16,event,2.0,99.0,0.0,2.0,6.0,3.0,34.666666666666664,1
S-52d03a,A-342303,2024-11-30,,Enterprise,10,0,0,True,False,False,False,annual,True,0,Company_294,EdTech,US,2024-03-16,other,6.0,142.85,1.0,6.0,3.0,4.5,29.333333333333332,0
S-70b537,A-526d93,2024-09-26,,Enterprise,43,8557,102684,False,True,False,False,annual,False,0,Company_66,HealthTech,FR,2024-04-14,organic,4.0,128.53333333333333,6.0,4.0,5.0,3.5,51.4,0
S-8e7d28,A-7f6b86,2024-07-05,,Pro,45,0,0,True,False,False,False,monthly,True,0,Company_299,HealthTech,US,2023-08-24,partner,3.0,213.55,0.0,3.0,7.0,3.6666666666666665,40.42857142857143,1
S-3128b4,A-30b4ca,2024-05-27,,Enterprise,86,17114,205368,False,False,False,False,monthly,False,0,Company_23,EdTech,IN,2024-05-20,organic,5.0,130.66666666666666,4.0,5.0,3.0,4.0,57.666666666666664,0
S-ce9977,A-42e5e1,2024-08-02,,Enterprise,53,0,0,True,True,False,False,monthly,True,0,Company_118,DevTools,US,2024-07-09,ads,6.0,222.75,9.0,6.0,3.0,4.0,29.0,0
S-16486d,A-0651a4,2024-12-15,,Pro,16,784,9408,False,False,False,False,monthly,True,0,Company_255,HealthTech,FR,2024-10-16,organic,5.0,226.2,0.0,5.0,4.0,4.0,29.25,0
S-c5835c,A-812c5b,2024-06-25,,Basic,55,0,0,True,False,False,False,monthly,True,0,Company_395,DevTools,CA,2024-02-25,organic,4.0,256.6166666666667,2.0,4.0,4.0,4.0,27.0,0
S-890baf,A-6e7827,2024-04-22,,Pro,3,147,1764,False,False,False,False,monthly,True,0,Company_372,DevTools,US,2023-03-26,other,8.0,344.21666666666664,4.0,8.0,2.0,3.5,51.0,0
S-ec0efa,A-45ce7a,2024-04-04,,Basic,22,418,5016,False,False,False,False,monthly,True,0,Company_31,FinTech,US,2023-07-23,ads,5.0,333.1666666666667,1.0,5.0,5.0,3.6666666666666665,45.4,0
S-09ada1,A-87aa7b,2024-11-23,,Basic,24,456,5472,False,False,False,False,annual,True,0,Company_433,HealthTech,US,2024-05-16,organic,5.0,199.9,0.0,5.0,3.0,,27.333333333333332,0
S-2ecaea,A-756192,2024-06-28,,Enterprise,25,4975,59700,False,False,False,False,monthly,True,0,Company_390,FinTech,IN,2023-06-11,other,8.0,335.7,10.0,8.0,3.0,4.0,37.333333333333336,0
S-0d86a4,A-700ade,2024-11-11,,Pro,12,588,7056,False,False,False,False,monthly,False,0,Company_472,Cybersecurity,UK,2024-10-31,organic,2.0,99.18333333333334,0.0,2.0,4.0,4.666666666666667,30.25,1
S-a2f231,A-1f559b,2024-04-21,,Pro,59,2891,34692,False,False,False,False,monthly,False,0,Company_357,HealthTech,US,2023-09-04,organic,4.0,203.03333333333333,2.0,4.0,5.0,4.2,50.4,0
S-dbcf87,A-a8d89d,2024-09-26,,Enterprise,13,2587,31044,False,False,False,False,monthly,True,0,Company_326,EdTech,US,2023-12-08,ads,4.0,106.5,0.0,4.0,2.0,5.0,44.5,0
S-d6e421,A-fd7ad3,2024-11-17,,Pro,10,0,0,True,False,False,False,annual,True,0,Company_100,Cybersecurity,US,2024-11-01,event,6.0,297.31666666666666,7.0,6.0,8.0,4.166666666666667,48.75,0
S-50815c,A-e3bd71,2024-01-11,,Basic,31,589,7068,False,False,False,False,monthly,True,0,Company_347,Cybersecurity,US,2023-03-25,partner,9.0,563.5333333333333,3.0,9.0,4.0,4.0,30.25,0
S-25ec8c,A-6965e1,2024-12-05,,Pro,16,0,0,True,False,False,False,monthly,False,0,Company_379,DevTools,US,2024-11-25,organic,4.0,253.35,1.0,4.0,3.0,3.0,39.0,0
S-180b6c,A-f3ff05,2024-12-02,,Basic,30,570,6840,False,False,False,False,monthly,True,0,Company_44,FinTech,IN,2024-07-06,other,2.0,73.33333333333333,0.0,2.0,3.0,3.5,42.666666666666664,1
S-ae20d8,A-9289f6,2023-07-04,2023-07-09,Basic,12,228,2736,False,True,False,True,annual,True,1,Company_104,EdTech,US,2023-05-31,event,3.0,168.18333333333334,0.0,3.0,6.0,4.333333333333333,37.5,1
S-cb3c72,A-69b156,2024-06-16,,Enterprise,13,2587,31044,False,False,False,False,monthly,True,0,Company_396,EdTech,US,2023-11-21,other,7.0,321.43333333333334,4.0,7.0,7.0,4.0,32.0,0
S-7bb339,A-fa3095,2023-12-06,,Enterprise,70,13930,167160,False,False,False,False,annual,True,0,Company_174,FinTech,US,2023-09-03,ads,9.0,420.5,8.0,9.0,5.0,5.0,49.2,0
S-374d5f,A-fabe19,2024-11-24,,Enterprise,5,995,11940,False,False,False,False,annual,True,0,Company_97,DevTools,UK,2024-11-11,ads,3.0,210.4,1.0,3.0,3.0,4.0,40.666666666666664,1
S-2f7250,A-3ce5b8,2024-03-05,,Pro,36,1764,21168,False,False,False,False,monthly,True,0,Company_256,FinTech,IN,2023-09-07,ads,6.0,261.95,1.0,6.0,10.0,3.7142857142857144,42.5,0
S-1d081a,A-ad3abd,2023-05-10,2024-07-20,Pro,44,2156,25872,False,False,False,True,annual,True,1,Company_410,FinTech,US,2023-03-03,event,6.0,320.1333333333333,7.0,6.0,3.0,3.0,13.0,0
S-0e9f04,A-7c83a1,2024-05-24,,Enterprise,12,2388,28656,False,False,False,False,monthly,True,0,Company_447,Cybersecurity,US,2024-05-06,partner,8.0,373.75,1.0,8.0,4.0,4.0,42.0,0
S-d7163c,A-118d55,2024-12-27,,Pro,11,539,6468,False,False,True,False,monthly,True,0,Company_65,Cybersecurity,US,2024-10-22,organic,7.0,427.18333333333334,0.0,7.0,5.0,4.333333333333333,24.2,0
S-3bdedd,A-378b99,2024-11-03,,Basic,59,1121,13452,False,False,False,False,monthly,True,0,Company_60,EdTech,UK,2024-09-01,ads,6.0,253.25,3.0,6.0,6.0,4.5,28.5,0
S-14a95a,A-ffc04f,2024-10-22,,Pro,20,980,11760,False,False,False,False,monthly,True,0,Company_307,EdTech,US,2024-06-06,ads,6.0,357.6166666666667,4.0,6.0,7.0,4.5,17.714285714285715,0
S-f15008,A-0aaf6e,2024-12-07,2024-12-15,Pro,12,588,7056,False,False,False,True,annual,False,1,Company_114,FinTech,US,2024-05-11,organic,4.0,135.9,7.0,4.0,5.0,4.0,45.0,0
S-c76699,A-f9cc74,2024-11-26,,Basic,30,570,6840,False,False,False,False,monthly,False,0,Company_360,DevTools,FR,2024-10-12,partner,6.0,156.31666666666666,0.0,6.0,6.0,4.0,49.833333333333336,0
S-7456c5,A-8ae3fc,2024-09-09,,Basic,9,171,2052,False,False,False,False,monthly,True,0,Company_495,DevTools,CA,2024-06-28,ads,3.0,190.28333333333333,2.0,3.0,4.0,3.5,39.5,1
S-947b62,A-34ea2f,2024-12-25,,Enterprise,16,3184,38208,False,False,False,False,annual,False,0,Company_436,HealthTech,US,2024-08-15,organic,5.0,219.86666666666667,1.0,5.0,8.0,3.8,35.25,0
S-7b2efe,A-af0cd2,2024-09-27,,Basic,19,361,4332,False,False,False,False,monthly,False,0,Company_204,Cybersecurity,IN,2023-01-03,other,4.0,204.91666666666666,2.0,4.0,3.0,,54.333333333333336,0
S-92421b,A-4e631b,2024-11-12,,Pro,22,0,0,True,False,False,False,monthly,True,0,Company_298,FinTech,US,2024-03-16,other,2.0,96.65,0.0,2.0,2.0,4.0,24.5,1
S-ede618,A-463db0,2024-12-15,,Pro,15,735,8820,False,False,False,False,annual,True,0,Company_16,HealthTech,US,2024-12-05,partner,5.0,290.95,3.0,5.0,6.0,4.25,50.166666666666664,0
S-65b963,A-e888d1,2024-03-04,,Basic,22,0,0,True,False,False,False,monthly,True,0,Company_102,Cybersecurity,US,2023-03-28,other,4.0,242.45,3.0,4.0,5.0,4.0,43.0,0
S-adbb41,A-9289f6,2024-12-11,,Enterprise,24,0,0,True,False,False,False,annual,False,0,Company_104,EdTech,US,2023-05-31,event,10.0,493.48333333333335,5.0,10.0,6.0,4.333333333333333,37.5,0
S-ce6528,A-4a4c2d,2023-07-04,,Basic,54,1026,12312,False,False,False,False,annual,True,0,Company_473,DevTools,US,2023-05-02,event,6.0,279.5,0.0,6.0,5.0,4.25,42.0,0
S-c45df0,A-a45270,2024-11-15,,Enterprise,3,597,7164,False,False,False,False,monthly,False,0,Company_37,HealthTech,US,2024-06-24,ads,8.0,422.25,6.0,8.0,4.0,4.0,64.0,0
S-faee8b,A-56962b,2024-05-15,,Pro,163,0,0,True,False,False,False,monthly,False,0,Company_177,EdTech,UK,2024-04-09,partner,5.0,219.5,3.0,5.0,4.0,3.0,37.5,0
S-9bb9da,A-0be015,2024-12-24,,Pro,26,0,0,True,False,False,False,monthly,True,0,Company_454,FinTech,US,2024-10-15,event,7.0,417.0,5.0,7.0,7.0,4.2,40.285714285714285,0
S-913134,A-bbc346,2024-11-29,,Basic,40,760,9120,False,False,False,False,monthly,True,0,Company_138,FinTech,US,2024-08-29,partner,2.0,84.6,0.0,2.0,3.0,4.5,45.333333333333336,1
S-0ada66,A-c4ea60,2024-07-29,,Enterprise,18,3582,42984,False,False,False,False,monthly,False,0,Company_18,FinTech,DE,2023-03-09,other,10.0,583.9166666666666,6.0,10.0,5.0,3.6,36.0,0
S-75fe32,A-3793ee,2024-03-13,,Pro,49,2401,28812,False,False,False,False,annual,True,0,Company_332,Cybersecurity,CA,2023-03-21,organic,7.0,358.55,1.0,7.0,4.0,4.0,43.75,0
S-1dfdd0,A-712426,2024-12-30,,Basic,13,247,2964,False,False,False,False,monthly,True,0,Company_155,HealthTech,US,2024-11-10,other,4.0,130.21666666666667,0.0,4.0,6.0,4.4,37.333333333333336,0
S-4815a3,A-19b2c8,2023-08-01,,Basic,22,418,5016,False,False,False,False,monthly,True,0,Company_476,DevTools,IN,2023-06-06,other,2.0,71.85,0.0,2.0,3.0,4.666666666666667,29.333333333333332,1
S-691d69,A-cea1f0,2024-10-18,,Enterprise,22,4378,52536,False,True,False,False,monthly,True,0,Company_273,FinTech,US,2024-04-07,event,10.0,474.93333333333334,7.0,10.0,5.0,4.333333333333333,42.2,0
S-e90e70,A-f51f16,2024-08-27,,Basic,2,38,456,False,False,False,False,annual,True,0,Company_282,HealthTech,US,2023-12-25,partner,4.0,228.13333333333333,2.0,4.0,4.0,3.0,29.25,0
S-8eb6df,A-c7ffc2,2024-02-17,,Enterprise,30,5970,71640,False,False,False,False,monthly,True,0,Company_392,Cybersecurity,US,2023-01-27,partner,3.0,125.45,0.0,3.0,2.0,3.0,64.0,1
S-4dae4f,A-6e08f3,2024-05-09,,Enterprise,20,3980,47760,False,False,False,False,monthly,True,0,Company_220,Cybersecurity,US,2023-02-27,event,5.0,306.1333333333333,1.0,5.0,2.0,3.5,36.5,0
S-f4376f,A-9ee962,2024-05-21,,Basic,9,171,2052,False,False,False,False,annual,False,0,Company_59,HealthTech,US,2023-02-28,ads,6.0,340.26666666666665,2.0,6.0,3.0,4.0,37.0,0
S-ce5e0e,A-158f4e,2023-09-17,,Pro,61,2989,35868,False,False,False,False,annual,True,0,Company_180,FinTech,IN,2023-03-03,other,3.0,158.33333333333334,0.0,3.0,5.0,4.333333333333333,27.6,1
S-5bc71c,A-d77f4c,2023-10-24,2024-02-19,Basic,8,152,1824,False,False,False,True,monthly,True,1,Company_470,DevTools,US,2023-09-25,partner,4.0,202.5,3.0,4.0,2.0,4.0,31.0,0
S-80af85,A-2edab2,2023-11-22,,Basic,17,323,3876,False,False,False,False,annual,True,0,Company_301,HealthTech,US,2023-11-17,event,7.0,320.7,9.0,7.0,4.0,3.0,30.0,0
S-9a115f,A-f5641b,2024-12-29,,Enterprise,45,8955,107460,False,False,False,False,monthly,True,0,Company_382,EdTech,US,2024-03-30,other,4.0,247.08333333333334,2.0,4.0,4.0,3.0,47.5,0
S-a959a3,A-ad3abd,2023-03-18,,Enterprise,44,8756,105072,False,False,False,False,monthly,False,0,Company_410,FinTech,US,2023-03-03,event,2.0,111.35,0.0,2.0,3.0,3.0,13.0,1
S-6def60,A-1e1b80,2023-10-11,,Basic,50,950,11400,False,False,False,False,monthly,True,0,Company_416,FinTech,CA,2023-09-12,other,7.0,337.0833333333333,4.0,7.0,6.0,3.2,43.0,0
S-2a57b3,A-7e0a10,2024-06-29,,Basic,46,874,10488,False,False,False,False,annual,True,0,Company_64,FinTech,US,2023-11-18,ads,8.0,453.5,10.0,8.0,5.0,4.0,39.4,0
S-b39049,A-4e44e8,2024-11-08,,Pro,18,0,0,True,False,False,False,monthly,True,0,Company_22,DevTools,US,2024-08-20,ads,5.0,228.1,7.0,5.0,3.0,3.3333333333333335,31.333333333333332,0
S-802cc6,A-eafc6e,2023-11-15,,Enterprise,34,6766,81192,False,False,False,False,annual,True,0,Company_149,DevTools,US,2023-07-06,partner,4.0,293.03333333333336,2.0,4.0,1.0,,64.0,0
S-19c44c,A-8b0451,2024-12-09,,Basic,41,779,9348,False,False,False,False,monthly,True,0,Company_245,FinTech,UK,2024-09-16,event,4.0,181.48333333333332,2.0,4.0,7.0,3.5,26.571428571428573,0
S-396a83,A-1b7577,2024-11-28,,Enterprise,4,796,9552,False,False,False,False,monthly,True,0,Company_39,Cybersecurity,US,2024-10-27,other,9.0,378.95,8.0,9.0,5.0,4.0,27.2,0
S-d1aacf,A-c70870,2024-12-06,,Basic,31,589,7068,False,True,False,False,annual,True,0,Company_253,Cybersecurity,US,2024-10-22,partner,4.0,288.6333333333333,1.0,4.0,5.0,4.0,35.6,0
S-2beaee,A-ffdfd5,2024-09-14,,Pro,92,4508,54096,False,False,False,False,annual,False,0,Company_365,EdTech,US,2024-04-13,organic,7.0,311.6,6.0,7.0,0.0,,,0
S-16e21f,A-82d8a6,2024-12-13,,Enterprise,27,5373,64476,False,False,False,False,annual,False,0,Company_444,Cybersecurity,UK,2024-11-28,ads,2.0,125.75,0.0,2.0,5.0,3.5,42.2,1
S-a918f3,A-d27f50,2024-12-05,,Enterprise,44,8756,105072,False,False,False,False,monthly,True,0,Company_163,Cybersecurity,UK,2024-07-20,ads,7.0,473.1333333333333,5.0,7.0,4.0,3.75,37.5,0
S-b4b400,A-35083d,2024-04-16,,Pro,19,931,11172,False,True,False,False,annual,True,0,Company_27,HealthTech,IN,2023-04-28,partner,7.0,387.43333333333334,3.0,7.0,4.0,5.0,49.75,0
S-52699f,A-df10db,2023-08-25,2024-12-03,Basic,14,266,3192,False,False,False,True,monthly,True,1,Company_143,DevTools,US,2023-06-06,other,6.0,418.05,2.0,6.0,2.0,3.0,68.5,0
S-52404a,A-cd458b,2024-10-26,,Basic,26,494,5928,False,False,False,False,annual,True,0,Company_430,DevTools,US,2024-06-15,other,2.0,169.33333333333334,2.0,2.0,5.0,4.6,38.4,1
S-dacc80,A-6965e1,2024-12-30,,Basic,13,247,2964,False,False,False,False,monthly,True,0,Company_379,DevTools,US,2024-11-25,organic,9.0,519.5833333333334,0.0,9.0,3.0,3.0,39.0,0
S-91c435,A-dfbd31,2024-12-09,,Basic,14,266,3192,False,False,False,False,monthly,True,0,Company_190,DevTools,UK,2023-12-04,partner,5.0,122.05,2.0,5.0,6.0,4.25,29.666666666666668,0
S-64d514,A-65aeb5,2024-09-06,,Enterprise,56,11144,133728,False,False,False,False,annual,False,0,Company_120,DevTools,US,2024-01-25,partner,5.0,369.71666666666664,1.0,5.0,2.0,5.0,42.5,0
S-006fed,A-ac9111,2023-10-09,2024-06-20,Basic,21,399,4788,False,False,False,True,monthly,True,1,Company_487,HealthTech,US,2023-08-12,event,10.0,650.55,0.0,10.0,3.0,5.0,24.666666666666668,0
S-2aafa6,A-bbc346,2024-10-03,,Enterprise,19,3781,45372,False,False,False,False,annual,True,0,Company_138,FinTech,US,2024-08-29,partner,7.0,144.88333333333333,2.0,7.0,3.0,4.5,45.333333333333336,0
S-1577c3,A-544d0a,2024-11-29,,Basic,3,0,0,True,False,False,False,monthly,True,0,Company_153,DevTools,US,2024-05-02,organic,0.0,0.0,0.0,0.0,2.0,4.0,38.5,1
S-3ea3af,A-019782,2024-05-16,,Pro,11,539,6468,False,False,False,False,monthly,False,0,Company_142,DevTools,FR,2023-04-19,event,7.0,415.01666666666665,1.0,7.0,2.0,3.0,10.0,0
S-615537,A-7f4db3,2024-03-30,,Pro,16,784,9408,False,False,False,False,annual,True,0,Company_441,FinTech,US,2023-03-05,other,3.0,157.7,1.0,3.0,5.0,3.25,16.6,1
S-fc8463,A-4e44e8,2024-10-16,,Basic,10,190,2280,False,False,False,False,annual,True,0,Company_22,DevTools,US,2024-08-20,ads,5.0,128.76666666666668,0.0,5.0,3.0,3.3333333333333335,31.333333333333332,0
S-8106d9,A-3a5ad8,2024-11-06,,Pro,36,1764,21168,False,False,False,False,monthly,False,0,Company_94,HealthTech,US,2023-12-05,organic,7.0,348.3,1.0,7.0,4.0,4.5,44.75,0
S-5b699e,A-b7b7b7,2024-09-16,,Basic,24,456,5472,False,False,False,False,annual,True,0,Company_338,FinTech,US,2024-06-30,event,2.0,108.86666666666666,3.0,2.0,3.0,5.0,17.0,1
S-021297,A-5ed98d,2024-06-28,,Enterprise,24,4776,57312,False,False,False,False,annual,True,0,Company_479,DevTools,US,2024-06-22,partner,2.0,76.25,0.0,2.0,5.0,5.0,35.8,1
S-0f7a92,A-700ade,2024-12-23,,Pro,1,49,588,False,False,False,False,monthly,False,0,Company_472,Cybersecurity,UK,2024-10-31,organic,3.0,128.33333333333334,5.0,3.0,4.0,4.666666666666667,30.25,1
S-85caaf,A-089363,2023-06-03,,Pro,2,98,1176,False,True,False,False,annual,True,0,Company_387,FinTech,AU,2023-05-06,event,5.0,228.88333333333333,1.0,5.0,3.0,3.6666666666666665,35.0,0
S-d8a52e,A-cc102e,2024-11-19,,Enterprise,15,2985,35820,False,False,False,False,monthly,True,0,Company_443,HealthTech,US,2024-04-15,partner,4.0,339.68333333333334,7.0,4.0,4.0,4.333333333333333,33.25,0
S-7b3fd3,A-5a92e7,2024-07-08,2024-10-15,Enterprise,4,796,9552,False,False,False,True,annual,True,1,Company_413,HealthTech,US,2024-06-11,ads,5.0,283.0,6.0,5.0,7.0,4.4,45.0,0
S-9a1297,A-b11cd0,2024-07-20,,Pro,26,1274,15288,False,False,False,False,annual,True,0,Company_439,DevTools,US,2023-01-20,ads,7.0,531.55,2.0,7.0,4.0,4.0,38.5,0
S-858aa0,A-6da850,2024-10-09,,Enterprise,25,4975,59700,False,False,False,False,annual,False,0,Company_293,FinTech,IN,2023-10-07,organic,6.0,248.55,3.0,6.0,5.0,4.0,49.0,0
S-8b345c,A-c43359,2024-12-10,,Pro,38,0,0,True,False,True,False,monthly,True,0,Company_83,FinTech,US,2024-11-16,organic,5.0,282.0,5.0,5.0,3.0,4.0,26.666666666666668,0
S-456829,A-f92792,2024-07-07,,Pro,26,1274,15288,False,False,False,False,annual,False,0,Company_67,FinTech,US,2024-07-04,ads,2.0,39.86666666666667,3.0,2.0,2.0,4.0,45.0,1
S-c2cc5c,A-2bc93d,2023-11-24,,Enterprise,20,3980,47760,False,False,False,False,annual,True,0,Company_43,HealthTech,US,2023-03-14,event,4.0,195.88333333333333,2.0,4.0,2.0,4.5,12.0,0
S-2126cd,A-f45426,2024-12-29,,Pro,9,441,5292,False,False,False,False,monthly,False,0,Company_172,HealthTech,US,2024-08-05,organic,5.0,176.48333333333332,3.0,5.0,3.0,4.0,17.0,0
S-91ab2e,A-c62e55,2023-11-15,,Pro,34,1666,19992,False,False,False,False,annual,False,0,Company_315,EdTech,US,2023-02-08,partner,1.0,27.5,0.0,1.0,4.0,4.0,27.5,1
S-8cba1c,A-4814a3,2024-10-19,,Enterprise,87,0,0,True,False,False,False,monthly,False,0,Company_337,Cybersecurity,IN,2024-09-17,event,2.0,64.93333333333334,4.0,2.0,4.0,4.0,18.75,1
S-6ee525,A-9badbd,2024-09-05,,Enterprise,23,4577,54924,False,False,False,False,annual,True,0,Company_63,Cybersecurity,DE,2024-06-19,ads,8.0,536.9666666666667,2.0,8.0,5.0,5.0,30.2,0
S-400e62,A-0f3e88,2024-04-18,,Basic,14,266,3192,False,False,False,False,annual,False,0,Company_428,HealthTech,US,2023-07-23,other,8.0,416.1166666666667,4.0,8.0,3.0,4.5,48.0,0
S-5f2554,A-81edc3,2023-11-07,,Pro,12,588,7056,False,False,False,False,monthly,False,0,Company_236,Cybersecurity,IN,2023-10-30,ads,5.0,242.91666666666666,2.0,5.0,3.0,4.0,52.666666666666664,0
S-877508,A-b3fe05,2024-06-06,,Pro,11,0,0,True,False,False,False,annual,True,0,Company_238,Cybersecurity,CA,2024-05-28,partner,7.0,301.43333333333334,4.0,7.0,4.0,3.0,48.25,0
S-37b367,A-a8d89d,2024-09-17,,Basic,13,247,2964,False,False,False,False,annual,True,0,Company_326,EdTech,US,2023-12-08,ads,8.0,340.8333333333333,2.0,8.0,2.0,5.0,44.5,0
S-ac6547,A-b20d99,2024-07-19,,Basic,20,380,4560,False,False,False,False,annual,True,0,Company_29,HealthTech,IN,2023-09-27,other,9.0,560.8,3.0,9.0,2.0,3.5,61.5,0
S-525864,A-a09355,2024-12-29,,Pro,14,686,8232,False,False,False,False,monthly,True,0,Company_459,FinTech,US,2024-08-10,organic,4.0,222.16666666666666,1.0,4.0,5.0,4.0,32.6,0
S-856627,A-b48f73,2024-11-24,,Pro,80,3920,47040,False,False,False,False,annual,False,0,Company_225,EdTech,AU,2024-11-13,event,7.0,354.3666666666667,2.0,7.0,3.0,4.0,28.666666666666668,0
S-195cd5,A-ae052e,2024-11-28,2024-12-06,Pro,40,1960,23520,False,False,False,True,monthly,True,1,Company_132,FinTech,CA,2023-09-11,other,8.0,290.6333333333333,3.0,8.0,4.0,4.0,31.25,0
S-4e4ab7,A-eb1312,2024-10-08,,Basic,25,475,5700,False,False,False,False,monthly,False,0,Company_322,FinTech,US,2024-09-16,partner,8.0,416.96666666666664,5.0,8.0,1.0,5.0,68.0,0
S-cfca40,A-7d514c,2024-04-01,,Enterprise,34,6766,81192,False,False,False,False,monthly,True,0,Company_119,HealthTech,DE,2024-02-03,organic,6.0,455.8833333333333,2.0,6.0,3.0,5.0,33.333333333333336,0
S-a82909,A-3a5ad8,2024-11-19,,Enterprise,70,13930,167160,False,False,False,False,annual,True,0,Company_94,HealthTech,US,2023-12-05,organic,6.0,230.41666666666666,1.0,6.0,4.0,4.5,44.75,0
S-ab212b,A-f1f639,2024-01-16,,Basic,2,38,456,False,True,False,False,monthly,True,0,Company_296,EdTech,US,2023-02-26,ads,2.0,178.8,1.0,2.0,7.0,4.8,20.0,1
S-92e1fc,A-45ce7a,2024-04-13,,Pro,16,0,0,True,False,False,False,monthly,True,0,Company_31,FinTech,US,2023-07-23,ads,2.0,36.05,2.0,2.0,5.0,3.6666666666666665,45.4,1
S-add36b,A-e3bd71,2024-03-20,,Enterprise,31,6169,74028,False,True,True,False,monthly,True,0,Company_347,Cybersecurity,US,2023-03-25,partner,3.0,144.78333333333333,0.0,3.0,4.0,4.0,30.25,1
S-dcde3f,A-ffc04f,2024-08-05,,Pro,13,0,0,True,False,False,False,monthly,False,0,Company_307,EdTech,US,2024-06-06,ads,4.0,108.28333333333333,5.0,4.0,7.0,4.5,17.714285714285715,0
S-94fa70,A-1b7577,2024-12-30,,Pro,41,2009,24108,False,False,False,False,monthly,True,0,Company_39,Cybersecurity,US,2024-10-27,other,7.0,299.7,0.0,7.0,5.0,4.0,27.2,0
S-80f65d,A-474ad4,2024-01-06,,Basic,23,437,5244,False,False,False,False,monthly,True,0,Company_261,EdTech,US,2023-11-28,organic,2.0,127.26666666666667,0.0,2.0,3.0,5.0,33.0,1
S-1b373c,A-5b1bcd,2024-07-04,,Pro,73,3577,42924,False,False,False,False,annual,False,0,Company_166,DevTools,US,2023-09-16,organic,6.0,235.13333333333333,5.0,6.0,4.0,4.5,43.25,0
S-54a3ed,A-f446b6,2024-07-21,,Pro,5,245,2940,False,False,False,False,monthly,True,0,Company_36,DevTools,DE,2023-05-12,ads,6.0,472.1,9.0,6.0,8.0,4.25,30.75,0
S-77c22b,A-6c093d,2024-03-13,,Enterprise,7,1393,16716,False,False,False,False,annual,True,0,Company_12,DevTools,US,2023-04-14,partner,4.0,265.0,4.0,4.0,3.0,5.0,40.333333333333336,0
S-bf9e6d,A-9779ad,2024-10-23,,Enterprise,40,7960,95520,False,False,False,False,annual,True,0,Company_171,Cybersecurity,AU,2024-03-29,event,4.0,142.58333333333334,0.0,4.0,3.0,5.0,20.666666666666668,0
S-9daaad,A-e693b6,2024-03-21,,Enterprise,55,0,0,True,False,False,False,monthly,True,0,Company_240,FinTech,AU,2023-05-25,event,7.0,446.2,0.0,7.0,1.0,3.0,1.0,0
S-d316df,A-726cfa,2024-07-12,,Basic,33,627,7524,False,False,False,False,annual,True,0,Company_82,DevTools,US,2023-07-01,partner,4.0,207.08333333333334,0.0,4.0,3.0,4.0,35.666666666666664,0
S-d106d4,A-19b2c8,2023-11-06,,Enterprise,20,3980,47760,False,False,False,False,monthly,True,0,Company_476,DevTools,IN,2023-06-06,other,2.0,126.71666666666667,0.0,2.0,3.0,4.666666666666667,29.333333333333332,1
S-4757c8,A-32728c,2024-09-17,,Basic,42,798,9576,False,False,False,False,annual,True,0,Company_54,DevTools,US,2023-01-03,event,3.0,117.58333333333333,3.0,3.0,2.0,3.5,34.5,1
S-504bce,A-474ad4,2024-11-28,2024-12-30,Enterprise,41,0,0,True,False,False,True,annual,True,1,Company_261,EdTech,US,2023-11-28,organic,8.0,263.01666666666665,6.0,8.0,3.0,5.0,33.0,0
S-16be20,A-9c18c4,2024-03-03,,Pro,11,539,6468,False,False,False,False,monthly,True,0,Company_481,HealthTech,US,2023-07-27,ads,8.0,560.6833333333333,5.0,7.0,4.0,4.0,42.25,0
S-2ae5d8,A-c9bb3e,2024-06-08,,Pro,5,245,2940,False,False,False,False,monthly,True,0,Company_336,EdTech,US,2024-03-24,ads,6.0,403.65,3.0,6.0,7.0,4.2,27.714285714285715,0
S-6522e4,A-9f0b68,2024-05-17,,Basic,22,418,5016,False,False,False,False,annual,False,0,Company_489,EdTech,US,2024-04-28,ads,7.0,403.35,1.0,7.0,3.0,3.0,30.333333333333332,0
S-bc736c,A-d49cc5,2024-09-28,,Basic,50,950,11400,False,False,False,False,monthly,True,0,Company_275,Cybersecurity,FR,2023-09-19,event,5.0,255.73333333333332,0.0,5.0,4.0,4.5,32.0,0
S-1b7677,A-ced9aa,2024-12-04,2024-12-20,Enterprise,6,1194,14328,False,False,False,True,annual,True,1,Company_310,DevTools,US,2024-10-05,other,5.0,227.41666666666666,3.0,5.0,7.0,3.0,28.857142857142858,0
S-b8d2f6,A-17939a,2024-12-28,2024-12-30,Basic,19,0,0,True,False,False,True,monthly,True,1,Company_162,HealthTech,US,2024-12-26,organic,5.0,162.46666666666667,5.0,5.0,7.0,4.5,38.0,0
S-509f0d,A-794a0b,2024-02-05,,Pro,35,1715,20580,False,False,False,False,monthly,True,0,Company_168,HealthTech,DE,2023-06-02,organic,6.0,245.65,9.0,6.0,0.0,,,0
S-708ac6,A-ab438f,2024-10-23,,Enterprise,30,5970,71640,False,False,False,False,monthly,True,0,Company_233,Cybersecurity,US,2024-09-13,ads,3.0,122.86666666666666,2.0,3.0,2.0,3.5,33.5,1
S-81510a,A-b54c01,2024-10-29,,Pro,29,1421,17052,False,False,False,False,annual,True,0,Company_354,DevTools,US,2024-09-29,event,5.0,143.43333333333334,6.0,5.0,5.0,3.0,42.6,0
S-80c24c,A-139c3b,2024-11-26,2024-12-31,Pro,17,833,9996,False,True,False,True,monthly,True,1,Company_185,HealthTech,US,2024-11-21,organic,4.0,206.35,0.0,4.0,9.0,4.5,28.444444444444443,0
S-843a53,A-bb1eaa,2024-09-11,,Enterprise,21,4179,50148,False,False,False,False,annual,True,0,Company_468,Cybersecurity,US,2024-06-11,organic,2.0,54.9,0.0,2.0,6.0,4.5,23.5,1
S-3b5031,A-dcc2f0,2024-03-13,,Pro,22,1078,12936,False,True,False,False,annual,True,0,Company_309,FinTech,UK,2023-07-22,organic,5.0,205.56666666666666,3.0,5.0,2.0,,27.0,0
S-a29ba3,A-95b24a,2023-10-12,,Enterprise,38,7562,90744,False,False,False,False,monthly,False,0,Company_117,FinTech,US,2023-06-06,event,5.0,314.26666666666665,2.0,5.0,5.0,4.25,21.2,0
S-ce7c30,A-075038,2024-07-02,,Enterprise,17,3383,40596,False,False,False,False,monthly,True,0,Company_397,HealthTech,UK,2023-05-12,ads,4.0,169.65,0.0,4.0,2.0,3.0,43.5,0
S-90c2a9,A-ced9aa,2024-11-07,,Pro,3,147,1764,False,False,False,False,annual,True,0,Company_310,DevTools,US,2024-10-05,other,3.0,224.26666666666668,3.0,3.0,7.0,3.0,28.857142857142858,1
S-3c52a6,A-2f6a32,2024-09-25,2024-11-16,Basic,19,361,4332,False,False,False,True,annual,True,1,Company_160,HealthTech,US,2024-08-26,organic,4.0,275.03333333333336,2.0,4.0,2.0,3.5,41.0,0
S-44ed0c,A-993085,2023-10-30,,Enterprise,31,6169,74028,False,False,True,False,annual,False,0,Company_258,HealthTech,US,2023-06-01,ads,4.0,280.3833333333333,5.0,4.0,4.0,3.5,46.5,0
S-2c9cea,A-df1e44,2024-06-03,,Basic,35,0,0,True,False,False,False,annual,True,0,Company_323,Cybersecurity,UK,2024-02-23,organic,5.0,260.25,3.0,5.0,2.0,5.0,53.0,0
S-47cf94,A-e5d6ab,2023-10-02,2024-05-03,Basic,35,665,7980,False,False,False,True,annual,True,1,Company_7,EdTech,US,2023-04-15,partner,1.0,10.083333333333334,1.0,1.0,3.0,,42.666666666666664,1
S-f3d5d7,A-49b828,2024-11-22,,Enterprise,20,3980,47760,False,False,False,False,annual,True,0,Company_391,FinTech,IN,2023-05-05,ads,3.0,148.53333333333333,3.0,3.0,3.0,3.5,13.666666666666666,1
S-519f1c,A-0354fe,2024-11-03,,Basic,34,646,7752,False,False,False,False,monthly,False,0,Company_380,Cybersecurity,US,2024-10-22,other,6.0,252.01666666666668,7.0,6.0,4.0,4.0,20.0,0
S-b75eaa,A-bf7919,2024-12-24,,Basic,12,228,2736,False,False,False,False,monthly,False,0,Company_426,HealthTech,US,2024-11-27,organic,2.0,84.86666666666666,4.0,2.0,2.0,5.0,14.5,1
S-106283,A-a45270,2024-07-27,,Enterprise,23,4577,54924,False,False,False,False,annual,True,0,Company_37,HealthTech,US,2024-06-24,ads,6.0,464.6333333333333,5.0,6.0,4.0,4.0,64.0,0
S-f093d0,A-f19b24,2024-03-17,,Pro,29,1421,17052,False,False,False,False,monthly,True,0,Company_462,Cybersecurity,US,2023-01-10,organic,4.0,273.1666666666667,5.0,4.0,2.0,4.0,35.5,0
S-9c19fe,A-bd4513,2024-12-20,,Enterprise,50,9950,119400,False,False,False,False,monthly,False,0,Company_205,DevTools,AU,2024-11-06,event,5.0,234.25,3.0,5.0,3.0,4.666666666666667,42.0,0
S-f27134,A-d4ac0e,2024-09-17,,Basic,29,551,6612,False,False,False,False,annual,True,0,Company_364,DevTools,UK,2024-04-20,ads,7.0,495.5833333333333,3.0,7.0,4.0,3.5,21.0,0
S-ef83b4,A-a09355,2024-11-04,,Enterprise,33,6567,78804,False,False,False,False,monthly,True,0,Company_459,FinTech,US,2024-08-10,organic,4.0,153.81666666666666,0.0,4.0,5.0,4.0,32.6,0
S-00fcc5,A-40de06,2023-06-23,,Basic,62,1178,14136,False,False,False,False,annual,False,0,Company_369,Cybersecurity,US,2023-05-08,event,7.0,601.4,2.0,7.0,3.0,4.0,40.333333333333336,0
S-a6f0f1,A-d792a6,2024-04-26,,Pro,4,196,2352,False,False,False,False,annual,True,0,Company_486,DevTools,US,2023-01-23,organic,4.0,141.63333333333333,1.0,4.0,5.0,4.0,40.6,0
S-2c4527,A-6965e1,2024-12-22,,Pro,13,637,7644,False,False,False,False,annual,True,0,Company_379,DevTools,US,2024-11-25,organic,7.0,477.1166666666667,0.0,7.0,3.0,3.0,39.0,0
S-0144ac,A-5a215a,2024-03-13,,Enterprise,87,17313,207756,False,False,False,False,monthly,True,0,Company_358,EdTech,FR,2024-01-05,other,4.0,166.35,0.0,4.0,4.0,4.0,29.5,0
S-8a50a0,A-cb5333,2024-12-11,,Basic,33,627,7524,False,False,False,False,monthly,True,0,Company_370,DevTools,US,2024-03-26,ads,8.0,394.1166666666667,5.0,7.0,4.0,3.0,30.75,0
S-363c29,A-e7beab,2023-10-23,2024-08-21,Enterprise,21,4179,50148,False,False,False,True,annual,True,1,Company_458,EdTech,DE,2023-10-20,organic,6.0,400.05,7.0,6.0,6.0,4.0,36.666666666666664,0
S-f28cde,A-cdf020,2024-07-13,,Pro,23,1127,13524,False,True,False,False,annual,True,0,Company_345,DevTools,AU,2023-08-16,organic,5.0,217.13333333333333,6.0,5.0,4.0,4.0,29.5,0
S-ef00f5,A-e36807,2024-09-06,,Basic,6,114,1368,False,False,False,False,annual,True,0,Company_164,EdTech,AU,2024-05-17,other,6.0,240.36666666666667,3.0,6.0,2.0,4.5,41.0,0
S-dbe2ac,A-5f7781,2024-09-13,,Basic,22,418,5016,False,True,False,False,annual,True,0,Company_483,DevTools,US,2024-08-20,other,1.0,62.65,0.0,1.0,2.0,4.0,28.5,1
S-b8fcc5,A-dbc825,2024-06-29,2024-11-20,Basic,85,1615,19380,False,True,False,True,annual,False,1,Company_252,EdTech,FR,2024-01-07,partner,6.0,257.1666666666667,4.0,6.0,6.0,4.0,49.5,0
S-37b6b2,A-4c6f11,2024-05-10,,Pro,24,1176,14112,False,False,False,False,annual,False,0,Company_146,FinTech,CA,2023-11-27,organic,5.0,245.38333333333333,0.0,5.0,3.0,4.333333333333333,44.666666666666664,0
S-a83bf1,A-089363,2023-11-04,,Basic,40,760,9120,False,False,False,False,monthly,False,0,Company_387,FinTech,AU,2023-05-06,event,3.0,278.45,1.0,3.0,3.0,3.6666666666666665,35.0,1
S-e301c9,A-1e1b80,2024-09-22,,Enterprise,50,0,0,True,False,False,False,monthly,True,0,Company_416,FinTech,CA,2023-09-12,other,8.0,440.78333333333336,10.0,8.0,6.0,3.2,43.0,0
S-762cae,A-6e08f3,2024-08-11,,Pro,18,882,10584,False,False,False,False,annual,True,0,Company_220,Cybersecurity,US,2023-02-27,event,8.0,225.35,5.0,8.0,2.0,3.5,36.5,0
S-261a8d,A-b2225d,2024-09-01,,Pro,47,2303,27636,False,True,False,False,monthly,True,0,Company_50,FinTech,US,2024-03-08,ads,5.0,255.9,5.0,5.0,2.0,3.0,42.0,0
S-1c5955,A-378b99,2024-10-07,,Pro,12,588,7056,False,False,False,False,annual,True,0,Company_60,EdTech,UK,2024-09-01,ads,8.0,264.23333333333335,6.0,8.0,6.0,4.5,28.5,0
S-a99771,A-3c1a3f,2023-12-18,,Basic,25,0,0,True,False,False,False,annual,True,0,Company_224,DevTools,UK,2023-08-26,event,5.0,489.93333333333334,1.0,5.0,4.0,3.5,33.25,0
S-ad02b5,A-c58f49,2024-10-05,,Enterprise,70,13930,167160,False,True,False,False,monthly,True,0,Company_480,EdTech,US,2024-07-31,other,3.0,244.66666666666666,2.0,3.0,3.0,5.0,36.333333333333336,1
S-e267d1,A-4a4c2d,2023-12-25,,Enterprise,54,10746,128952,False,False,False,False,annual,False,0,Company_473,DevTools,US,2023-05-02,event,6.0,293.9166666666667,7.0,6.0,5.0,4.25,42.0,0
S-0c4162,A-a8b49c,2023-11-24,,Basic,19,0,0,True,False,False,False,monthly,True,0,Company_72,Cybersecurity,UK,2023-10-06,partner,4.0,226.75,1.0,4.0,1.0,4.0,72.0,0
S-49b640,A-956988,2024-12-02,,Enterprise,9,1791,21492,False,False,False,False,monthly,True,0,Company_14,EdTech,UK,2024-11-30,ads,6.0,259.31666666666666,7.0,6.0,2.0,3.0,50.5,0
S-327a60,A-1f0ac7,2024-05-03,,Basic,47,893,10716,False,False,False,False,annual,True,0,Company_3,HealthTech,UK,2023-08-27,other,4.0,240.36666666666667,2.0,4.0,2.0,,29.0,0
S-9a41e6,A-9289f6,2024-03-14,,Enterprise,10,1990,23880,False,False,False,False,annual,True,0,Company_104,EdTech,US,2023-05-31,event,3.0,207.46666666666667,6.0,3.0,6.0,4.333333333333333,37.5,1
S-e1081c,A-5fe118,2024-12-05,,Enterprise,39,7761,93132,False,False,False,False,monthly,True,0,Company_374,Cybersecurity,US,2024-11-07,other,4.0,185.0,5.0,4.0,1.0,4.0,19.0,0
S-f44c76,A-58b9ff,2024-09-24,,Pro,14,686,8232,False,False,False,False,monthly,True,0,Company_425,DevTools,IN,2024-05-31,partner,5.0,209.91666666666666,1.0,5.0,2.0,4.0,66.0,0
S-8e169f,A-0dbdc6,2023-06-14,,Pro,30,0,0,True,False,False,False,annual,True,0,Company_366,Cybersecurity,DE,2023-02-12,other,5.0,209.7,2.0,5.0,4.0,5.0,47.0,0
S-68e134,A-dbc825,2024-05-20,,Basic,19,361,4332,False,False,False,False,monthly,True,0,Company_252,EdTech,FR,2024-01-07,partner,3.0,160.03333333333333,3.0,3.0,6.0,4.0,49.5,1
S-7820a5,A-019782,2023-08-16,,Pro,15,735,8820,False,False,False,False,monthly,True,0,Company_142,DevTools,FR,2023-04-19,event,7.0,276.2,6.0,7.0,2.0,3.0,10.0,0
S-d8c527,A-0a62f5,2024-12-21,,Basic,25,475,5700,False,False,False,False,monthly,True,0,Company_381,FinTech,UK,2024-09-11,partner,5.0,243.23333333333332,2.0,5.0,2.0,,33.5,0
S-d30894,A-71615e,2024-06-27,,Enterprise,15,2985,35820,False,False,False,False,annual,True,0,Company_167,EdTech,US,2024-05-18,organic,6.0,326.8833333333333,6.0,6.0,1.0,,49.0,0
S-632337,A-7da956,2024-09-26,2024-12-29,Enterprise,14,2786,33432,False,False,False,True,monthly,True,1,Company_141,Cybersecurity,US,2024-06-02,event,4.0,181.15,3.0,4.0,3.0,5.0,32.666666666666664,0
S-3d4f7a,A-ed510f,2024-12-21,,Pro,42,2058,24696,False,False,False,False,monthly,True,0,Company_361,Cybersecurity,IN,2023-01-17,partner,3.0,188.08333333333334,0.0,3.0,9.0,4.0,44.55555555555556,1
S-956036,A-d922bf,2023-10-29,,Enterprise,30,5970,71640,False,False,False,False,annual,True,0,Company_221,HealthTech,US,2023-09-08,ads,8.0,428.35,4.0,8.0,7.0,3.3333333333333335,39.142857142857146,0
S-873a22,A-fabe19,2024-12-16,,Enterprise,12,2388,28656,False,True,False,False,monthly,False,0,Company_97,DevTools,UK,2024-11-11,ads,3.0,112.2,0.0,3.0,3.0,4.0,40.666666666666664,1
S-868325,A-ac85cd,2024-08-02,,Basic,53,1007,12084,False,False,False,False,monthly,True,0,Company_485,EdTech,US,2024-07-31,partner,7.0,334.28333333333336,3.0,6.0,3.0,3.5,33.666666666666664,0
S-0e8b21,A-8adedc,2024-08-21,,Basic,22,418,5016,False,False,False,False,monthly,True,0,Company_300,EdTech,US,2024-02-11,event,5.0,138.0,0.0,5.0,4.0,4.0,49.25,0
S-f50afe,A-117171,2024-11-11,,Basic,45,855,10260,False,False,False,False,annual,True,0,Company_135,HealthTech,FR,2024-09-12,organic,4.0,210.7,3.0,4.0,6.0,3.6666666666666665,32.5,0
S-28a4b7,A-1e1b80,2023-12-16,,Enterprise,50,9950,119400,False,False,False,False,annual,True,0,Company_416,FinTech,CA,2023-09-12,other,6.0,385.43333333333334,5.0,6.0,6.0,3.2,43.0,0
S-3d46f8,A-3932db,2023-12-10,,Basic,23,437,5244,False,False,False,False,monthly,True,0,Company_144,HealthTech,CA,2023-10-04,other,4.0,90.38333333333334,2.0,4.0,6.0,4.333333333333333,41.0,0
S-bc0806,A-d792a6,2024-07-04,,Enterprise,4,796,9552,False,False,False,False,monthly,True,0,Company_486,DevTools,US,2023-01-23,organic,4.0,354.15,0.0,4.0,5.0,4.0,40.6,0
S-9171f0,A-43a9e3,2024-03-26,,Basic,27,513,6156,False,False,False,False,annual,True,0,Company_1,FinTech,IN,2023-08-17,other,3.0,150.6,0.0,3.0,3.0,4.0,38.0,1
S-38eb77,A-417d2f,2024-02-02,2024-05-03,Enterprise,26,5174,62088,False,True,False,True,monthly,True,1,Company_285,Cybersecurity,IN,2023-07-04,partner,4.0,139.21666666666667,1.0,4.0,6.0,4.333333333333333,43.5,0
S-f3ff06,A-249769,2024-10-18,,Pro,8,392,4704,False,False,False,False,annual,True,0,Company_214,Cybersecurity,US,2024-04-25,event,6.0,239.96666666666667,2.0,6.0,2.0,4.0,39.5,0
S-ecb8d5,A-df1e44,2024-12-17,,Basic,35,665,7980,False,False,False,False,annual,True,0,Company_323,Cybersecurity,UK,2024-02-23,organic,4.0,171.1,1.0,4.0,2.0,5.0,53.0,0
S-1fddda,A-51ec1b,2024-08-05,,Enterprise,18,3582,42984,False,False,False,False,monthly,False,0,Company_247,DevTools,US,2023-11-08,ads,6.0,431.7,0.0,6.0,3.0,5.0,52.333333333333336,0
S-876f0b,A-4c56c9,2024-05-21,,Basic,9,171,2052,False,False,False,False,annual,True,0,Company_449,FinTech,US,2023-12-20,partner,5.0,293.5833333333333,4.0,5.0,5.0,3.75,38.6,0
S-5a5bdb,A-96bbc6,2024-09-08,,Pro,64,3136,37632,False,False,False,False,annual,True,0,Company_342,Cybersecurity,US,2024-05-07,organic,7.0,394.1166666666667,4.0,7.0,3.0,3.3333333333333335,51.333333333333336,0
S-76a214,A-00bed1,2024-05-14,,Enterprise,49,9751,117012,False,False,False,False,annual,True,0,Company_306,Cybersecurity,US,2023-11-14,ads,3.0,164.43333333333334,3.0,3.0,4.0,4.0,31.75,1
S-4a89a7,A-10b8f2,2023-04-19,,Basic,47,893,10716,False,False,False,False,monthly,False,0,Company_151,HealthTech,DE,2023-01-11,organic,3.0,117.6,1.0,3.0,3.0,4.333333333333333,46.333333333333336,1
S-c43a91,A-0e966d,2024-09-06,,Pro,13,637,7644,False,False,False,False,annual,True,0,Company_493,FinTech,IN,2024-06-25,ads,4.0,213.83333333333334,2.0,4.0,3.0,4.5,31.666666666666668,0
S-0a8200,A-5b1bcd,2024-01-20,,Enterprise,73,14527,174324,False,False,False,False,annual,True,0,Company_166,DevTools,US,2023-09-16,organic,8.0,411.8333333333333,4.0,8.0,4.0,4.5,43.25,0
S-ece5a5,A-9ee962,2023-08-27,,Pro,30,1470,17640,False,False,False,False,annual,False,0,Company_59,HealthTech,US,2023-02-28,ads,3.0,134.2,2.0,3.0,3.0,4.0,37.0,1
S-80ed6b,A-b7b7b7,2024-07-29,,Pro,24,1176,14112,False,False,False,False,annual,True,0,Company_338,FinTech,US,2024-06-30,event,5.0,237.78333333333333,0.0,5.0,3.0,5.0,17.0,0
S-19950d,A-f9cc74,2024-10-28,,Pro,30,1470,17640,False,False,False,False,annual,False,0,Company_360,DevTools,FR,2024-10-12,partner,8.0,393.7,6.0,8.0,6.0,4.0,49.833333333333336,0
S-aaf847,A-ffc04f,2024-09-19,,Enterprise,13,2587,31044,False,False,False,False,monthly,False,0,Company_307,EdTech,US,2024-06-06,ads,5.0,181.31666666666666,1.0,5.0,7.0,4.5,17.714285714285715,0
S-5d0f41,A-956988,2024-12-18,,Pro,23,1127,13524,False,False,False,False,monthly,True,0,Company_14,EdTech,UK,2024-11-30,ads,6.0,238.5,2.0,6.0,2.0,3.0,50.5,0
S-d041d2,A-054577,2024-12-01,,Pro,2,0,0,True,False,False,False,monthly,True,0,Company_455,EdTech,UK,2024-04-28,ads,6.0,310.48333333333335,0.0,6.0,1.0,4.0,46.0,0
S-4c6ee1,A-8bde0c,2024-12-23,,Pro,15,735,8820,False,False,False,False,annual,True,0,Company_287,DevTools,US,2024-11-04,organic,4.0,204.65,2.0,4.0,3.0,4.0,25.666666666666668,0
S-991d05,A-cdf020,2024-01-25,,Pro,39,1911,22932,False,False,False,False,annual,False,0,Company_345,DevTools,AU,2023-08-16,organic,6.0,230.9,6.0,6.0,4.0,4.0,29.5,0
S-a3ab14,A-fdfc91,2024-07-31,2024-11-10,Pro,29,1421,17052,False,False,False,True,annual,False,1,Company_414,Cybersecurity,US,2023-05-06,ads,5.0,346.5,2.0,5.0,5.0,3.6666666666666665,28.8,0
S-70c743,A-a2485e,2024-08-17,,Pro,68,3332,39984,False,False,False,False,annual,False,0,Company_467,FinTech,US,2024-08-04,event,4.0,241.4,2.0,4.0,0.0,,,0
S-c52d77,A-6e7827,2023-11-05,,Pro,1,49,588,False,True,False,False,monthly,False,0,Company_372,DevTools,US,2023-03-26,other,4.0,232.88333333333333,3.0,4.0,2.0,3.5,51.0,0
S-5d5250,A-afa505,2024-08-12,,Pro,70,3430,41160,False,False,True,False,monthly,True,0,Company_157,DevTools,US,2023-12-27,partner,4.0,231.53333333333333,7.0,4.0,4.0,3.0,37.25,0
S-5f40a3,A-6da850,2024-12-28,,Basic,5,0,0,True,False,False,False,monthly,False,0,Company_293,FinTech,IN,2023-10-07,organic,4.0,156.23333333333332,7.0,4.0,5.0,4.0,49.0,0
S-b23d8d,A-2d1036,2024-11-21,,Basic,69,1311,15732,False,False,False,False,annual,True,0,Company_399,FinTech,US,2024-06-14,ads,6.0,225.3,2.0,6.0,5.0,4.6,37.8,0
S-87db32,A-526d93,2024-04-24,,Enterprise,49,9751,117012,False,False,False,False,monthly,False,0,Company_66,HealthTech,FR,2024-04-14,organic,2.0,22.283333333333335,1.0,2.0,5.0,3.5,51.4,1
S-38dcab,A-ad3abd,2024-03-25,2024-09-11,Basic,44,836,10032,False,False,False,True,annual,True,1,Company_410,FinTech,US,2023-03-03,event,6.0,451.05,0.0,6.0,3.0,3.0,13.0,0
S-aa7247,A-c7ffc2,2024-08-15,,Basic,30,570,6840,False,False,False,False,monthly,True,0,Company_392,Cybersecurity,US,2023-01-27,partner,5.0,242.41666666666666,4.0,5.0,2.0,3.0,64.0,0
S-58ccb4,A-bb1486,2024-11-18,,Pro,41,2009,24108,False,False,True,False,monthly,True,0,Company_265,HealthTech,US,2024-11-05,organic,9.0,551.05,14.0,9.0,3.0,3.0,11.0,0
S-3b5458,A-98a59a,2024-09-12,,Enterprise,56,11144,133728,False,False,False,False,monthly,True,0,Company_80,FinTech,UK,2023-08-04,partner,6.0,199.2,0.0,6.0,3.0,4.5,37.333333333333336,0
S-a9b8a2,A-b78bf8,2024-11-25,,Pro,33,1617,19404,False,False,False,False,annual,True,0,Company_148,DevTools,US,2024-11-15,event,9.0,399.75,1.0,9.0,5.0,4.2,24.2,0
S-41cf50,A-fa2041,2024-07-23,,Enterprise,15,2985,35820,False,False,False,False,monthly,False,0,Company_211,HealthTech,US,2024-05-29,organic,4.0,181.65,0.0,4.0,1.0,3.0,16.0,0
S-48d2b5,A-9c18c4,2023-08-09,2024-10-14,Basic,12,228,2736,False,False,False,True,monthly,True,1,Company_481,HealthTech,US,2023-07-27,ads,8.0,317.46666666666664,4.0,8.0,4.0,4.0,42.25,0
S-be655e,A-7f29a7,2024-11-24,,Basic,41,779,9348,False,False,False,False,annual,True,0,Company_386,Cybersecurity,UK,2024-09-18,event,7.0,383.25,7.0,7.0,1.0,4.0,24.0,0
S-8985d3,A-016043,2024-12-02,,Basic,26,494,5928,False,False,False,False,monthly,False,0,Company_405,EdTech,CA,2024-07-31,organic,5.0,224.98333333333332,5.0,5.0,3.0,4.0,30.333333333333332,0
S-9bf1a0,A-3932db,2024-03-06,,Basic,41,779,9348,False,False,False,False,monthly,True,0,Company_144,HealthTech,CA,2023-10-04,other,4.0,314.05,5.0,4.0,6.0,4.333333333333333,41.0,0
S-4571b1,A-df1e44,2024-06-28,,Basic,12,228,2736,False,False,False,False,annual,False,0,Company_323,Cybersecurity,UK,2024-02-23,organic,0.0,0.0,0.0,0.0,2.0,5.0,53.0,1
S-1b4be3,A-b44e3e,2024-04-15,,Pro,40,1960,23520,False,True,False,False,annual,True,0,Company_383,Cybersecurity,UK,2024-02-12,ads,4.0,273.9166666666667,0.0,4.0,3.0,4.333333333333333,40.0,0
S-ab37ae,A-f92792,2024-09-11,,Basic,6,0,0,True,False,False,False,monthly,True,0,Company_67,FinTech,US,2024-07-04,ads,6.0,291.48333333333335,5.0,6.0,2.0,4.0,45.0,0
S-c23126,A-a45270,2024-10-31,,Enterprise,11,2189,26268,False,False,False,False,annual,False,0,Company_37,HealthTech,US,2024-06-24,ads,6.0,286.45,8.0,5.0,4.0,4.0,64.0,0
S-150930,A-592832,2024-09-26,,Enterprise,42,8358,100296,False,False,False,False,monthly,False,0,Company_10,Cybersecurity,US,2024-09-25,organic,8.0,390.9,2.0,8.0,3.0,5.0,32.666666666666664,0
S-7dcec3,A-c37601,2024-12-17,2024-12-29,Enterprise,15,2985,35820,False,False,False,True,annual,True,1,Company_48,EdTech,US,2024-10-31,partner,0.0,0.0,0.0,0.0,4.0,3.6666666666666665,42.25,1
S-88338a,A-503d5a,2024-12-19,,Enterprise,56,11144,133728,False,False,False,False,annual,False,0,Company_99,FinTech,US,2023-10-21,other,1.0,77.55,0.0,1.0,9.0,4.0,36.55555555555556,1
S-869430,A-9affe6,2024-02-16,,Pro,29,1421,17052,False,False,False,False,monthly,True,0,Company_401,Cybersecurity,US,2023-03-22,other,2.0,42.6,0.0,2.0,3.0,3.0,58.0,1
S-5e6790,A-ba6516,2024-03-17,,Pro,27,1323,15876,False,False,False,False,monthly,False,0,Company_154,FinTech,US,2023-10-29,ads,3.0,170.85,7.0,3.0,6.0,4.0,31.5,1
S-55ef07,A-94f8c9,2024-08-11,,Enterprise,13,2587,31044,False,False,False,False,annual,True,0,Company_51,HealthTech,US,2024-03-29,other,10.0,643.85,7.0,10.0,3.0,5.0,47.333333333333336,0
S-8cc2e2,A-4437e4,2024-02-12,,Pro,27,1323,15876,False,False,False,False,monthly,True,0,Company_192,Cybersecurity,US,2023-09-16,event,5.0,233.33333333333334,0.0,5.0,6.0,3.0,34.666666666666664,0
S-f71bb0,A-e51ec7,2024-04-18,,Enterprise,2,398,4776,False,True,False,False,annual,False,0,Company_113,FinTech,CA,2023-09-23,partner,6.0,465.21666666666664,0.0,6.0,3.0,5.0,37.0,0
S-cb7ea9,A-51ec1b,2024-04-01,,Enterprise,7,1393,16716,False,True,True,False,monthly,True,0,Company_247,DevTools,US,2023-11-08,ads,3.0,248.23333333333332,1.0,3.0,3.0,5.0,52.333333333333336,1
S-9c06f8,A-692f18,2024-04-05,,Pro,19,931,11172,False,False,False,False,annual,True,0,Company_195,EdTech,US,2024-03-28,other,6.0,327.71666666666664,6.0,6.0,2.0,5.0,37.5,0
S-637b20,A-ac9111,2024-02-18,,Enterprise,56,0,0,True,False,False,False,monthly,True,0,Company_487,HealthTech,US,2023-08-12,event,3.0,119.48333333333333,1.0,3.0,3.0,5.0,24.666666666666668,1
S-0b46b0,A-de24d5,2024-11-19,,Enterprise,7,1393,16716,False,False,False,False,monthly,True,0,Company_231,DevTools,US,2024-11-05,other,5.0,220.15,2.0,5.0,7.0,3.0,43.142857142857146,0
S-071ade,A-aa9511,2024-11-07,,Basic,23,437,5244,False,False,True,False,annual,True,0,Company_203,DevTools,US,2023-10-10,other,3.0,144.7,1.0,3.0,2.0,4.0,56.5,1
S-08a5fd,A-b9eed8,2024-10-24,,Enterprise,34,6766,81192,False,False,False,False,monthly,True,0,Company_189,Cybersecurity,US,2024-02-23,organic,4.0,128.83333333333334,5.0,4.0,5.0,3.75,29.2,0
S-acf8ce,A-78f02b,2024-12-06,,Pro,179,8771,105252,False,False,False,False,monthly,False,0,Company_329,HealthTech,US,2024-11-17,event,6.0,393.25,5.0,6.0,4.0,4.0,45.75,0
S-104941,A-fdfc91,2023-07-30,,Basic,29,551,6612,False,True,False,False,monthly,True,0,Company_414,Cybersecurity,US,2023-05-06,ads,3.0,151.65,6.0,3.0,5.0,3.6666666666666665,28.8,1
S-a91e0c,A-22f2df,2024-12-29,,Enterprise,5,995,11940,False,False,True,False,monthly,True,0,Company_106,DevTools,US,2024-12-14,ads,3.0,108.13333333333334,1.0,3.0,5.0,5.0,44.8,1
S-115423,A-7f8241,2023-08-05,,Pro,34,1666,19992,False,False,False,False,annual,True,0,Company_42,EdTech,US,2023-03-14,organic,3.0,208.21666666666667,2.0,3.0,1.0,3.0,36.0,1
S-6ef81d,A-0b0d6d,2024-12-30,2024-12-31,Basic,25,475,5700,False,False,False,True,annual,True,1,Company_267,DevTools,US,2024-12-30,organic,4.0,47.15,4.0,4.0,5.0,4.0,31.4,0
S-fe25ff,A-410e86,2024-11-29,,Enterprise,24,4776,57312,False,False,False,False,annual,True,0,Company_210,FinTech,US,2024-11-10,organic,5.0,238.7,3.0,5.0,5.0,3.5,42.6,0
S-c3d2f9,A-1d5444,2024-04-04,,Basic,24,456,5472,False,False,False,False,annual,True,0,Company_427,Cybersecurity,US,2024-01-18,partner,8.0,469.3833333333333,4.0,8.0,2.0,4.0,30.0,0
S-decbf7,A-a33200,2024-11-26,,Enterprise,29,5771,69252,False,False,False,False,annual,False,0,Company_352,HealthTech,US,2024-09-15,partner,2.0,71.56666666666666,0.0,2.0,3.0,4.5,36.333333333333336,1
S-ae4310,A-5790f4,2024-12-22,,Pro,20,0,0,True,False,False,False,monthly,True,0,Company_446,FinTech,UK,2024-12-22,event,7.0,270.1333333333333,4.0,7.0,4.0,4.0,44.0,0
S-9e8ce0,A-7f29a7,2024-11-28,,Pro,41,2009,24108,False,False,False,False,annual,True,0,Company_386,Cybersecurity,UK,2024-09-18,event,3.0,152.38333333333333,0.0,3.0,1.0,4.0,24.0,1
S-6d51c5,A-2f6a32,2024-10-25,,Pro,23,1127,13524,False,False,False,False,annual,True,0,Company_160,HealthTech,US,2024-08-26,organic,6.0,356.03333333333336,3.0,6.0,2.0,3.5,41.0,0
S-c0127d,A-5c9849,2024-12-03,,Enterprise,19,0,0,True,False,False,False,monthly,True,0,Company_362,EdTech,IN,2024-11-03,partner,5.0,183.48333333333332,0.0,5.0,4.0,,59.5,0
S-9b08ae,A-ccabf0,2023-12-29,,Pro,21,1029,12348,False,False,False,False,monthly,True,0,Company_471,HealthTech,IN,2023-11-06,organic,8.0,349.68333333333334,7.0,8.0,4.0,3.6666666666666665,46.25,0
S-26836c,A-4437e4,2023-11-20,,Basic,9,0,0,True,False,False,False,monthly,True,0,Company_192,Cybersecurity,US,2023-09-16,event,6.0,310.23333333333335,0.0,6.0,6.0,3.0,34.666666666666664,0
S-a603dd,A-560d27,2024-11-12,,Basic,23,437,5244,False,False,False,False,monthly,True,0,Company_266,DevTools,US,2024-05-05,organic,8.0,431.45,4.0,8.0,4.0,3.6666666666666665,30.75,0
S-94b283,A-186a44,2024-10-28,,Basic,20,0,0,True,False,False,False,monthly,True,0,Company_101,HealthTech,US,2023-08-07,ads,7.0,481.98333333333335,7.0,7.0,7.0,3.5,38.285714285714285,0
S-f7b517,A-427b69,2024-12-09,,Pro,17,0,0,True,False,False,False,monthly,True,0,Company_453,FinTech,US,2024-08-23,other,6.0,381.3666666666667,0.0,6.0,2.0,3.0,31.5,0
S-09c1df,A-b7724f,2024-09-15,2024-10-02,Pro,1,49,588,False,False,False,True,annual,True,1,Company_320,HealthTech,UK,2023-03-28,organic,8.0,207.76666666666668,4.0,8.0,3.0,3.0,28.666666666666668,0
S-50aaaa,A-af0cd2,2023-01-12,,Pro,19,931,11172,False,False,False,False,monthly,True,0,Company_204,Cybersecurity,IN,2023-01-03,other,6.0,191.53333333333333,3.0,6.0,3.0,,54.333333333333336,0
S-fbee8e,A-8ed5dd,2024-04-25,,Enterprise,5,995,11940,False,True,False,False,annual,True,0,Company_222,EdTech,UK,2023-06-29,event,7.0,352.71666666666664,8.0,7.0,6.0,3.75,29.0,0
S-7e145e,A-0b0d6d,2024-12-31,,Enterprise,52,10348,124176,False,False,False,False,annual,True,0,Company_267,DevTools,US,2024-12-30,organic,4.0,128.2,0.0,4.0,5.0,4.0,31.4,0
S-0e12c9,A-bcf87c,2024-12-10,,Basic,51,0,0,True,False,False,False,monthly,True,0,Company_288,FinTech,US,2024-06-27,event,4.0,216.73333333333332,1.0,4.0,2.0,4.0,63.0,0
S-4f3461,A-b78bf8,2024-12-18,,Enterprise,33,0,0,True,False,False,False,monthly,True,0,Company_148,DevTools,US,2024-11-15,event,2.0,132.8,1.0,2.0,5.0,4.2,24.2,1
S-56886a,A-e19ff6,2024-08-11,,Enterprise,3,0,0,True,False,False,False,annual,False,0,Company_411,Cybersecurity,UK,2023-07-28,partner,4.0,208.66666666666666,1.0,4.0,3.0,4.666666666666667,30.666666666666668,0
S-fd0d21,A-2446e3,2024-09-02,,Basic,27,0,0,True,False,False,False,annual,False,0,Company_241,EdTech,IN,2024-01-10,organic,6.0,425.6,3.0,6.0,3.0,4.0,28.666666666666668,0
S-f0081e,A-b7ef83,2024-12-06,2024-12-10,Enterprise,45,8955,107460,False,False,False,True,monthly,True,1,Company_474,Cybersecurity,UK,2024-05-29,partner,4.0,137.76666666666668,3.0,4.0,2.0,4.0,47.5,0
S-cf30e2,A-2789e3,2024-12-14,,Pro,11,0,0,True,False,False,False,monthly,True,0,Company_268,FinTech,US,2024-09-14,partner,5.0,217.98333333333332,0.0,5.0,4.0,4.0,47.25,0
S-3c9178,A-17939a,2024-12-29,,Basic,11,209,2508,False,False,False,False,monthly,False,0,Company_162,HealthTech,US,2024-12-26,organic,5.0,177.46666666666667,5.0,5.0,7.0,4.5,38.0,0
S-86a4e3,A-e693b6,2023-08-01,,Basic,55,1045,12540,False,False,False,False,annual,True,0,Company_240,FinTech,AU,2023-05-25,event,4.0,175.55,0.0,4.0,1.0,3.0,1.0,0
S-27514e,A-3f9cc0,2024-07-21,,Basic,22,418,5016,False,False,True,False,monthly,True,0,Company_359,HealthTech,US,2024-06-03,event,1.0,2.6,2.0,1.0,5.0,4.5,34.8,1
S-aea1bf,A-d49cc5,2024-05-10,,Pro,50,2450,29400,False,False,False,False,monthly,True,0,Company_275,Cybersecurity,FR,2023-09-19,event,8.0,583.1333333333333,10.0,8.0,4.0,4.5,32.0,0
S-41128b,A-45ce7a,2024-11-13,,Enterprise,16,3184,38208,False,False,False,False,monthly,True,0,Company_31,FinTech,US,2023-07-23,ads,5.0,315.96666666666664,2.0,5.0,5.0,3.6666666666666665,45.4,0
S-a80c62,A-bad8c1,2024-02-22,,Enterprise,12,2388,28656,False,True,False,False,monthly,True,0,Company_34,FinTech,AU,2023-03-01,organic,3.0,161.85,2.0,3.0,1.0,4.0,27.0,1
S-d7497b,A-39b19f,2024-11-07,,Basic,13,247,2964,False,False,False,False,monthly,True,0,Company_176,FinTech,US,2023-02-03,partner,2.0,91.25,5.0,2.0,6.0,4.25,47.833333333333336,1
S-0e7e70,A-50f3f7,2024-05-15,,Pro,31,1519,18228,False,False,False,False,annual,True,0,Company_140,HealthTech,US,2023-12-22,partner,2.0,46.0,0.0,2.0,6.0,5.0,37.833333333333336,1
S-2f0815,A-22d9d2,2024-10-14,,Pro,8,392,4704,False,False,False,False,monthly,True,0,Company_188,DevTools,FR,2024-03-22,event,3.0,62.93333333333333,3.0,3.0,6.0,4.0,16.0,1
S-06770c,A-1b7577,2024-11-15,,Basic,81,1539,18468,False,False,False,False,monthly,True,0,Company_39,Cybersecurity,US,2024-10-27,other,5.0,309.65,6.0,5.0,5.0,4.0,27.2,0
S-a525b3,A-df10db,2023-12-05,,Pro,7,343,4116,False,True,False,False,monthly,False,0,Company_143,DevTools,US,2023-06-06,other,6.0,462.8,0.0,6.0,2.0,3.0,68.5,0
S-f030d4,A-7e0a10,2024-12-30,,Enterprise,70,13930,167160,False,False,False,False,annual,True,0,Company_64,FinTech,US,2023-11-18,ads,9.0,603.7166666666667,3.0,9.0,5.0,4.0,39.4,0
S-b83d8d,A-86902e,2024-12-11,,Enterprise,34,6766,81192,False,False,False,False,annual,True,0,Company_169,HealthTech,IN,2023-05-02,other,5.0,158.06666666666666,9.0,5.0,9.0,3.5,40.888888888888886,0
S-e78c09,A-b9f5b1,2024-10-15,,Enterprise,15,2985,35820,False,False,False,False,annual,True,0,Company_494,Cybersecurity,US,2023-01-24,other,1.0,50.8,2.0,1.0,6.0,3.3333333333333335,31.833333333333332,1
S-19465f,A-039727,2024-11-12,,Basic,25,475,5700,False,False,False,False,monthly,True,0,Company_107,EdTech,AU,2024-11-02,organic,5.0,258.01666666666665,2.0,5.0,0.0,,,0
S-b45bc6,A-425e76,2023-08-18,2023-11-01,Enterprise,32,6368,76416,False,False,False,True,monthly,True,1,Company_110,DevTools,UK,2023-05-17,other,7.0,308.43333333333334,3.0,7.0,5.0,3.3333333333333335,48.2,0
S-35ff7e,A-271f46,2024-06-09,,Basic,38,722,8664,False,False,False,False,annual,True,0,Company_84,DevTools,US,2023-02-09,event,3.0,160.2,4.0,3.0,1.0,,36.0,1
S-f932c0,A-1b7577,2024-11-02,,Basic,14,0,0,True,False,False,False,annual,True,0,Company_39,Cybersecurity,US,2024-10-27,other,4.0,167.58333333333334,1.0,4.0,5.0,4.0,27.2,0
S-c58b17,A-e1462e,2024-07-07,,Pro,46,2254,27048,False,False,False,False,annual,True,0,Company_217,FinTech,UK,2023-03-12,partner,4.0,246.3,3.0,4.0,2.0,3.5,39.5,0
S-b32a70,A-3ce5b8,2024-09-30,,Basic,8,152,1824,False,False,False,False,monthly,True,0,Company_256,FinTech,IN,2023-09-07,ads,7.0,313.06666666666666,7.0,7.0,10.0,3.7142857142857144,42.5,0
S-e3dff3,A-e98302,2024-07-14,,Pro,23,1127,13524,False,False,False,False,annual,True,0,Company_286,EdTech,US,2023-12-26,ads,7.0,443.1666666666667,2.0,7.0,9.0,4.142857142857143,44.44444444444444,0
S-2b2fa8,A-ed510f,2024-05-16,,Pro,42,2058,24696,False,True,False,False,annual,True,0,Company_361,Cybersecurity,IN,2023-01-17,partner,8.0,482.45,4.0,8.0,9.0,4.0,44.55555555555556,0
S-6b3ac8,A-7641d3,2024-08-03,,Pro,61,2989,35868,False,False,True,False,monthly,True,0,Company_429,EdTech,US,2023-02-16,partner,1.0,33.6,2.0,1.0,5.0,4.333333333333333,45.2,1
S-e964b6,A-bcbe98,2024-12-30,,Basic,46,874,10488,False,False,False,False,monthly,True,0,Company_452,Cybersecurity,US,2024-07-29,other,5.0,285.3833333333333,2.0,5.0,7.0,4.0,38.285714285714285,0
S-6c1ca6,A-e1b9cd,2024-12-05,,Pro,40,1960,23520,False,False,False,False,monthly,False,0,Company_484,DevTools,US,2023-02-26,event,6.0,188.08333333333334,1.0,6.0,1.0,3.0,35.0,0
S-ce887e,A-cd458b,2024-10-04,,Enterprise,10,1990,23880,False,False,False,False,annual,True,0,Company_430,DevTools,US,2024-06-15,other,4.0,182.28333333333333,3.0,4.0,5.0,4.6,38.4,0
S-95c2e3,A-86cdb4,2024-12-19,,Pro,8,392,4704,False,False,False,False,monthly,True,0,Company_250,DevTools,DE,2024-09-22,partner,7.0,490.3,4.0,7.0,5.0,4.333333333333333,26.4,0
S-f55146,A-417d2f,2024-09-21,,Enterprise,14,0,0,True,False,False,False,annual,True,0,Company_285,Cybersecurity,IN,2023-07-04,partner,4.0,183.66666666666666,4.0,4.0,6.0,4.333333333333333,43.5,0
S-04ec2f,A-faa28c,2024-02-11,,Pro,48,2352,28224,False,False,False,False,annual,True,0,Company_91,HealthTech,US,2024-01-30,organic,3.0,160.98333333333332,3.0,3.0,4.0,4.666666666666667,52.25,1
S-89a8a2,A-72799b,2024-10-21,,Pro,61,2989,35868,False,False,False,False,annual,True,0,Company_394,DevTools,FR,2023-11-13,event,4.0,224.26666666666668,4.0,4.0,2.0,4.5,33.5,0
S-ac8fd3,A-484819,2024-11-13,,Enterprise,18,3582,42984,False,True,False,False,monthly,True,0,Company_109,HealthTech,US,2023-02-21,organic,4.0,232.31666666666666,3.0,4.0,5.0,4.5,33.2,0
S-70addb,A-692f18,2024-10-05,,Basic,10,190,2280,False,False,False,False,monthly,False,0,Company_195,EdTech,US,2024-03-28,other,2.0,119.86666666666666,2.0,2.0,2.0,5.0,37.5,1
S-1261fb,A-fd7ad3,2024-11-29,,Pro,1,49,588,False,False,False,False,monthly,False,0,Company_100,Cybersecurity,US,2024-11-01,event,8.0,279.48333333333335,1.0,8.0,8.0,4.166666666666667,48.75,0
S-561d54,A-0a282f,2024-11-10,,Pro,1,49,588,False,False,False,False,annual,True,0,Company_2,DevTools,US,2024-08-27,organic,9.0,544.3666666666667,6.0,9.0,3.0,4.666666666666667,43.666666666666664,0
S-f6f848,A-c37601,2024-12-28,,Pro,6,294,3528,False,False,False,False,annual,True,0,Company_48,EdTech,US,2024-10-31,partner,2.0,124.05,2.0,2.0,4.0,3.6666666666666665,42.25,1
S-c021c2,A-bd4708,2024-07-24,,Enterprise,37,7363,88356,False,False,False,False,annual,True,0,Company_257,FinTech,US,2024-07-21,ads,4.0,238.2,1.0,4.0,4.0,3.5,24.0,0
S-b91501,A-ce66f8,2024-07-19,,Pro,29,1421,17052,False,False,False,False,annual,True,0,Company_17,EdTech,CA,2023-08-23,event,7.0,306.7,0.0,7.0,6.0,3.5,41.666666666666664,0
S-d507da,A-aa9511,2023-11-01,,Enterprise,23,4577,54924,False,False,False,False,annual,True,0,Company_203,DevTools,US,2023-10-10,other,5.0,223.46666666666667,3.0,5.0,2.0,4.0,56.5,0
S-6bf118,A-50f3f7,2024-11-06,,Basic,117,2223,26676,False,False,False,False,monthly,True,0,Company_140,HealthTech,US,2023-12-22,partner,1.0,38.1,0.0,1.0,6.0,5.0,37.833333333333336,1
S-f2f40c,A-7f4db3,2024-06-29,,Enterprise,45,8955,107460,False,False,False,False,annual,True,0,Company_441,FinTech,US,2023-03-05,other,3.0,128.75,2.0,3.0,5.0,3.25,16.6,1
S-a9bfe0,A-4bfa33,2024-12-12,2024-12-29,Pro,9,441,5292,False,False,False,True,monthly,False,1,Company_251,Cybersecurity,US,2024-12-07,event,7.0,245.51666666666668,3.0,7.0,4.0,3.6666666666666665,16.5,0
S-96bb5c,A-832ec2,2024-05-26,,Basic,12,228,2736,False,True,False,False,monthly,False,0,Company_19,FinTech,UK,2023-11-19,event,5.0,164.75,1.0,5.0,3.0,4.0,26.0,0
S-fd12a3,A-ed510f,2023-07-17,2023-10-09,Basic,42,798,9576,False,False,False,True,annual,False,1,Company_361,Cybersecurity,IN,2023-01-17,partner,2.0,122.2,0.0,2.0,9.0,4.0,44.55555555555556,1
S-7e5af5,A-1d5444,2024-03-19,,Basic,24,456,5472,False,False,False,False,annual,True,0,Company_427,Cybersecurity,US,2024-01-18,partner,6.0,312.68333333333334,0.0,6.0,2.0,4.0,30.0,0
S-3a5c75,A-a8d89d,2024-12-05,,Basic,17,323,3876,False,False,False,False,annual,True,0,Company_326,EdTech,US,2023-12-08,ads,1.0,72.58333333333333,0.0,1.0,2.0,5.0,44.5,1
S-211bc2,A-3b5cd1,2024-11-24,,Enterprise,13,2587,31044,False,False,False,False,annual,False,0,Company_49,FinTech,US,2023-09-12,event,2.0,102.3,1.0,2.0,5.0,4.0,27.4,1
S-1f5faf,A-34ea2f,2024-10-03,2024-12-20,Enterprise,8,0,0,True,False,False,True,monthly,False,1,Company_436,HealthTech,US,2024-08-15,organic,7.0,420.51666666666665,3.0,7.0,8.0,3.8,35.25,0
S-54b286,A-0532a9,2024-12-20,,Pro,26,1274,15288,False,True,False,False,monthly,False,0,Company_170,FinTech,IN,2024-09-25,event,4.0,47.483333333333334,0.0,4.0,8.0,3.0,30.75,0
S-8cfc1b,A-798a3f,2024-08-14,,Enterprise,26,5174,62088,False,False,False,False,annual,True,0,Company_463,DevTools,FR,2023-10-19,other,5.0,273.78333333333336,1.0,5.0,5.0,4.0,33.0,0
S-3c3a3e,A-0baac2,2024-06-02,2024-09-13,Enterprise,29,5771,69252,False,False,False,True,annual,True,1,Company_264,FinTech,DE,2024-05-30,organic,3.0,69.06666666666666,2.0,3.0,6.0,4.333333333333333,43.5,1
S-d735d1,A-0f3e88,2023-09-23,,Basic,24,456,5472,False,False,False,False,monthly,True,0,Company_428,HealthTech,US,2023-07-23,other,5.0,337.25,1.0,5.0,3.0,4.5,48.0,0
S-87b9f7,A-39868b,2024-11-28,,Basic,17,0,0,True,False,False,False,annual,False,0,Company_422,FinTech,AU,2024-03-17,partner,6.0,582.3333333333334,0.0,6.0,6.0,4.25,39.0,0
S-bfc2c2,A-7f8241,2023-09-06,,Pro,34,1666,19992,False,False,False,False,monthly,True,0,Company_42,EdTech,US,2023-03-14,organic,8.0,341.6666666666667,2.0,8.0,1.0,3.0,36.0,0
S-d19da0,A-7da956,2024-11-04,,Basic,13,247,2964,False,False,False,False,annual,True,0,Company_141,Cybersecurity,US,2024-06-02,event,3.0,141.81666666666666,0.0,3.0,3.0,5.0,32.666666666666664,1
S-683e1e,A-91e948,2024-11-09,,Enterprise,41,8159,97908,False,False,False,False,monthly,True,0,Company_88,EdTech,AU,2023-01-29,partner,2.0,80.35,1.0,2.0,0.0,,,0
S-b38152,A-f97b9a,2024-04-14,,Enterprise,30,5970,71640,False,False,False,False,annual,True,0,Company_159,FinTech,US,2023-07-09,event,4.0,176.05,1.0,4.0,7.0,3.6666666666666665,31.714285714285715,0
S-5f4cc6,A-378b99,2024-10-14,,Pro,16,0,0,True,False,False,False,monthly,True,0,Company_60,EdTech,UK,2024-09-01,ads,6.0,314.93333333333334,8.0,6.0,6.0,4.5,28.5,0
S-0fa88d,A-54ecc2,2024-09-27,,Basic,6,114,1368,False,False,False,False,monthly,True,0,Company_289,Cybersecurity,US,2023-06-11,partner,4.0,194.13333333333333,3.0,4.0,5.0,5.0,37.4,0
S-0d4d11,A-d77f4c,2023-11-10,,Basic,41,0,0,True,False,True,False,monthly,True,0,Company_470,DevTools,US,2023-09-25,partner,8.0,232.55,9.0,8.0,2.0,4.0,31.0,0
S-21393c,A-65a46c,2024-04-14,,Enterprise,9,1791,21492,False,True,False,False,monthly,True,0,Company_95,HealthTech,US,2023-11-04,event,8.0,314.6333333333333,4.0,8.0,8.0,4.0,45.125,0
S-cdde2b,A-c7ffc2,2023-07-19,,Basic,30,570,6840,False,True,False,False,monthly,False,0,Company_392,Cybersecurity,US,2023-01-27,partner,3.0,166.43333333333334,0.0,3.0,2.0,3.0,64.0,1
S-965b1c,A-a8d89d,2024-06-16,,Pro,14,686,8232,False,False,False,False,monthly,True,0,Company_326,EdTech,US,2023-12-08,ads,3.0,132.23333333333332,3.0,3.0,2.0,5.0,44.5,1
S-b4dd00,A-4c56c9,2024-12-24,,Basic,52,988,11856,False,False,False,False,annual,True,0,Company_449,FinTech,US,2023-12-20,partner,5.0,320.26666666666665,2.0,5.0,5.0,3.75,38.6,0
S-c284ce,A-0f3e88,2024-02-03,,Enterprise,11,2189,26268,False,False,False,False,monthly,True,0,Company_428,HealthTech,US,2023-07-23,other,5.0,150.11666666666667,0.0,5.0,3.0,4.5,48.0,0
S-4d260c,A-d5a319,2023-06-27,,Pro,15,0,0,True,False,False,False,annual,True,0,Company_158,FinTech,US,2023-05-04,other,6.0,315.4,12.0,6.0,1.0,4.0,17.0,0
S-d9821f,A-faa28c,2024-06-20,,Basic,48,912,10944,False,False,False,False,annual,True,0,Company_91,HealthTech,US,2024-01-30,organic,4.0,288.03333333333336,3.0,4.0,4.0,4.666666666666667,52.25,0
S-dd8371,A-fa2041,2024-07-25,,Basic,15,285,3420,False,False,False,False,annual,True,0,Company_211,HealthTech,US,2024-05-29,organic,8.0,278.3,3.0,7.0,1.0,3.0,16.0,0
S-7ab68f,A-bcbe98,2024-09-18,,Basic,46,0,0,True,False,False,False,annual,True,0,Company_452,Cybersecurity,US,2024-07-29,other,7.0,314.45,2.0,7.0,7.0,4.0,38.285714285714285,0
S-c619d6,A-ae052e,2024-09-02,,Pro,39,1911,22932,False,False,False,False,annual,True,0,Company_132,FinTech,CA,2023-09-11,other,4.0,201.15,1.0,4.0,4.0,4.0,31.25,0
S-4e00a0,A-eb7c38,2024-11-01,,Pro,14,686,8232,False,False,False,False,annual,True,0,Company_47,DevTools,AU,2024-02-25,organic,8.0,567.05,2.0,8.0,5.0,4.333333333333333,22.4,0
S-a0af0a,A-e60f9d,2024-12-19,,Enterprise,29,5771,69252,False,False,False,False,monthly,True,0,Company_178,FinTech,US,2024-08-26,other,3.0,163.48333333333332,3.0,3.0,2.0,,70.5,1
S-a67e83,A-c4ea60,2024-10-28,,Pro,18,882,10584,False,False,False,False,monthly,True,0,Company_18,FinTech,DE,2023-03-09,other,6.0,292.1,2.0,6.0,5.0,3.6,36.0,0
S-9c735f,A-d49cc5,2024-07-06,,Basic,50,950,11400,False,False,False,False,annual,True,0,Company_275,Cybersecurity,FR,2023-09-19,event,3.0,210.13333333333333,4.0,3.0,4.0,4.5,32.0,1
S-4970c1,A-56962b,2024-09-03,,Basic,163,3097,37164,False,False,False,False,annual,True,0,Company_177,EdTech,UK,2024-04-09,partner,3.0,173.31666666666666,0.0,3.0,4.0,3.0,37.5,1
S-a46dd4,A-5a215a,2024-09-18,,Enterprise,87,17313,207756,False,False,False,False,annual,True,0,Company_358,EdTech,FR,2024-01-05,other,4.0,301.46666666666664,3.0,4.0,4.0,4.0,29.5,0
S-96ead2,A-6a4e2d,2024-09-13,,Basic,26,494,5928,False,False,False,False,annual,True,0,Company_46,EdTech,UK,2023-04-07,partner,6.0,291.93333333333334,2.0,6.0,2.0,4.5,18.5,0
S-4d8633,A-e83938,2024-07-17,,Pro,31,1519,18228,False,False,False,False,monthly,True,0,Company_111,DevTools,UK,2023-11-21,other,2.0,113.05,4.0,2.0,4.0,3.0,31.0,1
S-788739,A-700ade,2024-11-07,,Enterprise,13,2587,31044,False,False,False,False,monthly,True,0,Company_472,Cybersecurity,UK,2024-10-31,organic,5.0,267.8,4.0,5.0,4.0,4.666666666666667,30.25,0
S-0380a3,A-922109,2024-04-06,,Pro,3,147,1764,False,False,False,False,annual,True,0,Company_243,Cybersecurity,US,2024-01-26,ads,4.0,168.81666666666666,2.0,4.0,3.0,3.0,25.333333333333332,0
S-e8eb5c,A-dfbd31,2024-09-17,,Pro,43,2107,25284,False,True,False,False,monthly,True,0,Company_190,DevTools,UK,2023-12-04,partner,3.0,184.11666666666667,2.0,3.0,6.0,4.25,29.666666666666668,1
S-cb100e,A-ff79f2,2024-10-21,,Basic,53,1007,12084,False,True,False,False,annual,True,0,Company_165,DevTools,US,2024-04-25,ads,3.0,126.45,1.0,3.0,2.0,,50.0,1
S-c26c22,A-dec005,2023-10-17,,Basic,21,0,0,True,False,False,False,annual,False,0,Company_445,HealthTech,US,2023-10-13,partner,6.0,280.01666666666665,9.0,6.0,2.0,3.0,59.0,0
S-1cf9b0,A-922109,2024-07-15,2024-12-27,Pro,9,441,5292,False,False,False,True,monthly,False,1,Company_243,Cybersecurity,US,2024-01-26,ads,9.0,629.9666666666667,2.0,9.0,3.0,3.0,25.333333333333332,0
S-26bf58,A-65a46c,2024-05-05,,Pro,37,1813,21756,False,False,False,False,monthly,True,0,Company_95,HealthTech,US,2023-11-04,event,3.0,185.05,2.0,3.0,8.0,4.0,45.125,1
S-106bf6,A-09540c,2024-08-04,,Basic,67,1273,15276,False,False,False,False,monthly,True,0,Company_239,Cybersecurity,CA,2023-10-30,event,5.0,264.28333333333336,5.0,5.0,2.0,4.5,28.0,0
S-511e50,A-3c1a3f,2024-10-13,,Enterprise,1,199,2388,False,False,False,False,annual,True,0,Company_224,DevTools,UK,2023-08-26,event,6.0,276.45,0.0,6.0,4.0,3.5,33.25,0
S-69b070,A-a6d261,2024-09-18,,Enterprise,27,5373,64476,False,True,False,False,annual,True,0,Company_303,FinTech,CA,2023-11-29,other,11.0,459.5,6.0,11.0,4.0,4.666666666666667,40.0,0
S-648397,A-5fe118,2024-12-02,,Pro,123,6027,72324,False,False,False,False,monthly,True,0,Company_374,Cybersecurity,US,2024-11-07,other,4.0,170.16666666666666,0.0,4.0,1.0,4.0,19.0,0
S-3ceff3,A-029f69,2024-09-14,,Enterprise,15,2985,35820,False,False,False,False,annual,True,0,Company_129,Cybersecurity,CA,2024-03-07,event,9.0,470.68333333333334,10.0,9.0,2.0,3.0,42.0,0
S-3d8c2f,A-51ec1b,2024-10-20,2024-11-27,Pro,23,1127,13524,False,True,True,True,monthly,True,1,Company_247,DevTools,US,2023-11-08,ads,3.0,76.73333333333333,1.0,3.0,3.0,5.0,52.333333333333336,1
S-1be5a9,A-d26ab4,2024-11-21,,Enterprise,27,5373,64476,False,False,False,False,monthly,True,0,Company_497,DevTools,UK,2024-11-07,organic,6.0,270.4,1.0,6.0,2.0,4.0,49.5,0
S-507731,A-e43bf7,2024-06-02,,Pro,44,2156,25872,False,False,False,False,annual,True,0,Company_215,Cybersecurity,AU,2023-03-24,other,7.0,396.81666666666666,10.0,7.0,5.0,4.0,27.4,0
S-04b127,A-a6d261,2023-12-13,,Basic,9,171,2052,False,False,False,False,monthly,True,0,Company_303,FinTech,CA,2023-11-29,other,2.0,180.73333333333332,0.0,2.0,4.0,4.666666666666667,40.0,1
S-e27e43,A-700ade,2024-11-19,,Enterprise,48,9552,114624,False,False,False,False,monthly,True,0,Company_472,Cybersecurity,UK,2024-10-31,organic,5.0,219.31666666666666,1.0,5.0,4.0,4.666666666666667,30.25,0
S-b099ea,A-ac9111,2024-12-21,,Enterprise,21,4179,50148,False,False,False,False,monthly,True,0,Company_487,HealthTech,US,2023-08-12,event,3.0,166.81666666666666,3.0,3.0,3.0,5.0,24.666666666666668,1
S-dcc084,A-526d93,2024-10-01,,Basic,43,817,9804,False,False,False,False,monthly,True,0,Company_66,HealthTech,FR,2024-04-14,organic,6.0,255.1,3.0,6.0,5.0,3.5,51.4,0
S-165850,A-d5a319,2023-09-25,,Pro,15,735,8820,False,False,False,False,annual,True,0,Company_158,FinTech,US,2023-05-04,other,4.0,276.31666666666666,0.0,4.0,1.0,4.0,17.0,0
S-367d84,A-68f37c,2023-12-31,,Pro,11,539,6468,False,False,False,False,monthly,True,0,Company_202,HealthTech,US,2023-07-15,ads,5.0,180.18333333333334,2.0,5.0,5.0,4.0,20.2,0
S-db7c1d,A-4814a3,2024-10-05,,Basic,87,1653,19836,False,False,False,False,monthly,True,0,Company_337,Cybersecurity,IN,2024-09-17,event,9.0,503.98333333333335,7.0,9.0,4.0,4.0,18.75,0
S-303f63,A-ba6516,2024-04-03,,Basic,27,513,6156,False,False,False,False,monthly,True,0,Company_154,FinTech,US,2023-10-29,ads,6.0,268.03333333333336,6.0,6.0,6.0,4.0,31.5,0
S-f2b79f,A-65aeb5,2024-05-08,,Pro,9,441,5292,False,False,True,False,monthly,False,0,Company_120,DevTools,US,2024-01-25,partner,3.0,118.98333333333333,5.0,3.0,2.0,5.0,42.5,1
S-806d7b,A-cb5333,2024-07-29,,Basic,37,703,8436,False,False,False,False,annual,True,0,Company_370,DevTools,US,2024-03-26,ads,5.0,229.11666666666667,2.0,5.0,4.0,3.0,30.75,0
S-04fd47,A-0a282f,2024-10-27,,Basic,12,228,2736,False,False,False,False,annual,True,0,Company_2,DevTools,US,2024-08-27,organic,3.0,124.71666666666667,2.0,3.0,3.0,4.666666666666667,43.666666666666664,1
S-cc9b9d,A-94f8c9,2024-11-25,,Enterprise,13,2587,31044,False,False,False,False,annual,True,0,Company_51,HealthTech,US,2024-03-29,other,3.0,120.81666666666666,7.0,3.0,3.0,5.0,47.333333333333336,1
S-76bf6c,A-1f559b,2023-12-21,,Pro,5,245,2940,False,False,False,False,annual,True,0,Company_357,HealthTech,US,2023-09-04,organic,3.0,103.75,3.0,3.0,5.0,4.2,50.4,1
S-46852c,A-58b9ff,2024-09-26,,Enterprise,76,15124,181488,False,False,False,False,monthly,True,0,Company_425,DevTools,IN,2024-05-31,partner,3.0,172.36666666666667,2.0,3.0,2.0,4.0,66.0,1
S-9a0b2f,A-756192,2023-09-17,,Pro,19,0,0,True,True,False,False,monthly,True,0,Company_390,FinTech,IN,2023-06-11,other,5.0,280.1333333333333,7.0,5.0,3.0,4.0,37.333333333333336,0
S-06447b,A-17939a,2024-12-27,,Pro,1,49,588,False,False,False,False,annual,True,0,Company_162,HealthTech,US,2024-12-26,organic,4.0,164.38333333333333,4.0,4.0,7.0,4.5,38.0,0
S-c6e62c,A-a09355,2024-10-21,,Enterprise,14,2786,33432,False,False,False,False,annual,True,0,Company_459,FinTech,US,2024-08-10,organic,5.0,267.95,6.0,5.0,5.0,4.0,32.6,0
S-b5162d,A-202b67,2024-10-09,,Enterprise,29,5771,69252,False,False,False,False,monthly,True,0,Company_305,HealthTech,US,2024-03-22,organic,0.0,0.0,0.0,0.0,4.0,4.666666666666667,36.75,1
S-e98121,A-56962b,2024-12-15,,Enterprise,163,32437,389244,False,False,False,False,monthly,True,0,Company_177,EdTech,UK,2024-04-09,partner,6.0,301.1666666666667,5.0,6.0,4.0,3.0,37.5,0
S-2852dd,A-e51ec7,2024-12-19,,Enterprise,10,1990,23880,False,False,False,False,monthly,True,0,Company_113,FinTech,CA,2023-09-23,partner,3.0,95.11666666666666,3.0,3.0,3.0,5.0,37.0,1
S-128f55,A-751c58,2024-09-16,,Pro,45,2205,26460,False,False,False,False,annual,True,0,Company_393,FinTech,UK,2024-07-18,organic,8.0,297.5833333333333,0.0,8.0,5.0,4.333333333333333,39.6,0
S-615487,A-fa3095,2024-05-16,,Basic,70,1330,15960,False,False,False,False,annual,True,0,Company_174,FinTech,US,2023-09-03,ads,5.0,208.5,6.0,5.0,5.0,5.0,49.2,0
S-c95ecc,A-bb1eaa,2024-06-30,,Enterprise,21,4179,50148,False,False,False,False,monthly,True,0,Company_468,Cybersecurity,US,2024-06-11,organic,4.0,182.23333333333332,2.0,4.0,6.0,4.5,23.5,0
S-a2ee32,A-2922b6,2024-12-15,,Basic,15,285,3420,False,False,False,False,monthly,True,0,Company_70,HealthTech,US,2024-11-14,organic,6.0,482.75,0.0,6.0,2.0,4.0,15.5,0
S-8eab5b,A-2e3bad,2024-01-14,2024-03-01,Pro,61,2989,35868,False,False,False,True,annual,True,1,Company_108,FinTech,CA,2023-08-13,other,4.0,121.51666666666667,5.0,4.0,5.0,3.5,31.4,0
S-3223a2,A-13466a,2024-09-20,,Basic,9,171,2052,False,False,False,False,annual,True,0,Company_196,DevTools,AU,2023-10-22,event,5.0,248.43333333333334,5.0,5.0,3.0,4.333333333333333,32.333333333333336,0
S-b81ed3,A-ee42db,2024-02-10,,Pro,13,0,0,True,False,False,False,annual,True,0,Company_77,EdTech,DE,2023-04-25,ads,2.0,96.8,0.0,2.0,4.0,3.0,33.75,1
S-d031a4,A-cdf020,2024-10-09,,Pro,44,2156,25872,False,False,False,False,monthly,True,0,Company_345,DevTools,AU,2023-08-16,organic,2.0,172.2,0.0,2.0,4.0,4.0,29.5,1
S-5a2a05,A-9f9299,2024-04-04,,Basic,28,532,6384,False,False,False,False,monthly,True,0,Company_133,FinTech,US,2023-09-02,organic,8.0,316.23333333333335,8.0,8.0,5.0,5.0,36.2,0
S-aa3dd4,A-aa9511,2024-09-23,,Enterprise,58,0,0,True,False,False,False,monthly,True,0,Company_203,DevTools,US,2023-10-10,other,4.0,118.96666666666667,5.0,4.0,2.0,4.0,56.5,0
S-cfcb11,A-b3fe05,2024-12-20,,Basic,19,0,0,True,False,False,False,annual,False,0,Company_238,Cybersecurity,CA,2024-05-28,partner,4.0,104.11666666666666,1.0,4.0,4.0,3.0,48.25,0
S-a5a9b8,A-94c3cd,2024-09-29,,Basic,45,855,10260,False,False,False,False,annual,False,0,Company_351,FinTech,CA,2023-09-20,other,4.0,139.68333333333334,2.0,4.0,4.0,3.5,44.75,0
S-b559da,A-e19ff6,2023-08-09,,Basic,8,152,1824,False,False,False,False,annual,True,0,Company_411,Cybersecurity,UK,2023-07-28,partner,3.0,61.166666666666664,0.0,3.0,3.0,4.666666666666667,30.666666666666668,1
S-43c80c,A-118d55,2024-12-25,,Pro,12,588,7056,False,False,False,False,annual,True,0,Company_65,Cybersecurity,US,2024-10-22,organic,6.0,184.88333333333333,8.0,6.0,5.0,4.333333333333333,24.2,0
S-5d5699,A-1b9609,2024-06-16,,Enterprise,35,6965,83580,False,False,False,False,annual,True,0,Company_5,EdTech,IN,2023-10-12,ads,6.0,238.73333333333332,4.0,6.0,4.0,3.0,43.0,0
S-e44044,A-eb2fdc,2024-12-19,,Basic,31,589,7068,False,False,False,False,annual,True,0,Company_216,DevTools,AU,2023-11-21,organic,8.0,396.78333333333336,0.0,8.0,5.0,4.5,33.6,0
S-83f2e5,A-e1462e,2023-12-01,,Enterprise,29,5771,69252,False,True,False,False,monthly,True,0,Company_217,FinTech,UK,2023-03-12,partner,6.0,252.93333333333334,2.0,6.0,2.0,3.5,39.5,0
S-ba3fc7,A-dcc2f0,2024-10-25,,Enterprise,15,2985,35820,False,False,False,False,annual,True,0,Company_309,FinTech,UK,2023-07-22,organic,2.0,111.35,0.0,2.0,2.0,,27.0,1
S-b51d34,A-2d1036,2024-10-13,2024-11-24,Enterprise,69,13731,164772,False,False,False,True,annual,True,1,Company_399,FinTech,US,2024-06-14,ads,7.0,319.6333333333333,4.0,7.0,5.0,4.6,37.8,0
S-8a3abd,A-6f8ad2,2024-08-23,,Pro,26,1274,15288,False,False,False,False,annual,True,0,Company_57,EdTech,IN,2024-07-09,organic,4.0,244.73333333333332,1.0,4.0,4.0,4.333333333333333,35.25,0
S-f677d3,A-dec005,2024-09-22,,Basic,21,399,4788,False,False,False,False,monthly,True,0,Company_445,HealthTech,US,2023-10-13,partner,4.0,146.73333333333332,5.0,4.0,2.0,3.0,59.0,0
S-e7e4bd,A-1f0ac7,2024-02-15,,Enterprise,24,4776,57312,False,False,False,False,annual,True,0,Company_3,HealthTech,UK,2023-08-27,other,13.0,575.3833333333333,8.0,13.0,2.0,,29.0,0
S-1c23d2,A-186a44,2024-11-14,,Pro,20,0,0,True,False,False,False,monthly,True,0,Company_101,HealthTech,US,2023-08-07,ads,3.0,145.7,2.0,3.0,7.0,3.5,38.285714285714285,1
S-22778a,A-328bd0,2024-02-28,,Basic,18,342,4104,False,False,False,False,monthly,False,0,Company_237,HealthTech,AU,2023-05-16,partner,5.0,320.21666666666664,4.0,5.0,5.0,3.6666666666666665,46.0,0
S-c3b622,A-82d8a6,2024-12-29,,Pro,5,0,0,True,True,False,False,annual,True,0,Company_444,Cybersecurity,UK,2024-11-28,ads,6.0,374.26666666666665,0.0,6.0,5.0,3.5,42.2,0
S-33598f,A-32fb14,2024-11-09,,Enterprise,26,5174,62088,False,False,False,False,annual,True,0,Company_25,DevTools,US,2023-03-07,event,5.0,287.8833333333333,4.0,5.0,5.0,4.5,34.0,0
S-32e881,A-029f69,2024-10-10,2024-11-16,Pro,3,0,0,True,False,False,True,monthly,True,1,Company_129,Cybersecurity,CA,2024-03-07,event,6.0,278.8333333333333,1.0,6.0,2.0,3.0,42.0,0
S-0b054a,A-4e960a,2024-06-01,,Basic,40,760,9120,False,False,False,False,annual,True,0,Company_277,FinTech,US,2024-01-17,other,3.0,155.03333333333333,1.0,3.0,6.0,4.0,29.166666666666668,1
S-71c55a,A-296d7c,2024-06-08,,Basic,2,38,456,False,False,False,False,annual,False,0,Company_182,DevTools,DE,2023-11-08,other,4.0,248.01666666666668,0.0,4.0,5.0,3.75,50.4,0
S-269b4a,A-5b1bcd,2024-02-15,,Enterprise,73,14527,174324,False,False,False,False,monthly,True,0,Company_166,DevTools,US,2023-09-16,organic,3.0,179.56666666666666,0.0,3.0,4.0,4.5,43.25,1
S-93592e,A-202b67,2024-05-18,,Pro,61,2989,35868,False,False,False,False,monthly,True,0,Company_305,HealthTech,US,2024-03-22,organic,4.0,98.75,5.0,4.0,4.0,4.666666666666667,36.75,0
S-bba658,A-e4bf56,2024-12-17,,Basic,17,323,3876,False,False,False,False,monthly,False,0,Company_272,HealthTech,IN,2024-10-28,ads,6.0,418.4,1.0,6.0,8.0,3.6666666666666665,29.125,0
S-073381,A-2bc93d,2024-09-11,2024-09-27,Basic,14,266,3192,False,False,False,True,monthly,False,1,Company_43,HealthTech,US,2023-03-14,event,1.0,77.83333333333333,0.0,1.0,2.0,4.5,12.0,1
S-c0820a,A-6a7c9d,2024-12-26,,Pro,26,1274,15288,False,False,False,False,annual,True,0,Company_324,Cybersecurity,US,2024-10-24,organic,2.0,184.53333333333333,2.0,2.0,3.0,4.0,34.333333333333336,1
S-dd73ac,A-39b19f,2024-05-17,,Enterprise,14,2786,33432,False,False,False,False,monthly,False,0,Company_176,FinTech,US,2023-02-03,partner,5.0,225.71666666666667,7.0,5.0,6.0,4.25,47.833333333333336,0
S-e32b16,A-d77f4c,2024-11-20,,Enterprise,29,5771,69252,False,False,False,False,annual,True,0,Company_470,DevTools,US,2023-09-25,partner,7.0,351.28333333333336,6.0,7.0,2.0,4.0,31.0,0
S-070d42,A-684255,2024-05-23,,Pro,23,1127,13524,False,True,False,False,annual,True,0,Company_20,FinTech,US,2024-04-14,ads,5.0,201.86666666666667,3.0,5.0,4.0,4.666666666666667,14.25,0
S-396546,A-832ec2,2024-02-02,,Enterprise,19,3781,45372,False,False,False,False,monthly,False,0,Company_19,FinTech,UK,2023-11-19,event,4.0,278.6166666666667,2.0,4.0,3.0,4.0,26.0,0
S-c22c29,A-692f18,2024-12-15,2024-12-17,Enterprise,28,5572,66864,False,False,False,True,annual,True,1,Company_195,EdTech,US,2024-03-28,other,4.0,232.36666666666667,1.0,4.0,2.0,5.0,37.5,0
S-e73cdf,A-b7ef83,2024-11-08,,Enterprise,44,8756,105072,False,False,False,False,annual,False,0,Company_474,Cybersecurity,UK,2024-05-29,partner,5.0,284.28333333333336,2.0,5.0,2.0,4.0,47.5,0
S-1976bb,A-eb2fdc,2024-06-13,,Basic,31,589,7068,False,False,False,False,monthly,True,0,Company_216,DevTools,AU,2023-11-21,organic,5.0,287.21666666666664,2.0,5.0,5.0,4.5,33.6,0
S-3f08d7,A-d792a6,2023-10-13,,Enterprise,4,796,9552,False,False,True,False,monthly,True,0,Company_486,DevTools,US,2023-01-23,organic,5.0,342.76666666666665,6.0,5.0,5.0,4.0,40.6,0
S-db6454,A-0f3e88,2024-10-08,,Basic,11,209,2508,False,False,False,False,monthly,True,0,Company_428,HealthTech,US,2023-07-23,other,3.0,95.81666666666666,6.0,3.0,3.0,4.5,48.0,1
S-6ab430,A-b07b56,2024-11-24,,Pro,25,1225,14700,False,False,False,False,monthly,True,0,Company_292,DevTools,US,2024-11-08,event,3.0,42.983333333333334,0.0,3.0,4.0,3.0,31.25,1
S-04d260,A-d82ef9,2024-07-14,,Pro,26,0,0,True,False,False,False,annual,False,0,Company_355,EdTech,UK,2024-07-02,other,4.0,202.21666666666667,1.0,4.0,5.0,4.25,39.8,0
S-77f7fd,A-425e76,2024-08-06,,Pro,27,1323,15876,False,False,False,False,monthly,True,0,Company_110,DevTools,UK,2023-05-17,other,6.0,206.81666666666666,5.0,6.0,5.0,3.3333333333333335,48.2,0
S-456d47,A-7da956,2024-10-08,,Enterprise,13,2587,31044,False,False,False,False,monthly,True,0,Company_141,Cybersecurity,US,2024-06-02,event,3.0,164.25,3.0,3.0,3.0,5.0,32.666666666666664,1
S-9780e9,A-dcc2f0,2024-09-02,,Basic,15,0,0,True,False,False,False,annual,True,0,Company_309,FinTech,UK,2023-07-22,organic,6.0,261.6666666666667,1.0,6.0,2.0,,27.0,0
S-e477e9,A-c16101,2024-09-06,,Pro,7,343,4116,False,False,False,False,monthly,True,0,Company_139,EdTech,IN,2024-09-06,other,4.0,234.63333333333333,1.0,4.0,4.0,5.0,28.0,0
S-020dce,A-10b8da,2024-07-05,,Enterprise,14,2786,33432,False,False,False,False,monthly,False,0,Company_9,DevTools,US,2023-05-08,partner,1.0,15.05,0.0,1.0,3.0,3.5,31.333333333333332,1
S-ae6295,A-50f3f7,2024-05-06,,Pro,31,1519,18228,False,False,True,False,annual,True,0,Company_140,HealthTech,US,2023-12-22,partner,4.0,146.0,3.0,4.0,6.0,5.0,37.833333333333336,0
S-067c38,A-3b5cd1,2024-01-03,,Basic,16,304,3648,False,False,False,False,monthly,True,0,Company_49,FinTech,US,2023-09-12,event,2.0,100.15,1.0,2.0,5.0,4.0,27.4,1
S-0aedf8,A-a7bd4b,2024-01-13,,Basic,48,912,10944,False,False,False,False,monthly,True,0,Company_363,Cybersecurity,US,2023-02-15,ads,3.0,307.4,3.0,3.0,6.0,3.25,36.833333333333336,1
S-8bb388,A-883b7d,2024-08-22,,Enterprise,50,9950,119400,False,False,False,False,annual,True,0,Company_313,Cybersecurity,IN,2024-03-28,other,7.0,329.28333333333336,4.0,7.0,7.0,3.6,25.571428571428573,0
S-e8d48e,A-2edab2,2024-06-19,,Enterprise,17,3383,40596,False,False,False,False,annual,True,0,Company_301,HealthTech,US,2023-11-17,event,5.0,206.46666666666667,4.0,5.0,4.0,3.0,30.0,0
S-2d63e2,A-4e960a,2024-08-03,,Pro,12,588,7056,False,False,False,False,monthly,True,0,Company_277,FinTech,US,2024-01-17,other,3.0,104.96666666666667,0.0,3.0,6.0,4.0,29.166666666666668,1
S-4695b8,A-ad64c6,2024-08-15,2024-11-11,Pro,12,588,7056,False,False,False,True,annual,True,1,Company_175,DevTools,UK,2024-02-23,event,6.0,499.31666666666666,6.0,6.0,4.0,5.0,34.0,0
S-2e84f2,A-ee42db,2024-08-10,,Enterprise,13,2587,31044,False,False,False,False,annual,True,0,Company_77,EdTech,DE,2023-04-25,ads,3.0,256.56666666666666,2.0,3.0,4.0,3.0,33.75,1
S-9de4eb,A-039727,2024-12-06,,Enterprise,25,4975,59700,False,False,False,False,monthly,True,0,Company_107,EdTech,AU,2024-11-02,organic,4.0,112.35,1.0,4.0,0.0,,,0
S-6100a4,A-b30291,2024-10-21,,Pro,47,0,0,True,False,False,False,annual,True,0,Company_344,HealthTech,US,2024-04-05,event,8.0,395.3333333333333,4.0,8.0,1.0,,16.0,0
S-18565e,A-463db0,2024-12-26,,Enterprise,42,8358,100296,False,False,False,False,monthly,False,0,Company_16,HealthTech,US,2024-12-05,partner,4.0,114.21666666666667,1.0,4.0,6.0,4.25,50.166666666666664,0
S-012b26,A-df1e44,2024-10-29,,Enterprise,13,2587,31044,False,False,False,False,annual,True,0,Company_323,Cybersecurity,UK,2024-02-23,organic,9.0,488.46666666666664,4.0,9.0,2.0,5.0,53.0,0
S-7b7e04,A-7f8241,2023-10-12,,Enterprise,34,6766,81192,False,False,False,False,annual,True,0,Company_42,EdTech,US,2023-03-14,organic,6.0,190.91666666666666,0.0,6.0,1.0,3.0,36.0,0
S-896e2f,A-712426,2024-11-28,,Pro,18,882,10584,False,True,False,False,annual,True,0,Company_155,HealthTech,US,2024-11-10,other,4.0,300.1,0.0,4.0,6.0,4.4,37.333333333333336,0
S-f482de,A-cdf020,2024-04-11,,Basic,23,0,0,True,False,False,False,monthly,True,0,Company_345,DevTools,AU,2023-08-16,organic,4.0,196.25,0.0,4.0,4.0,4.0,29.5,0
S-140813,A-2b9d3e,2023-11-21,,Enterprise,5,995,11940,False,False,False,False,annual,True,0,Company_319,EdTech,US,2023-06-04,partner,6.0,271.96666666666664,3.0,6.0,3.0,5.0,34.666666666666664,0
S-a7524a,A-54ecc2,2024-08-25,,Pro,13,637,7644,False,False,False,False,monthly,True,0,Company_289,Cybersecurity,US,2023-06-11,partner,3.0,153.1,5.0,3.0,5.0,5.0,37.4,1
S-2fc028,A-3b37d9,2023-11-13,2024-11-27,Enterprise,23,4577,54924,False,True,False,True,annual,True,1,Company_384,FinTech,US,2023-01-27,event,2.0,51.6,0.0,2.0,5.0,4.5,36.0,1
S-606747,A-65aeb5,2024-08-04,,Enterprise,9,1791,21492,False,False,False,False,monthly,True,0,Company_120,DevTools,US,2024-01-25,partner,5.0,151.01666666666668,3.0,5.0,2.0,5.0,42.5,0
S-92a38d,A-779e4e,2024-09-14,,Basic,19,361,4332,False,False,False,False,monthly,True,0,Company_193,HealthTech,US,2023-01-02,organic,4.0,175.3,3.0,4.0,5.0,4.0,26.6,0
S-c89bff,A-68f37c,2024-02-23,,Basic,12,228,2736,False,False,False,False,monthly,True,0,Company_202,HealthTech,US,2023-07-15,ads,11.0,689.3,4.0,11.0,5.0,4.0,20.2,0
S-3d5e0c,A-b07b56,2024-11-26,,Basic,25,0,0,True,False,False,False,monthly,True,0,Company_292,DevTools,US,2024-11-08,event,3.0,119.15,2.0,3.0,4.0,3.0,31.25,1
S-2359a2,A-c7ffc2,2024-03-12,,Enterprise,30,5970,71640,False,False,False,False,annual,False,0,Company_392,Cybersecurity,US,2023-01-27,partner,2.0,162.98333333333332,0.0,2.0,2.0,3.0,64.0,1
S-63c794,A-158f4e,2023-10-11,,Pro,61,2989,35868,False,False,False,False,annual,True,0,Company_180,FinTech,IN,2023-03-03,other,3.0,54.083333333333336,2.0,3.0,5.0,4.333333333333333,27.6,1
S-87ebe6,A-d27f50,2024-10-20,,Enterprise,44,8756,105072,False,False,False,False,monthly,False,0,Company_163,Cybersecurity,UK,2024-07-20,ads,8.0,293.78333333333336,2.0,8.0,4.0,3.75,37.5,0
S-12c163,A-bb3bd4,2024-12-16,,Enterprise,23,0,0,True,False,False,False,annual,True,0,Company_340,HealthTech,US,2024-01-27,ads,3.0,99.25,3.0,3.0,11.0,4.142857142857143,32.72727272727273,1
S-684915,A-bd4708,2024-12-05,,Enterprise,37,0,0,True,False,False,False,annual,True,0,Company_257,FinTech,US,2024-07-21,ads,7.0,386.6333333333333,6.0,7.0,4.0,3.5,24.0,0
S-6b7487,A-e61e98,2024-05-13,,Pro,19,931,11172,False,True,False,False,annual,True,0,Company_115,FinTech,US,2023-10-20,partner,8.0,318.76666666666665,10.0,8.0,6.0,4.6,30.333333333333332,0
S-911e27,A-4c6f11,2024-07-14,,Basic,35,665,7980,False,False,False,False,monthly,False,0,Company_146,FinTech,CA,2023-11-27,organic,4.0,328.3,0.0,4.0,3.0,4.333333333333333,44.666666666666664,0
S-a0a358,A-af0cd2,2023-10-25,,Basic,19,361,4332,False,False,False,False,annual,True,0,Company_204,Cybersecurity,IN,2023-01-03,other,5.0,277.81666666666666,3.0,5.0,3.0,,54.333333333333336,0
S-373490,A-756192,2024-09-28,,Enterprise,19,0,0,True,False,False,False,monthly,True,0,Company_390,FinTech,IN,2023-06-11,other,4.0,109.2,2.0,4.0,3.0,4.0,37.333333333333336,0
S-94aaef,A-098560,2023-12-10,,Pro,35,1715,20580,False,True,False,False,annual,False,0,Company_349,DevTools,UK,2023-10-21,ads,6.0,239.15,4.0,6.0,2.0,3.0,28.0,0
S-ea66df,A-712533,2024-10-01,,Pro,36,1764,21168,False,False,False,False,monthly,True,0,Company_498,EdTech,US,2023-07-31,organic,3.0,190.43333333333334,1.0,3.0,5.0,3.75,37.4,1
S-2176da,A-cbd1a3,2024-11-26,,Enterprise,18,3582,42984,False,False,False,False,monthly,True,0,Company_325,DevTools,US,2024-11-25,other,3.0,217.78333333333333,2.0,3.0,4.0,4.0,34.5,1
S-a64940,A-2922b6,2024-12-23,,Enterprise,35,6965,83580,False,False,False,False,monthly,True,0,Company_70,HealthTech,US,2024-11-14,organic,7.0,326.53333333333336,7.0,7.0,2.0,4.0,15.5,0
S-289702,A-00bed1,2024-09-01,,Enterprise,28,5572,66864,False,False,False,False,annual,False,0,Company_306,Cybersecurity,US,2023-11-14,ads,2.0,71.2,3.0,2.0,4.0,4.0,31.75,1
S-30fa6f,A-e1b9cd,2023-03-21,2024-12-04,Pro,40,1960,23520,False,False,False,True,monthly,True,1,Company_484,DevTools,US,2023-02-26,event,2.0,59.4,0.0,2.0,1.0,3.0,35.0,1
S-65bb33,A-157070,2024-08-26,,Enterprise,16,3184,38208,False,False,False,False,annual,False,0,Company_85,FinTech,US,2023-11-09,ads,4.0,165.0,3.0,4.0,3.0,3.0,42.333333333333336,0
S-5d434f,A-82861f,2024-05-18,,Pro,41,2009,24108,False,False,False,False,monthly,True,0,Company_350,DevTools,UK,2024-04-25,organic,3.0,154.0,3.0,3.0,5.0,3.2,24.4,1
S-9ea111,A-0354fe,2024-12-10,,Enterprise,34,6766,81192,False,False,False,False,monthly,False,0,Company_380,Cybersecurity,US,2024-10-22,other,5.0,241.4,1.0,5.0,4.0,4.0,20.0,0
S-46526e,A-39ddf4,2024-12-10,,Pro,44,2156,25872,False,False,False,False,annual,False,0,Company_435,EdTech,US,2024-12-05,partner,5.0,251.33333333333334,0.0,5.0,5.0,4.25,23.0,0
S-f713a1,A-cb5333,2024-07-26,,Basic,33,627,7524,False,False,False,False,annual,True,0,Company_370,DevTools,US,2024-03-26,ads,3.0,110.48333333333333,0.0,3.0,4.0,3.0,30.75,1
S-5a5338,A-5ed98d,2024-12-21,,Basic,38,0,0,True,False,False,False,annual,True,0,Company_479,DevTools,US,2024-06-22,partner,3.0,90.11666666666666,0.0,3.0,5.0,5.0,35.8,1
S-a94ec7,A-f92792,2024-09-17,,Basic,18,342,4104,False,False,False,False,monthly,False,0,Company_67,FinTech,US,2024-07-04,ads,3.0,143.48333333333332,3.0,3.0,2.0,4.0,45.0,1
S-f9e5e9,A-f19409,2024-10-27,,Pro,23,1127,13524,False,False,False,False,annual,True,0,Company_105,DevTools,US,2023-03-16,other,5.0,231.83333333333334,4.0,5.0,3.0,4.0,6.333333333333333,0
S-8486d2,A-7df7a7,2024-12-28,,Enterprise,30,5970,71640,False,False,False,False,annual,True,0,Company_125,DevTools,US,2023-01-28,organic,6.0,337.18333333333334,6.0,6.0,3.0,4.0,28.0,0
S-b479cd,A-f17767,2023-07-30,,Pro,9,441,5292,False,False,False,False,monthly,True,0,Company_123,DevTools,US,2023-01-30,event,5.0,136.0,3.0,5.0,3.0,4.0,36.333333333333336,0
S-a5d1e3,A-e19ff6,2024-07-01,,Basic,18,342,4104,False,False,False,False,monthly,True,0,Company_411,Cybersecurity,UK,2023-07-28,partner,5.0,229.61666666666667,0.0,5.0,3.0,4.666666666666667,30.666666666666668,0
S-c1eb68,A-81edc3,2024-11-02,,Basic,32,608,7296,False,True,False,False,monthly,False,0,Company_236,Cybersecurity,IN,2023-10-30,ads,5.0,504.96666666666664,1.0,5.0,3.0,4.0,52.666666666666664,0
S-f429e0,A-b44e3e,2024-02-28,,Enterprise,79,15721,188652,False,True,False,False,annual,True,0,Company_383,Cybersecurity,UK,2024-02-12,ads,8.0,232.06666666666666,1.0,8.0,3.0,4.333333333333333,40.0,0
S-0ed0cb,A-cc102e,2024-12-11,,Pro,13,0,0,True,False,False,False,monthly,True,0,Company_443,HealthTech,US,2024-04-15,partner,4.0,316.75,2.0,4.0,4.0,4.333333333333333,33.25,0
S-0c43c2,A-0f6450,2024-12-30,,Pro,28,1372,16464,False,False,False,False,monthly,False,0,Company_400,FinTech,US,2024-12-27,other,3.0,322.3666666666667,0.0,3.0,8.0,3.8333333333333335,29.75,1
S-73fc8f,A-0dbdc6,2024-10-25,,Enterprise,30,5970,71640,False,False,False,False,monthly,False,0,Company_366,Cybersecurity,DE,2023-02-12,other,4.0,193.28333333333333,6.0,4.0,4.0,5.0,47.0,0
S-4ad7b1,A-3c1a3f,2024-04-28,,Enterprise,2,398,4776,False,False,True,False,monthly,True,0,Company_224,DevTools,UK,2023-08-26,event,6.0,260.98333333333335,5.0,6.0,4.0,3.5,33.25,0
S-909b7f,A-eafc6e,2024-08-16,,Enterprise,27,5373,64476,False,False,False,False,monthly,True,0,Company_149,DevTools,US,2023-07-06,partner,3.0,85.28333333333333,0.0,3.0,1.0,,64.0,1
S-2de449,A-702032,2024-04-24,,Enterprise,28,5572,66864,False,False,False,False,annual,True,0,Company_186,HealthTech,US,2023-10-03,ads,4.0,269.9166666666667,3.0,4.0,4.0,3.0,26.0,0
S-7bcd95,A-9123ac,2023-10-25,,Basic,9,171,2052,False,False,False,False,monthly,True,0,Company_219,Cybersecurity,DE,2023-06-20,organic,5.0,280.8,12.0,5.0,6.0,4.2,38.833333333333336,0
S-3fb251,A-87aa7b,2024-07-22,,Enterprise,50,0,0,True,True,False,False,monthly,False,0,Company_433,HealthTech,US,2024-05-16,organic,2.0,22.833333333333332,1.0,2.0,3.0,,27.333333333333332,1
S-69a807,A-40de06,2023-10-28,,Pro,28,1372,16464,False,False,False,False,annual,True,0,Company_369,Cybersecurity,US,2023-05-08,event,8.0,503.65,11.0,8.0,3.0,4.0,40.333333333333336,0
S-cfaa97,A-c9bb3e,2024-09-13,,Basic,26,494,5928,False,False,False,False,monthly,True,0,Company_336,EdTech,US,2024-03-24,ads,5.0,211.71666666666667,4.0,5.0,7.0,4.2,27.714285714285715,0
S-0e6b77,A-7c5768,2024-11-04,,Basic,50,950,11400,False,False,False,False,annual,True,0,Company_407,HealthTech,UK,2024-03-02,event,4.0,315.4,2.0,4.0,5.0,4.0,28.8,0
S-224bca,A-3b5cd1,2024-02-27,,Enterprise,18,3582,42984,False,False,False,False,monthly,False,0,Company_49,FinTech,US,2023-09-12,event,5.0,205.01666666666668,0.0,5.0,5.0,4.0,27.4,0
S-a68b52,A-e89151,2024-12-17,,Enterprise,44,8756,105072,False,False,False,False,annual,True,0,Company_234,FinTech,UK,2023-09-14,organic,6.0,308.8333333333333,5.0,6.0,2.0,5.0,41.5,0
S-aabbf4,A-54d94a,2024-01-06,,Pro,52,2548,30576,False,True,False,False,annual,True,0,Company_385,Cybersecurity,IN,2023-05-01,event,7.0,337.6166666666667,2.0,7.0,4.0,3.5,53.75,0
S-1cefc9,A-10b8f2,2024-12-16,,Pro,48,2352,28224,False,False,False,False,annual,True,0,Company_151,HealthTech,DE,2023-01-11,organic,5.0,280.06666666666666,1.0,5.0,3.0,4.333333333333333,46.333333333333336,0
S-61cc6f,A-d4e0d4,2024-12-14,,Enterprise,117,23283,279396,False,True,False,False,annual,True,0,Company_403,FinTech,US,2024-10-18,other,4.0,215.88333333333333,2.0,4.0,4.0,4.0,39.25,0
S-3b7f8e,A-625d0b,2024-10-07,,Enterprise,9,1791,21492,False,False,False,False,monthly,True,0,Company_290,EdTech,AU,2024-09-02,ads,7.0,356.56666666666666,4.0,7.0,5.0,3.0,48.4,0
S-104ed3,A-855a48,2024-03-02,,Basic,14,266,3192,False,False,False,False,annual,True,0,Company_389,EdTech,US,2023-12-22,partner,6.0,333.76666666666665,1.0,6.0,5.0,3.6666666666666665,39.6,0
S-b86304,A-462d45,2024-05-07,,Pro,19,931,11172,False,False,False,False,annual,True,0,Company_13,Cybersecurity,US,2024-01-15,partner,6.0,372.75,1.0,6.0,4.0,4.0,26.75,0
S-b192d9,A-ffdfd5,2024-09-09,,Pro,14,0,0,True,True,False,False,monthly,True,0,Company_365,EdTech,US,2024-04-13,organic,6.0,264.95,6.0,6.0,0.0,,,0
S-b156cf,A-625d0b,2024-11-22,,Pro,9,441,5292,False,False,False,False,annual,True,0,Company_290,EdTech,AU,2024-09-02,ads,6.0,279.1333333333333,3.0,6.0,5.0,3.0,48.4,0
S-b859e7,A-ffdfd5,2024-11-24,,Enterprise,4,0,0,True,False,False,False,annual,True,0,Company_365,EdTech,US,2024-04-13,organic,3.0,83.06666666666666,0.0,3.0,0.0,,,0
S-4c9107,A-9208f0,2023-09-19,,Basic,4,76,912,False,True,False,False,annual,True,0,Company_79,EdTech,US,2023-05-11,organic,8.0,430.43333333333334,7.0,8.0,8.0,3.3333333333333335,41.25,0
S-57e129,A-b11cd0,2024-02-17,,Pro,36,1764,21168,False,False,False,False,monthly,True,0,Company_439,DevTools,US,2023-01-20,ads,5.0,220.26666666666668,8.0,5.0,4.0,4.0,38.5,0
S-79ab7e,A-956988,2024-12-13,2024-12-22,Enterprise,72,0,0,True,False,False,True,monthly,False,1,Company_14,EdTech,UK,2024-11-30,ads,5.0,415.68333333333334,9.0,4.0,2.0,3.0,50.5,0
S-8f4f5b,A-7f6b86,2023-08-30,,Pro,45,0,0,True,False,False,False,annual,True,0,Company_299,HealthTech,US,2023-08-24,partner,3.0,256.26666666666665,0.0,3.0,7.0,3.6666666666666665,40.42857142857143,1
S-2574a3,A-40de06,2024-10-09,,Enterprise,28,5572,66864,False,False,False,False,annual,True,0,Company_369,Cybersecurity,US,2023-05-08,event,9.0,432.6666666666667,2.0,9.0,3.0,4.0,40.333333333333336,0
S-f30a79,A-ff3c73,2024-10-20,,Basic,21,399,4788,False,False,False,False,annual,True,0,Company_244,HealthTech,AU,2023-01-26,other,6.0,308.4,9.0,6.0,2.0,3.5,35.5,0
S-e702a4,A-78f02b,2024-11-26,,Enterprise,18,3582,42984,False,False,False,False,annual,True,0,Company_329,HealthTech,US,2024-11-17,event,5.0,327.01666666666665,1.0,5.0,4.0,4.0,45.75,0
S-5e0619,A-0b0d6d,2024-12-31,,Pro,6,294,3528,False,False,False,False,annual,True,0,Company_267,DevTools,US,2024-12-30,organic,6.0,467.1333333333333,10.0,6.0,5.0,4.0,31.4,0
S-4fc5ca,A-712f1c,2024-03-11,,Enterprise,75,14925,179100,False,False,False,False,annual,True,0,Company_331,DevTools,US,2023-12-16,ads,3.0,156.56666666666666,3.0,3.0,6.0,4.0,41.666666666666664,1
S-457217,A-104f1a,2024-12-18,,Pro,24,1176,14112,False,False,False,False,monthly,True,0,Company_89,Cybersecurity,US,2024-08-17,other,8.0,464.78333333333336,5.0,8.0,5.0,3.75,33.2,0
S-113e86,A-96bbc6,2024-05-23,,Pro,39,1911,22932,False,True,False,False,monthly,True,0,Company_342,Cybersecurity,US,2024-05-07,organic,8.0,460.56666666666666,8.0,8.0,3.0,3.3333333333333335,51.333333333333336,0
S-9f479f,A-d5a319,2023-12-01,,Basic,17,323,3876,False,True,False,False,monthly,False,0,Company_158,FinTech,US,2023-05-04,other,6.0,403.75,7.0,6.0,1.0,4.0,17.0,0
S-3ec165,A-019782,2023-08-19,2023-11-27,Enterprise,16,3184,38208,False,False,False,True,annual,True,1,Company_142,DevTools,FR,2023-04-19,event,6.0,233.58333333333334,1.0,6.0,2.0,3.0,10.0,0
S-7fa78f,A-0651a4,2024-12-13,,Enterprise,16,3184,38208,False,False,False,False,monthly,True,0,Company_255,HealthTech,FR,2024-10-16,organic,2.0,171.16666666666666,4.0,2.0,4.0,4.0,29.25,1
S-1b4693,A-cd458b,2024-12-23,,Enterprise,15,2985,35820,False,False,False,False,monthly,True,0,Company_430,DevTools,US,2024-06-15,other,5.0,281.56666666666666,1.0,5.0,5.0,4.6,38.4,0
S-15c444,A-6965e1,2024-12-07,,Pro,13,637,7644,False,False,True,False,monthly,True,0,Company_379,DevTools,US,2024-11-25,organic,8.0,372.98333333333335,6.0,8.0,3.0,3.0,39.0,0
S-d8c6a0,A-af0cd2,2024-10-05,,Basic,57,1083,12996,False,False,False,False,annual,True,0,Company_204,Cybersecurity,IN,2023-01-03,other,6.0,239.31666666666666,2.0,6.0,3.0,,54.333333333333336,0
S-e874c1,A-92a3af,2024-07-24,,Pro,34,1666,19992,False,False,False,False,monthly,False,0,Company_259,Cybersecurity,IN,2024-07-07,organic,8.0,407.23333333333335,1.0,8.0,4.0,4.0,57.5,0
S-80fa36,A-55f257,2024-01-18,,Pro,9,441,5292,False,False,False,False,monthly,False,0,Company_496,FinTech,US,2023-12-21,organic,4.0,175.0,4.0,4.0,6.0,5.0,43.166666666666664,0
S-5ed335,A-7df7a7,2023-10-17,2024-01-18,Enterprise,13,2587,31044,False,False,False,True,monthly,True,1,Company_125,DevTools,US,2023-01-28,organic,2.0,78.35,4.0,2.0,3.0,4.0,28.0,1
S-ec56f3,A-92a333,2024-07-03,,Basic,67,1273,15276,False,False,False,False,monthly,True,0,Company_116,FinTech,US,2023-03-24,event,5.0,217.65,5.0,5.0,4.0,,23.25,0
S-527b39,A-3d957b,2024-08-18,2024-10-28,Enterprise,14,2786,33432,False,False,False,True,monthly,True,1,Company_311,HealthTech,UK,2024-04-04,other,3.0,143.2,2.0,3.0,3.0,3.0,41.333333333333336,1
S-bc5908,A-0354fe,2024-11-15,,Enterprise,34,6766,81192,False,False,False,False,monthly,True,0,Company_380,Cybersecurity,US,2024-10-22,other,8.0,497.43333333333334,9.0,8.0,4.0,4.0,20.0,0
S-af4e84,A-798a3f,2023-12-25,,Enterprise,12,2388,28656,False,False,False,False,annual,False,0,Company_463,DevTools,FR,2023-10-19,other,6.0,284.1166666666667,2.0,6.0,5.0,4.0,33.0,0
S-6ce794,A-45ce7a,2024-02-20,,Basic,18,342,4104,False,True,False,False,monthly,False,0,Company_31,FinTech,US,2023-07-23,ads,9.0,470.05,11.0,9.0,5.0,3.6666666666666665,45.4,0
S-f17152,A-7f6b86,2024-09-16,,Enterprise,59,11741,140892,False,False,False,False,annual,True,0,Company_299,HealthTech,US,2023-08-24,partner,6.0,332.81666666666666,3.0,6.0,7.0,3.6666666666666665,40.42857142857143,0
S-0a59be,A-328bd0,2023-08-24,,Enterprise,18,3582,42984,False,False,False,False,monthly,True,0,Company_237,HealthTech,AU,2023-05-16,partner,5.0,223.78333333333333,4.0,5.0,5.0,3.6666666666666665,46.0,0
S-6f488b,A-d27f50,2024-12-29,2024-12-29,Basic,44,836,10032,False,False,False,True,annual,False,1,Company_163,Cybersecurity,UK,2024-07-20,ads,3.0,164.78333333333333,1.0,3.0,4.0,3.75,37.5,1
S-094e82,A-9ee962,2024-05-25,2024-09-23,Basic,9,171,2052,False,False,False,True,monthly,True,1,Company_59,HealthTech,US,2023-02-28,ads,5.0,190.13333333333333,0.0,5.0,3.0,4.0,37.0,0
S-1eb467,A-94f8c9,2024-12-31,,Enterprise,13,2587,31044,False,False,False,False,monthly,True,0,Company_51,HealthTech,US,2024-03-29,other,8.0,453.06666666666666,0.0,8.0,3.0,5.0,47.333333333333336,0
S-7f9ce5,A-00bed1,2024-07-20,,Pro,28,1372,16464,False,False,False,False,monthly,True,0,Company_306,Cybersecurity,US,2023-11-14,ads,7.0,293.28333333333336,3.0,7.0,4.0,4.0,31.75,0
S-69362d,A-a865bd,2024-04-26,,Basic,68,1292,15504,False,False,False,False,annual,True,0,Company_297,Cybersecurity,US,2023-09-19,organic,1.0,53.1,0.0,1.0,2.0,3.0,31.5,1
S-36069b,A-940b8b,2024-06-26,,Enterprise,1,199,2388,False,False,False,False,annual,True,0,Company_398,HealthTech,DE,2024-03-19,organic,3.0,122.4,1.0,3.0,3.0,4.0,41.333333333333336,1
S-d24841,A-2e4581,2024-11-17,,Pro,9,0,0,True,True,False,False,annual,True,0,Company_0,EdTech,US,2024-10-16,partner,8.0,331.6166666666667,4.0,8.0,2.0,3.0,23.0,0
S-cd6bb6,A-dbc825,2024-11-25,,Basic,19,361,4332,False,False,False,False,annual,True,0,Company_252,EdTech,FR,2024-01-07,partner,9.0,427.8666666666667,11.0,9.0,6.0,4.0,49.5,0
S-6a9918,A-92a3af,2024-11-07,,Enterprise,35,6965,83580,False,False,False,False,annual,False,0,Company_259,Cybersecurity,IN,2024-07-07,organic,9.0,528.3333333333334,9.0,9.0,4.0,4.0,57.5,0
S-549438,A-ac9111,2024-07-07,,Pro,23,1127,13524,False,False,False,False,annual,True,0,Company_487,HealthTech,US,2023-08-12,event,5.0,218.11666666666667,0.0,5.0,3.0,5.0,24.666666666666668,0
S-f7cde3,A-82d8a6,2024-12-13,,Pro,42,2058,24696,False,False,False,False,annual,False,0,Company_444,Cybersecurity,UK,2024-11-28,ads,4.0,161.06666666666666,3.0,4.0,5.0,3.5,42.2,0
S-de6767,A-e3bd71,2024-10-19,,Enterprise,31,6169,74028,False,False,False,False,annual,True,0,Company_347,Cybersecurity,US,2023-03-25,partner,6.0,315.01666666666665,3.0,6.0,4.0,4.0,30.25,0
S-d3d720,A-b7724f,2024-06-20,2024-12-30,Basic,11,209,2508,False,False,False,True,monthly,True,1,Company_320,HealthTech,UK,2023-03-28,organic,6.0,248.93333333333334,3.0,6.0,3.0,3.0,28.666666666666668,0
S-21b034,A-90a8c8,2024-08-25,,Pro,32,1568,18816,False,False,False,False,annual,True,0,Company_249,FinTech,AU,2024-08-24,organic,7.0,489.56666666666666,7.0,7.0,4.0,3.25,45.0,0
S-9e6f0c,A-c70870,2024-11-11,,Basic,31,589,7068,False,False,False,False,monthly,True,0,Company_253,Cybersecurity,US,2024-10-22,partner,2.0,40.833333333333336,1.0,2.0,5.0,4.0,35.6,1
S-c1316c,A-855a48,2024-07-30,,Enterprise,60,11940,143280,False,False,False,False,annual,True,0,Company_389,EdTech,US,2023-12-22,partner,5.0,106.71666666666667,0.0,5.0,5.0,3.6666666666666665,39.6,0
S-3383a4,A-c37601,2024-12-29,,Pro,12,0,0,True,False,False,False,annual,True,0,Company_48,EdTech,US,2024-10-31,partner,4.0,48.416666666666664,3.0,4.0,4.0,3.6666666666666665,42.25,0
S-d27f96,A-a8d89d,2024-11-23,,Enterprise,28,5572,66864,False,False,False,False,monthly,True,0,Company_326,EdTech,US,2023-12-08,ads,3.0,193.98333333333332,0.0,3.0,2.0,5.0,44.5,1
S-5a75eb,A-503d5a,2024-11-22,,Basic,10,190,2280,False,False,False,False,monthly,True,0,Company_99,FinTech,US,2023-10-21,other,4.0,197.41666666666666,1.0,4.0,9.0,4.0,36.55555555555556,0
S-fef8bf,A-484819,2024-01-01,,Enterprise,18,3582,42984,False,False,False,False,annual,True,0,Company_109,HealthTech,US,2023-02-21,organic,4.0,236.63333333333333,3.0,4.0,5.0,4.5,33.2,0
S-e2f1fd,A-d27f50,2024-12-02,,Pro,44,0,0,True,False,False,False,monthly,True,0,Company_163,Cybersecurity,UK,2024-07-20,ads,5.0,443.1166666666667,1.0,5.0,4.0,3.75,37.5,0
S-1c406a,A-82861f,2024-07-10,,Enterprise,53,10547,126564,False,False,False,False,monthly,True,0,Company_350,DevTools,UK,2024-04-25,organic,4.0,197.53333333333333,5.0,4.0,5.0,3.2,24.4,0
S-80dc6b,A-b07b56,2024-12-21,,Basic,25,0,0,True,False,False,False,annual,True,0,Company_292,DevTools,US,2024-11-08,event,2.0,40.016666666666666,3.0,2.0,4.0,3.0,31.25,1
S-4faeb9,A-98a59a,2024-02-16,,Pro,56,2744,32928,False,True,False,False,monthly,True,0,Company_80,FinTech,UK,2023-08-04,partner,5.0,194.15,5.0,5.0,3.0,4.5,37.333333333333336,0
S-0e8781,A-34ea2f,2024-09-24,,Enterprise,23,0,0,True,False,False,False,monthly,False,0,Company_436,HealthTech,US,2024-08-15,organic,4.0,293.8,4.0,4.0,8.0,3.8,35.25,0
S-53a9f7,A-5b1bcd,2024-06-06,,Pro,73,3577,42924,False,False,False,False,annual,True,0,Company_166,DevTools,US,2023-09-16,organic,5.0,281.6,2.0,5.0,4.0,4.5,43.25,0
S-b95aac,A-2d1036,2024-12-16,,Pro,69,3381,40572,False,False,False,False,monthly,False,0,Company_399,FinTech,US,2024-06-14,ads,3.0,57.0,4.0,3.0,5.0,4.6,37.8,1
S-41a4cb,A-970c97,2024-07-13,,Pro,14,686,8232,False,False,False,False,annual,True,0,Company_477,HealthTech,DE,2024-03-01,other,6.0,394.48333333333335,0.0,6.0,1.0,5.0,61.0,0
S-7a6697,A-b9eed8,2024-05-07,,Pro,12,588,7056,False,False,True,False,annual,True,0,Company_189,Cybersecurity,US,2024-02-23,organic,5.0,204.33333333333334,4.0,5.0,5.0,3.75,29.2,0
S-bdf4de,A-6e7827,2024-03-22,,Enterprise,2,398,4776,False,False,False,False,annual,True,0,Company_372,DevTools,US,2023-03-26,other,3.0,109.45,3.0,3.0,2.0,3.5,51.0,1
S-2c617b,A-fda07f,2024-10-28,,Pro,51,0,0,True,False,False,False,annual,True,0,Company_230,Cybersecurity,FR,2024-08-11,partner,4.0,132.9,4.0,4.0,5.0,4.0,17.8,0
S-a54f87,A-756192,2024-08-11,,Basic,68,1292,15504,False,False,False,False,annual,True,0,Company_390,FinTech,IN,2023-06-11,other,10.0,511.1666666666667,2.0,10.0,3.0,4.0,37.333333333333336,0
S-30c045,A-eb7fac,2024-05-24,,Pro,92,4508,54096,False,False,False,False,monthly,True,0,Company_28,DevTools,US,2023-10-28,organic,7.0,362.43333333333334,3.0,7.0,4.0,4.0,34.0,0
S-af2d97,A-781cc0,2024-11-01,2024-11-02,Pro,28,1372,16464,False,False,False,True,monthly,False,1,Company_499,EdTech,US,2024-09-04,organic,4.0,199.23333333333332,3.0,4.0,4.0,3.6666666666666665,57.5,0
S-bfe8ca,A-22f2df,2024-12-22,,Pro,61,2989,35868,False,False,False,False,annual,True,0,Company_106,DevTools,US,2024-12-14,ads,5.0,219.33333333333334,0.0,5.0,5.0,5.0,44.8,0
S-91da84,A-6c093d,2024-03-08,2024-09-19,Pro,7,343,4116,False,False,False,True,annual,True,1,Company_12,DevTools,US,2023-04-14,partner,3.0,164.43333333333334,1.0,3.0,3.0,5.0,40.333333333333336,1
S-ba7f2a,A-417d2f,2024-01-24,,Basic,14,266,3192,False,False,False,False,annual,True,0,Company_285,Cybersecurity,IN,2023-07-04,partner,7.0,343.48333333333335,5.0,7.0,6.0,4.333333333333333,43.5,0
S-d7ef67,A-558c72,2024-03-07,,Basic,12,228,2736,False,True,False,False,monthly,False,0,Company_438,FinTech,US,2023-06-01,organic,1.0,108.71666666666667,0.0,1.0,4.0,4.5,64.25,1
S-ec58ac,A-5a184f,2023-11-30,,Pro,41,2009,24108,False,False,False,False,annual,True,0,Company_124,DevTools,DE,2023-06-19,other,6.0,236.93333333333334,5.0,6.0,3.0,4.333333333333333,15.333333333333334,0
S-526874,A-cc8c8f,2024-12-17,,Enterprise,23,4577,54924,False,False,False,False,annual,True,0,Company_482,DevTools,US,2024-06-16,ads,4.0,145.65,3.0,4.0,2.0,3.5,14.5,0
S-2fe6c0,A-ac9111,2024-12-21,,Basic,21,399,4788,False,False,False,False,annual,True,0,Company_487,HealthTech,US,2023-08-12,event,2.0,93.41666666666667,3.0,2.0,3.0,5.0,24.666666666666668,1
S-6c7227,A-a33200,2024-12-14,,Pro,51,2499,29988,False,False,False,False,monthly,True,0,Company_352,HealthTech,US,2024-09-15,partner,5.0,277.3666666666667,0.0,5.0,3.0,4.5,36.333333333333336,0
S-bbd26a,A-df10db,2024-06-24,,Basic,3,57,684,False,False,False,False,monthly,True,0,Company_143,DevTools,US,2023-06-06,other,4.0,216.46666666666667,5.0,4.0,2.0,3.0,68.5,0
S-4ef4fd,A-eb7fac,2024-09-19,,Pro,7,343,4116,False,False,False,False,annual,True,0,Company_28,DevTools,US,2023-10-28,organic,12.0,566.4333333333333,9.0,12.0,4.0,4.0,34.0,0
S-6b0a2f,A-d49cc5,2024-03-26,,Pro,50,2450,29400,False,False,False,False,annual,True,0,Company_275,Cybersecurity,FR,2023-09-19,event,6.0,319.48333333333335,6.0,6.0,4.0,4.5,32.0,0
S-7f04ec,A-1b707d,2024-11-08,,Basic,24,456,5472,False,True,False,False,monthly,True,0,Company_56,Cybersecurity,US,2023-07-14,organic,8.0,432.75,0.0,8.0,3.0,,42.666666666666664,0
S-b553d7,A-5b1bcd,2024-10-16,,Enterprise,73,14527,174324,False,False,False,False,annual,True,0,Company_166,DevTools,US,2023-09-16,organic,8.0,375.28333333333336,5.0,8.0,4.0,4.5,43.25,0
S-31d9ee,A-39868b,2024-06-02,,Basic,9,171,2052,False,False,False,False,annual,True,0,Company_422,FinTech,AU,2024-03-17,partner,6.0,381.68333333333334,9.0,6.0,6.0,4.25,39.0,0
S-a8e49e,A-6da850,2024-01-17,,Enterprise,5,995,11940,False,False,False,False,monthly,True,0,Company_293,FinTech,IN,2023-10-07,organic,3.0,216.46666666666667,1.0,3.0,5.0,4.0,49.0,1
S-715ace,A-3c1a3f,2023-12-29,,Pro,1,0,0,True,False,False,False,annual,True,0,Company_224,DevTools,UK,2023-08-26,event,2.0,40.666666666666664,0.0,2.0,4.0,3.5,33.25,1
S-0a3e58,A-417d2f,2024-12-28,,Pro,33,1617,19404,False,False,False,False,monthly,True,0,Company_285,Cybersecurity,IN,2023-07-04,partner,2.0,76.86666666666666,2.0,2.0,6.0,4.333333333333333,43.5,1
S-23ccf4,A-9b9fe9,2024-10-27,,Basic,99,1881,22572,False,False,False,False,annual,False,0,Company_71,EdTech,AU,2023-09-28,other,8.0,361.1333333333333,0.0,8.0,4.0,4.0,33.5,0
S-fae334,A-d3c88e,2024-12-03,,Pro,31,1519,18228,False,False,False,False,monthly,False,0,Company_490,DevTools,US,2024-10-18,event,6.0,322.51666666666665,1.0,6.0,3.0,4.0,58.0,0
S-6e177f,A-3a5ad8,2024-05-17,,Pro,9,441,5292,False,False,False,False,monthly,True,0,Company_94,HealthTech,US,2023-12-05,organic,4.0,174.25,4.0,4.0,4.0,4.5,44.75,0
S-c18476,A-40906c,2024-09-28,,Pro,92,4508,54096,False,False,False,False,monthly,True,0,Company_235,EdTech,US,2024-03-27,ads,8.0,408.53333333333336,2.0,8.0,5.0,3.75,29.2,0
S-111683,A-e6afc1,2023-11-16,,Pro,68,3332,39984,False,False,False,False,monthly,True,0,Company_346,DevTools,US,2023-02-24,ads,3.0,248.71666666666667,3.0,3.0,0.0,,,0
S-5fe3e5,A-9b9fe9,2023-11-28,,Enterprise,5,995,11940,False,False,False,False,annual,False,0,Company_71,EdTech,AU,2023-09-28,other,4.0,241.85,0.0,4.0,4.0,4.0,33.5,0
S-5a37dc,A-cab532,2024-05-12,,Pro,11,539,6468,False,True,False,False,monthly,True,0,Company_218,DevTools,FR,2023-04-03,organic,5.0,254.91666666666666,3.0,5.0,1.0,4.0,32.0,0
S-a09e70,A-58b9ff,2024-10-13,,Basic,22,418,5016,False,True,False,False,annual,True,0,Company_425,DevTools,IN,2024-05-31,partner,9.0,445.3666666666667,6.0,9.0,2.0,4.0,66.0,0
S-8942cf,A-7dacce,2024-11-21,,Pro,12,588,7056,False,False,False,False,monthly,True,0,Company_8,Cybersecurity,CA,2024-09-10,event,2.0,63.266666666666666,0.0,2.0,4.0,3.6666666666666665,32.5,1
S-3c4cae,A-ccb686,2024-10-06,,Pro,29,1421,17052,False,True,False,False,annual,True,0,Company_491,DevTools,US,2024-01-22,other,7.0,337.48333333333335,3.0,7.0,1.0,4.0,67.0,0
S-8464b6,A-3932db,2024-07-24,2024-08-10,Pro,58,0,0,True,False,False,True,monthly,True,1,Company_144,HealthTech,CA,2023-10-04,other,2.0,56.3,0.0,2.0,6.0,4.333333333333333,41.0,1
S-936a83,A-54ecc2,2023-09-13,,Enterprise,34,0,0,True,False,False,False,monthly,True,0,Company_289,Cybersecurity,US,2023-06-11,partner,6.0,291.26666666666665,2.0,6.0,5.0,5.0,37.4,0
S-ed2bb5,A-e4bf56,2024-11-17,,Enterprise,17,3383,40596,False,False,False,False,monthly,True,0,Company_272,HealthTech,IN,2024-10-28,ads,3.0,123.9,2.0,3.0,8.0,3.6666666666666665,29.125,1
S-dd220e,A-6da850,2024-06-02,,Enterprise,37,7363,88356,False,False,False,False,monthly,True,0,Company_293,FinTech,IN,2023-10-07,organic,13.0,510.0833333333333,4.0,13.0,5.0,4.0,49.0,0
S-07aba0,A-3b37d9,2023-04-11,,Enterprise,23,4577,54924,False,True,False,False,annual,True,0,Company_384,FinTech,US,2023-01-27,event,3.0,240.9,1.0,3.0,5.0,4.5,36.0,1
S-04ab7e,A-f6b2fb,2024-07-02,,Pro,23,1127,13524,False,False,False,False,annual,True,0,Company_418,DevTools,AU,2024-04-23,event,7.0,257.9166666666667,0.0,7.0,5.0,4.0,55.0,0
S-62c088,A-054577,2024-12-09,,Enterprise,85,16915,202980,False,False,False,False,monthly,True,0,Company_455,EdTech,UK,2024-04-28,ads,4.0,59.016666666666666,3.0,4.0,1.0,4.0,46.0,0
S-f71904,A-9a532a,2024-09-28,,Basic,62,0,0,True,False,False,False,monthly,True,0,Company_333,HealthTech,US,2024-07-06,partner,3.0,129.25,3.0,3.0,2.0,,57.5,1
S-302add,A-712f1c,2024-10-05,,Pro,17,833,9996,False,False,False,False,annual,True,0,Company_331,DevTools,US,2023-12-16,ads,7.0,359.01666666666665,2.0,7.0,6.0,4.0,41.666666666666664,0
S-39b5ce,A-902ef7,2024-12-11,,Enterprise,83,16517,198204,False,False,False,False,annual,True,0,Company_270,HealthTech,US,2024-09-03,other,5.0,329.46666666666664,4.0,5.0,2.0,4.0,48.5,0
S-15cfa1,A-054577,2024-05-03,,Pro,20,980,11760,False,False,False,False,annual,True,0,Company_455,EdTech,UK,2024-04-28,ads,1.0,57.75,2.0,1.0,1.0,4.0,46.0,1
S-90229f,A-1f0ac7,2024-07-11,,Pro,24,0,0,True,True,False,False,monthly,True,0,Company_3,HealthTech,UK,2023-08-27,other,3.0,73.98333333333333,0.0,3.0,2.0,,29.0,1
S-7ac9dd,A-ce550d,2024-11-24,,Pro,35,1715,20580,False,False,False,False,annual,False,0,Company_4,HealthTech,US,2024-10-27,event,7.0,289.26666666666665,4.0,7.0,7.0,3.8,42.285714285714285,0
S-3196e2,A-ee42db,2024-01-15,,Basic,13,0,0,True,False,False,False,annual,True,0,Company_77,EdTech,DE,2023-04-25,ads,3.0,192.91666666666666,0.0,3.0,4.0,3.0,33.75,1
S-51569a,A-e4bf56,2024-12-25,,Enterprise,22,4378,52536,False,False,False,False,monthly,True,0,Company_272,HealthTech,IN,2024-10-28,ads,5.0,310.05,0.0,5.0,8.0,3.6666666666666665,29.125,0
S-dc86fa,A-72799b,2024-09-02,,Pro,30,0,0,True,False,False,False,monthly,True,0,Company_394,DevTools,FR,2023-11-13,event,3.0,52.53333333333333,3.0,3.0,2.0,4.5,33.5,1
S-c881bc,A-8b25f2,2024-05-02,2024-07-19,Basic,10,190,2280,False,False,False,True,monthly,True,1,Company_96,Cybersecurity,US,2024-02-17,ads,2.0,217.31666666666666,0.0,2.0,2.0,4.0,35.5,1
S-25ee09,A-94f8c9,2024-04-11,,Enterprise,13,2587,31044,False,True,False,False,monthly,True,0,Company_51,HealthTech,US,2024-03-29,other,4.0,170.83333333333334,0.0,4.0,3.0,5.0,47.333333333333336,0
S-5631a9,A-2d1036,2024-07-16,,Enterprise,69,13731,164772,False,False,False,False,annual,True,0,Company_399,FinTech,US,2024-06-14,ads,6.0,261.06666666666666,2.0,6.0,5.0,4.6,37.8,0
S-ad8908,A-18793f,2024-12-19,,Pro,148,7252,87024,False,False,False,False,annual,False,0,Company_488,EdTech,US,2024-12-18,organic,2.0,135.05,0.0,2.0,5.0,3.8,45.2,1
S-ac3a32,A-e08cd3,2024-10-20,,Enterprise,67,13333,159996,False,False,False,False,monthly,True,0,Company_475,FinTech,US,2024-09-21,ads,4.0,255.35,4.0,4.0,8.0,4.0,30.375,0
S-b90a53,A-69fad4,2024-02-10,,Basic,11,209,2508,False,False,False,False,annual,True,0,Company_103,FinTech,UK,2023-04-06,ads,2.0,43.333333333333336,0.0,2.0,4.0,3.6666666666666665,43.0,1
S-4d2bda,A-bbc346,2024-09-27,,Basic,19,0,0,True,True,False,False,annual,True,0,Company_138,FinTech,US,2024-08-29,partner,3.0,173.61666666666667,3.0,3.0,3.0,4.5,45.333333333333336,1
S-cce34b,A-462d45,2024-03-25,,Pro,18,882,10584,False,False,False,False,monthly,True,0,Company_13,Cybersecurity,US,2024-01-15,partner,5.0,178.0,0.0,5.0,4.0,4.0,26.75,0
S-cb3a85,A-1d5444,2024-07-28,,Basic,24,456,5472,False,False,False,False,annual,True,0,Company_427,Cybersecurity,US,2024-01-18,partner,5.0,317.73333333333335,2.0,5.0,2.0,4.0,30.0,0
S-129cf4,A-82d8a6,2024-12-11,,Pro,16,784,9408,False,True,False,False,monthly,True,0,Company_444,Cybersecurity,UK,2024-11-28,ads,5.0,229.76666666666668,2.0,5.0,5.0,3.5,42.2,0
S-2c8143,A-9bfc9f,2024-04-25,,Pro,53,0,0,True,False,False,False,monthly,True,0,Company_228,DevTools,CA,2023-09-14,ads,4.0,162.31666666666666,4.0,4.0,6.0,3.3333333333333335,35.333333333333336,0
S-8fd98a,A-f19409,2024-04-08,,Enterprise,40,7960,95520,False,False,False,False,monthly,True,0,Company_105,DevTools,US,2023-03-16,other,7.0,223.15,4.0,7.0,3.0,4.0,6.333333333333333,0
S-615915,A-eb7c38,2024-05-24,2024-10-19,Enterprise,90,17910,214920,False,False,False,True,monthly,True,1,Company_47,DevTools,AU,2024-02-25,organic,3.0,119.41666666666667,3.0,3.0,5.0,4.333333333333333,22.4,1
S-09cb75,A-c43359,2024-11-29,2024-12-30,Basic,38,722,8664,False,False,False,True,annual,True,1,Company_83,FinTech,US,2024-11-16,organic,7.0,308.76666666666665,2.0,7.0,3.0,4.0,26.666666666666668,0
S-bbcf43,A-b44e3e,2024-07-23,,Pro,40,0,0,True,False,False,False,monthly,True,0,Company_383,Cybersecurity,UK,2024-02-12,ads,3.0,167.38333333333333,2.0,3.0,3.0,4.333333333333333,40.0,1
S-ed55d2,A-039727,2024-11-07,,Enterprise,25,4975,59700,False,False,False,False,annual,True,0,Company_107,EdTech,AU,2024-11-02,organic,8.0,410.4,4.0,8.0,0.0,,,0
S-54ac93,A-ff3c73,2023-10-14,2023-12-10,Enterprise,25,0,0,True,False,False,True,annual,True,1,Company_244,HealthTech,AU,2023-01-26,other,5.0,201.78333333333333,2.0,5.0,2.0,3.5,35.5,0
S-5901a1,A-7dacce,2024-09-10,,Pro,12,0,0,True,False,False,False,annual,True,0,Company_8,Cybersecurity,CA,2024-09-10,event,5.0,308.15,4.0,5.0,4.0,3.6666666666666665,32.5,0
S-931899,A-af0cd2,2023-04-15,,Pro,19,931,11172,False,False,False,False,annual,True,0,Company_204,Cybersecurity,IN,2023-01-03,other,6.0,372.31666666666666,1.0,6.0,3.0,,54.333333333333336,0
S-21d7be,A-e1b9cd,2024-01-09,,Basic,40,760,9120,False,False,False,False,annual,True,0,Company_484,DevTools,US,2023-02-26,event,2.0,170.01666666666668,0.0,2.0,1.0,3.0,35.0,1
S-66a625,A-e1b9cd,2024-12-24,,Pro,40,1960,23520,False,False,False,False,monthly,True,0,Company_484,DevTools,US,2023-02-26,event,8.0,449.3333333333333,8.0,8.0,1.0,3.0,35.0,0
S-0bf451,A-3f9cc0,2024-06-24,,Enterprise,22,4378,52536,False,True,False,False,annual,True,0,Company_359,HealthTech,US,2024-06-03,event,9.0,477.75,3.0,9.0,5.0,4.5,34.8,0
S-f951ac,A-297a2d,2024-08-29,,Basic,27,513,6156,False,True,False,False,annual,True,0,Company_448,HealthTech,UK,2023-05-05,event,3.0,111.75,4.0,3.0,2.0,3.0,32.5,1
S-c2701b,A-50bb9f,2024-12-24,2024-12-24,Pro,36,1764,21168,False,False,False,True,monthly,False,1,Company_373,Cybersecurity,US,2024-07-12,organic,3.0,239.38333333333333,2.0,3.0,7.0,4.0,33.285714285714285,1
S-6cff7d,A-87aa7b,2024-07-18,,Basic,56,1064,12768,False,False,False,False,monthly,True,0,Company_433,HealthTech,US,2024-05-16,organic,4.0,264.6166666666667,1.0,4.0,3.0,,27.333333333333332,0
S-2ff628,A-118d55,2024-12-27,,Basic,8,152,1824,False,True,False,False,monthly,True,0,Company_65,Cybersecurity,US,2024-10-22,organic,8.0,426.65,7.0,8.0,5.0,4.333333333333333,24.2,0
S-c3ecd8,A-d82ef9,2024-10-30,,Basic,26,494,5928,False,False,False,False,monthly,False,0,Company_355,EdTech,UK,2024-07-02,other,4.0,161.13333333333333,7.0,4.0,5.0,4.25,39.8,0
S-ede33a,A-202b67,2024-07-07,2024-12-23,Enterprise,11,2189,26268,False,False,False,True,annual,True,1,Company_305,HealthTech,US,2024-03-22,organic,5.0,211.75,5.0,5.0,4.0,4.666666666666667,36.75,0
S-373c6e,A-dfbd31,2024-10-15,,Pro,14,686,8232,False,False,False,False,monthly,True,0,Company_190,DevTools,UK,2023-12-04,partner,3.0,249.13333333333333,2.0,3.0,6.0,4.25,29.666666666666668,1
S-c83dfd,A-249769,2024-06-08,,Basic,15,285,3420,False,False,False,False,monthly,True,0,Company_214,Cybersecurity,US,2024-04-25,event,7.0,309.15,3.0,7.0,2.0,4.0,39.5,0
S-215e9c,A-6965e1,2024-12-06,,Pro,18,882,10584,False,False,False,False,monthly,True,0,Company_379,DevTools,US,2024-11-25,organic,3.0,209.0,1.0,3.0,3.0,3.0,39.0,1
S-8da449,A-80eeb6,2023-10-22,,Basic,22,418,5016,False,False,False,False,annual,True,0,Company_402,Cybersecurity,UK,2023-05-09,organic,8.0,460.2,5.0,8.0,4.0,3.6666666666666665,40.25,0
S-c58ed5,A-9289f6,2024-04-08,,Pro,32,1568,18816,False,False,False,False,annual,True,0,Company_104,EdTech,US,2023-05-31,event,7.0,374.9,2.0,7.0,6.0,4.333333333333333,37.5,0
S-4b75c6,A-068fc6,2024-04-13,,Enterprise,35,6965,83580,False,False,False,False,annual,True,0,Company_465,EdTech,US,2023-07-17,event,6.0,393.9,4.0,6.0,5.0,4.333333333333333,38.8,0
S-3872fd,A-956988,2024-12-01,,Pro,2,0,0,True,False,False,False,monthly,False,0,Company_14,EdTech,UK,2024-11-30,ads,6.0,214.38333333333333,1.0,6.0,2.0,3.0,50.5,0
S-3f82f4,A-054577,2024-08-26,,Basic,90,1710,20520,False,False,False,False,monthly,True,0,Company_455,EdTech,UK,2024-04-28,ads,4.0,307.18333333333334,5.0,4.0,1.0,4.0,46.0,0
S-7277c8,A-a2485e,2024-11-16,,Basic,28,532,6384,False,False,False,False,annual,False,0,Company_467,FinTech,US,2024-08-04,event,6.0,448.71666666666664,1.0,6.0,0.0,,,0
S-827bc4,A-756192,2024-11-29,,Basic,23,437,5244,False,False,False,False,monthly,False,0,Company_390,FinTech,IN,2023-06-11,other,5.0,260.4,2.0,5.0,3.0,4.0,37.333333333333336,0
S-0efb82,A-94f8c9,2024-04-05,,Pro,13,637,7644,False,False,False,False,monthly,True,0,Company_51,HealthTech,US,2024-03-29,other,5.0,200.26666666666668,4.0,5.0,3.0,5.0,47.333333333333336,0
S-4c9c01,A-eb7c38,2024-09-26,2024-10-10,Basic,23,0,0,True,False,False,True,annual,True,1,Company_47,DevTools,AU,2024-02-25,organic,3.0,113.16666666666667,0.0,3.0,5.0,4.333333333333333,22.4,1
S-1f94ad,A-328bd0,2024-07-14,,Enterprise,18,3582,42984,False,False,False,False,annual,False,0,Company_237,HealthTech,AU,2023-05-16,partner,3.0,215.11666666666667,1.0,3.0,5.0,3.6666666666666665,46.0,1
S-6bb2c5,A-84ebe4,2024-11-18,,Enterprise,36,7164,85968,False,False,False,False,monthly,True,0,Company_68,FinTech,US,2023-03-12,ads,5.0,148.3,4.0,5.0,4.0,4.0,29.5,0
S-865af3,A-f97b9a,2024-11-07,,Pro,16,0,0,True,False,False,False,annual,False,0,Company_159,FinTech,US,2023-07-09,event,5.0,213.93333333333334,2.0,5.0,7.0,3.6666666666666665,31.714285714285715,0
S-f65381,A-118d55,2024-12-02,,Enterprise,16,3184,38208,False,False,False,False,annual,True,0,Company_65,Cybersecurity,US,2024-10-22,organic,8.0,428.78333333333336,3.0,8.0,5.0,4.333333333333333,24.2,0
S-115823,A-9f0b68,2024-10-02,,Enterprise,15,2985,35820,False,False,False,False,monthly,False,0,Company_489,EdTech,US,2024-04-28,ads,14.0,637.8,13.0,14.0,3.0,3.0,30.333333333333332,0
S-de66c3,A-ff3c73,2024-06-13,,Enterprise,21,0,0,True,False,False,False,monthly,True,0,Company_244,HealthTech,AU,2023-01-26,other,7.0,624.1666666666666,5.0,7.0,2.0,3.5,35.5,0
S-0ac09f,A-7e0a10,2024-03-09,,Enterprise,46,9154,109848,False,False,False,False,monthly,True,0,Company_64,FinTech,US,2023-11-18,ads,4.0,274.0833333333333,3.0,4.0,5.0,4.0,39.4,0
S-a02981,A-7920cc,2024-02-04,,Basic,39,741,8892,False,True,False,False,monthly,True,0,Company_412,Cybersecurity,FR,2023-11-23,ads,5.0,257.6166666666667,4.0,5.0,7.0,4.333333333333333,32.857142857142854,0
S-487d18,A-0354fe,2024-11-03,,Enterprise,34,0,0,True,False,False,False,annual,True,0,Company_380,Cybersecurity,US,2024-10-22,other,6.0,403.6333333333333,5.0,6.0,4.0,4.0,20.0,0
S-697d16,A-3932db,2024-12-31,,Enterprise,19,0,0,True,False,False,False,monthly,True,0,Company_144,HealthTech,CA,2023-10-04,other,4.0,233.0,0.0,4.0,6.0,4.333333333333333,41.0,0
S-f8e69c,A-52dd88,2023-10-10,,Pro,23,1127,13524,False,False,False,False,monthly,True,0,Company_127,Cybersecurity,US,2023-02-21,ads,4.0,247.06666666666666,3.0,4.0,1.0,,72.0,0
S-b279c9,A-50bb9f,2024-12-27,,Pro,54,2646,31752,False,False,False,False,annual,True,0,Company_373,Cybersecurity,US,2024-07-12,organic,0.0,0.0,0.0,0.0,7.0,4.0,33.285714285714285,1
S-9fc31d,A-a7bd4b,2024-06-02,2024-10-31,Enterprise,5,995,11940,False,False,False,True,annual,True,1,Company_363,Cybersecurity,US,2023-02-15,ads,3.0,55.4,0.0,3.0,6.0,3.25,36.833333333333336,1
S-3f2b4c,A-855a48,2024-02-27,,Pro,31,1519,18228,False,False,False,False,annual,True,0,Company_389,EdTech,US,2023-12-22,partner,5.0,484.01666666666665,2.0,5.0,5.0,3.6666666666666665,39.6,0
S-0459a1,A-8e47ca,2024-04-29,,Enterprise,19,3781,45372,False,False,False,False,monthly,False,0,Company_191,HealthTech,US,2024-02-15,organic,9.0,404.1333333333333,12.0,9.0,5.0,4.0,33.4,0
S-7dd478,A-f5641b,2024-10-13,,Enterprise,31,6169,74028,False,False,False,False,monthly,False,0,Company_382,EdTech,US,2024-03-30,other,4.0,309.76666666666665,0.0,4.0,4.0,3.0,47.5,0
S-ab2b5b,A-bbe56f,2023-09-06,,Basic,21,399,4788,False,True,False,False,monthly,True,0,Company_406,HealthTech,US,2023-02-16,ads,5.0,196.36666666666667,0.0,5.0,4.0,4.0,26.25,0
S-9df4f6,A-9174e0,2024-12-24,,Basic,37,703,8436,False,True,False,False,monthly,True,0,Company_73,Cybersecurity,US,2024-12-04,partner,3.0,80.95,0.0,3.0,2.0,5.0,39.0,1
S-9ce22d,A-726cfa,2024-08-10,,Pro,42,2058,24696,False,False,False,False,monthly,True,0,Company_82,DevTools,US,2023-07-01,partner,11.0,506.6166666666667,14.0,10.0,3.0,4.0,35.666666666666664,0
S-53b07a,A-b07b56,2024-12-08,,Pro,25,1225,14700,False,False,False,False,annual,True,0,Company_292,DevTools,US,2024-11-08,event,6.0,208.35,0.0,6.0,4.0,3.0,31.25,0
S-bf6d7b,A-8b25f2,2024-12-08,,Pro,29,1421,17052,False,False,True,False,annual,True,0,Company_96,Cybersecurity,US,2024-02-17,ads,4.0,217.61666666666667,2.0,4.0,2.0,4.0,35.5,0
S-5228d6,A-484819,2024-05-30,2024-08-05,Enterprise,26,5174,62088,False,True,False,True,annual,False,1,Company_109,HealthTech,US,2023-02-21,organic,5.0,262.73333333333335,4.0,5.0,5.0,4.5,33.2,0
S-4b9d7c,A-378b99,2024-12-05,,Pro,16,784,9408,False,False,True,False,annual,True,0,Company_60,EdTech,UK,2024-09-01,ads,7.0,434.8833333333333,1.0,7.0,6.0,4.5,28.5,0
S-79bb4c,A-f45426,2024-09-21,2024-11-03,Pro,11,539,6468,False,False,False,True,annual,False,1,Company_172,HealthTech,US,2024-08-05,organic,6.0,375.03333333333336,4.0,6.0,3.0,4.0,17.0,0
S-1bbf0a,A-812c5b,2024-12-02,,Pro,55,0,0,True,False,False,False,monthly,True,0,Company_395,DevTools,CA,2024-02-25,organic,11.0,679.2666666666667,5.0,11.0,4.0,4.0,27.0,0
S-a6820d,A-96bbc6,2024-12-12,,Pro,39,1911,22932,False,False,False,False,annual,False,0,Company_342,Cybersecurity,US,2024-05-07,organic,5.0,188.45,1.0,5.0,3.0,3.3333333333333335,51.333333333333336,0
S-7f219a,A-08e34e,2024-09-28,,Pro,14,686,8232,False,False,False,False,monthly,True,0,Company_32,EdTech,US,2024-06-27,event,5.0,366.4,1.0,5.0,3.0,3.0,43.0,0
S-3ca6d2,A-0e966d,2024-11-11,,Basic,35,665,7980,False,False,False,False,monthly,True,0,Company_493,FinTech,IN,2024-06-25,ads,7.0,372.4166666666667,3.0,7.0,3.0,4.5,31.666666666666668,0
S-f26ae0,A-92a333,2024-07-04,,Basic,9,171,2052,False,False,False,False,monthly,True,0,Company_116,FinTech,US,2023-03-24,event,8.0,382.03333333333336,1.0,8.0,4.0,,23.25,0
S-3bc591,A-1f7acb,2024-06-03,,Basic,64,0,0,True,False,True,False,annual,False,0,Company_281,FinTech,UK,2023-08-06,ads,7.0,390.7,2.0,7.0,7.0,4.4,41.714285714285715,0
S-a84e2b,A-afa505,2024-08-14,,Pro,70,0,0,True,True,False,False,monthly,False,0,Company_157,DevTools,US,2023-12-27,partner,5.0,381.51666666666665,3.0,5.0,4.0,3.0,37.25,0
S-12f05a,A-b9f5b1,2024-06-23,,Basic,15,285,3420,False,False,False,False,annual,False,0,Company_494,Cybersecurity,US,2023-01-24,other,6.0,221.7,3.0,6.0,6.0,3.3333333333333335,31.833333333333332,0
S-3476e2,A-cb6cc6,2024-09-07,,Basic,13,247,2964,False,True,False,False,monthly,False,0,Company_419,DevTools,US,2023-04-03,ads,8.0,309.48333333333335,4.0,8.0,3.0,3.5,16.333333333333332,0
S-ab0f4c,A-cd458b,2024-12-06,,Basic,25,475,5700,False,False,False,False,monthly,False,0,Company_430,DevTools,US,2024-06-15,other,5.0,271.3333333333333,4.0,5.0,5.0,4.6,38.4,0
S-23ae3c,A-186a44,2024-08-03,,Enterprise,24,4776,57312,False,False,False,False,monthly,True,0,Company_101,HealthTech,US,2023-08-07,ads,5.0,234.91666666666666,1.0,5.0,7.0,3.5,38.285714285714285,0
S-d2e82c,A-bcf87c,2024-11-09,,Enterprise,16,3184,38208,False,False,False,False,monthly,True,0,Company_288,FinTech,US,2024-06-27,event,5.0,247.3,0.0,5.0,2.0,4.0,63.0,0
S-041534,A-4e0e85,2024-06-06,,Pro,38,1862,22344,False,False,False,False,monthly,True,0,Company_409,DevTools,US,2023-09-08,organic,4.0,199.8,0.0,4.0,2.0,5.0,53.0,0
S-2f998d,A-d82ef9,2024-11-14,,Basic,26,494,5928,False,False,False,False,annual,False,0,Company_355,EdTech,UK,2024-07-02,other,2.0,135.51666666666668,3.0,2.0,5.0,4.25,39.8,1
S-5ffb84,A-fe79a5,2024-04-12,,Enterprise,9,0,0,True,True,False,False,monthly,True,0,Company_81,HealthTech,IN,2024-02-21,ads,3.0,121.43333333333334,0.0,3.0,4.0,5.0,28.5,1
S-ae9ce7,A-cbd1a3,2024-12-09,,Enterprise,12,2388,28656,False,True,False,False,monthly,True,0,Company_325,DevTools,US,2024-11-25,other,5.0,147.61666666666667,9.0,5.0,4.0,4.0,34.5,0
S-a707da,A-67be94,2024-12-18,,Pro,26,1274,15288,False,True,False,False,monthly,True,0,Company_276,EdTech,US,2023-04-04,organic,3.0,126.13333333333334,4.0,3.0,5.0,4.0,38.6,1
S-b37d03,A-019782,2023-06-08,,Pro,17,833,9996,False,True,False,False,annual,True,0,Company_142,DevTools,FR,2023-04-19,event,5.0,137.18333333333334,0.0,5.0,2.0,3.0,10.0,0
S-4473ec,A-c608c8,2024-10-12,,Pro,21,1029,12348,False,False,False,False,annual,True,0,Company_199,DevTools,DE,2023-04-27,ads,6.0,296.01666666666665,5.0,6.0,2.0,3.0,59.0,0
S-a81bcd,A-09540c,2024-04-11,,Basic,67,1273,15276,False,True,True,False,annual,False,0,Company_239,Cybersecurity,CA,2023-10-30,event,4.0,239.65,1.0,4.0,2.0,4.5,28.0,0
S-c4cef7,A-2e4581,2024-10-25,,Pro,13,637,7644,False,False,False,False,annual,False,0,Company_0,EdTech,US,2024-10-16,partner,7.0,353.9166666666667,2.0,7.0,2.0,3.0,23.0,0
S-2a6c1f,A-22f2df,2024-12-16,,Basic,3,57,684,False,False,False,False,annual,True,0,Company_106,DevTools,US,2024-12-14,ads,4.0,160.15,2.0,4.0,5.0,5.0,44.8,0
S-1712e6,A-9b9fe9,2023-12-10,2024-03-01,Pro,5,245,2940,False,False,False,True,monthly,True,1,Company_71,EdTech,AU,2023-09-28,other,6.0,251.65,2.0,6.0,4.0,4.0,33.5,0
S-cde950,A-3be56b,2024-12-01,,Basic,20,380,4560,False,False,False,False,annual,False,0,Company_200,HealthTech,IN,2023-10-26,event,7.0,434.85,9.0,7.0,4.0,3.5,40.25,0
S-ca98c9,A-3be56b,2024-08-23,,Basic,37,703,8436,False,False,False,False,monthly,True,0,Company_200,HealthTech,IN,2023-10-26,event,2.0,55.016666666666666,4.0,2.0,4.0,3.5,40.25,1
S-497d95,A-1d5444,2024-07-15,,Basic,24,456,5472,False,False,False,False,monthly,True,0,Company_427,Cybersecurity,US,2024-01-18,partner,1.0,13.733333333333333,0.0,1.0,2.0,4.0,30.0,1
S-63d104,A-0e966d,2024-09-03,,Basic,11,209,2508,False,False,False,False,annual,True,0,Company_493,FinTech,IN,2024-06-25,ads,2.0,126.8,0.0,2.0,3.0,4.5,31.666666666666668,1
S-c41762,A-9badbd,2024-12-21,2024-12-30,Enterprise,59,11741,140892,False,False,False,True,monthly,True,1,Company_63,Cybersecurity,DE,2024-06-19,ads,5.0,283.7,3.0,5.0,5.0,5.0,30.2,0
S-2fd379,A-f19409,2024-06-12,,Basic,28,0,0,True,True,False,False,annual,True,0,Company_105,DevTools,US,2023-03-16,other,5.0,285.23333333333335,2.0,5.0,3.0,4.0,6.333333333333333,0
S-11b2c6,A-855a48,2024-06-06,,Basic,14,266,3192,False,False,False,False,monthly,False,0,Company_389,EdTech,US,2023-12-22,partner,4.0,141.2,1.0,4.0,5.0,3.6666666666666665,39.6,0
S-899319,A-560d27,2024-07-23,,Enterprise,57,11343,136116,False,False,False,False,monthly,True,0,Company_266,DevTools,US,2024-05-05,organic,4.0,149.06666666666666,7.0,4.0,4.0,3.6666666666666665,30.75,0
S-542c37,A-812c5b,2024-12-27,,Pro,55,2695,32340,False,False,False,False,monthly,True,0,Company_395,DevTools,CA,2024-02-25,organic,4.0,200.01666666666668,3.0,4.0,4.0,4.0,27.0,0
S-cef05a,A-b7b7b7,2024-10-20,,Pro,29,0,0,True,False,False,False,monthly,True,0,Company_338,FinTech,US,2024-06-30,event,6.0,328.15,2.0,6.0,3.0,5.0,17.0,0
S-51f213,A-4e960a,2024-11-24,,Pro,12,588,7056,False,False,False,False,monthly,True,0,Company_277,FinTech,US,2024-01-17,other,2.0,78.85,3.0,2.0,6.0,4.0,29.166666666666668,1
S-e4b8fd,A-f446b6,2024-04-25,,Pro,53,2597,31164,False,False,False,False,monthly,False,0,Company_36,DevTools,DE,2023-05-12,ads,4.0,81.91666666666667,2.0,4.0,8.0,4.25,30.75,0
S-7ba2ad,A-692f18,2024-08-05,,Basic,14,266,3192,False,False,False,False,annual,False,0,Company_195,EdTech,US,2024-03-28,other,8.0,379.48333333333335,6.0,8.0,2.0,5.0,37.5,0
S-301b73,A-cab532,2024-11-22,,Basic,48,912,10944,False,False,False,False,annual,True,0,Company_218,DevTools,FR,2023-04-03,organic,7.0,257.35,10.0,7.0,1.0,4.0,32.0,0
S-dee62f,A-524364,2024-12-31,,Basic,12,228,2736,False,False,False,False,monthly,True,0,Company_388,DevTools,FR,2024-12-31,partner,5.0,201.9,2.0,5.0,3.0,4.333333333333333,47.666666666666664,0
S-8bc290,A-2d4502,2024-11-02,,Enterprise,30,5970,71640,False,False,False,False,annual,True,0,Company_45,FinTech,IN,2024-04-29,event,6.0,208.8,6.0,6.0,3.0,5.0,26.333333333333332,0
S-1f8215,A-f17767,2024-12-10,,Pro,15,735,8820,False,False,False,False,annual,True,0,Company_123,DevTools,US,2023-01-30,event,0.0,0.0,0.0,0.0,3.0,4.0,36.333333333333336,1
S-12e3ff,A-e43bf7,2023-05-21,,Enterprise,44,8756,105072,False,True,False,False,monthly,False,0,Company_215,Cybersecurity,AU,2023-03-24,other,4.0,203.45,4.0,4.0,5.0,4.0,27.4,0
S-23587d,A-db5e9e,2024-12-28,,Pro,12,588,7056,False,False,False,False,annual,True,0,Company_442,DevTools,US,2024-11-09,partner,6.0,392.0833333333333,6.0,6.0,2.0,5.0,66.0,0
S-0c5771,A-798a3f,2024-02-24,2024-11-10,Enterprise,12,0,0,True,False,False,True,annual,True,1,Company_463,DevTools,FR,2023-10-19,other,6.0,295.95,3.0,6.0,5.0,4.0,33.0,0
S-9d35cf,A-249769,2024-10-12,,Pro,6,294,3528,False,False,False,False,annual,True,0,Company_214,Cybersecurity,US,2024-04-25,event,3.0,160.88333333333333,0.0,3.0,2.0,4.0,39.5,1
S-f1cc81,A-7f8241,2023-03-27,,Basic,34,646,7752,False,False,False,False,annual,True,0,Company_42,EdTech,US,2023-03-14,organic,5.0,243.81666666666666,0.0,5.0,1.0,3.0,36.0,0
S-44046d,A-5a184f,2024-11-06,2024-12-13,Basic,36,684,8208,False,False,False,True,annual,True,1,Company_124,DevTools,DE,2023-06-19,other,3.0,115.7,1.0,3.0,3.0,4.333333333333333,15.333333333333334,1
S-97aa94,A-bb3bd4,2024-06-11,,Basic,23,437,5244,False,False,False,False,annual,True,0,Company_340,HealthTech,US,2024-01-27,ads,0.0,0.0,0.0,0.0,11.0,4.142857142857143,32.72727272727273,1
S-2ee940,A-8bde0c,2024-12-12,,Enterprise,12,2388,28656,False,False,False,False,annual,True,0,Company_287,DevTools,US,2024-11-04,organic,6.0,243.51666666666668,1.0,6.0,3.0,4.0,25.666666666666668,0
S-b2c291,A-ced9aa,2024-12-10,,Enterprise,3,597,7164,False,False,False,False,annual,True,0,Company_310,DevTools,US,2024-10-05,other,2.0,16.116666666666667,5.0,2.0,7.0,3.0,28.857142857142858,1
S-62b4fc,A-c42f1f,2024-12-29,,Basic,8,152,1824,False,False,False,False,monthly,True,0,Company_21,HealthTech,US,2024-07-28,other,2.0,90.66666666666667,1.0,2.0,9.0,4.0,31.333333333333332,1
S-6fa5cd,A-342303,2024-05-03,,Basic,17,323,3876,False,False,False,False,monthly,True,0,Company_294,EdTech,US,2024-03-16,other,8.0,233.4,3.0,8.0,3.0,4.5,29.333333333333332,0
S-33e4e2,A-a1b80b,2024-09-19,,Enterprise,16,3184,38208,False,False,True,False,annual,False,0,Company_184,HealthTech,US,2023-11-27,organic,4.0,219.85,0.0,4.0,4.0,4.0,41.0,0
S-718f18,A-659280,2024-06-05,,Enterprise,24,4776,57312,False,False,False,False,monthly,False,0,Company_417,FinTech,IN,2023-11-17,event,12.0,555.5666666666667,3.0,12.0,4.0,4.333333333333333,8.0,0
S-95a570,A-56962b,2024-11-20,2024-12-26,Pro,163,0,0,True,False,False,True,monthly,True,1,Company_177,EdTech,UK,2024-04-09,partner,3.0,180.26666666666668,3.0,3.0,4.0,3.0,37.5,1
S-b526e3,A-9c18c4,2024-09-07,,Enterprise,11,2189,26268,False,True,False,False,annual,True,0,Company_481,HealthTech,US,2023-07-27,ads,5.0,278.03333333333336,2.0,5.0,4.0,4.0,42.25,0
S-0bccd9,A-96bbc6,2024-12-25,,Basic,39,741,8892,False,False,True,False,monthly,True,0,Company_342,Cybersecurity,US,2024-05-07,organic,7.0,352.3666666666667,2.0,7.0,3.0,3.3333333333333335,51.333333333333336,0
S-f50b14,A-625d0b,2024-09-25,,Basic,9,0,0,True,False,False,False,annual,True,0,Company_290,EdTech,AU,2024-09-02,ads,4.0,189.53333333333333,3.0,4.0,5.0,3.0,48.4,0
S-0eff34,A-b2225d,2024-08-04,,Pro,47,2303,27636,False,False,False,False,monthly,False,0,Company_50,FinTech,US,2024-03-08,ads,11.0,769.7833333333333,8.0,10.0,2.0,3.0,42.0,0
S-06fb6f,A-50bb9f,2024-11-05,,Pro,30,1470,17640,False,False,False,False,annual,True,0,Company_373,Cybersecurity,US,2024-07-12,organic,2.0,104.41666666666667,0.0,2.0,7.0,4.0,33.285714285714285,1
S-24323f,A-cb6cc6,2024-03-20,,Pro,13,637,7644,False,False,False,False,monthly,False,0,Company_419,DevTools,US,2023-04-03,ads,5.0,287.78333333333336,9.0,5.0,3.0,3.5,16.333333333333332,0
S-e1e2bf,A-7da956,2024-09-24,2024-11-04,Basic,13,247,2964,False,False,True,True,annual,True,1,Company_141,Cybersecurity,US,2024-06-02,event,2.0,225.53333333333333,0.0,2.0,3.0,5.0,32.666666666666664,1
S-dacbda,A-1f559b,2024-07-25,,Pro,18,882,10584,False,False,False,False,monthly,True,0,Company_357,HealthTech,US,2023-09-04,organic,5.0,362.0,2.0,5.0,5.0,4.2,50.4,0
S-f66b5d,A-039727,2024-12-07,,Enterprise,25,0,0,True,False,False,False,annual,False,0,Company_107,EdTech,AU,2024-11-02,organic,2.0,139.06666666666666,0.0,2.0,0.0,,,0
S-62a6d7,A-6965e1,2024-12-20,,Pro,14,686,8232,False,False,False,False,monthly,True,0,Company_379,DevTools,US,2024-11-25,organic,5.0,190.3,5.0,5.0,3.0,3.0,39.0,0
S-c5a146,A-59f724,2024-07-15,,Basic,18,342,4104,False,True,False,False,annual,True,0,Company_432,HealthTech,US,2023-11-03,other,8.0,517.65,3.0,8.0,4.0,4.25,19.25,0
S-3ad334,A-158f4e,2024-11-23,,Enterprise,61,12139,145668,False,False,False,False,monthly,True,0,Company_180,FinTech,IN,2023-03-03,other,4.0,198.71666666666667,3.0,4.0,5.0,4.333333333333333,27.6,0
S-9c1bcb,A-17939a,2024-12-28,,Basic,51,969,11628,False,False,False,False,monthly,True,0,Company_162,HealthTech,US,2024-12-26,organic,7.0,201.2,7.0,7.0,7.0,4.5,38.0,0
S-3e8909,A-600734,2024-06-08,,Pro,39,1911,22932,False,True,False,False,annual,False,0,Company_327,DevTools,US,2023-11-14,organic,4.0,253.05,4.0,4.0,7.0,3.6666666666666665,52.57142857142857,0
S-6b200f,A-600734,2024-02-17,2024-05-30,Pro,29,1421,17052,False,True,False,True,annual,True,1,Company_327,DevTools,US,2023-11-14,organic,6.0,308.43333333333334,1.0,6.0,7.0,3.6666666666666665,52.57142857142857,0
S-ebbda6,A-558c72,2024-10-10,,Pro,15,735,8820,False,False,False,False,annual,True,0,Company_438,FinTech,US,2023-06-01,organic,5.0,199.08333333333334,6.0,5.0,4.0,4.5,64.25,0
S-c7a771,A-7920cc,2024-07-04,,Pro,39,1911,22932,False,False,False,False,monthly,True,0,Company_412,Cybersecurity,FR,2023-11-23,ads,4.0,161.63333333333333,5.0,4.0,7.0,4.333333333333333,32.857142857142854,0
S-b8097b,A-ccb686,2024-04-17,,Pro,34,0,0,True,False,False,False,monthly,False,0,Company_491,DevTools,US,2024-01-22,other,6.0,206.95,4.0,6.0,1.0,4.0,67.0,0
S-628842,A-6f8ad2,2024-08-26,,Enterprise,27,5373,64476,False,False,False,False,annual,True,0,Company_57,EdTech,IN,2024-07-09,organic,6.0,336.26666666666665,6.0,6.0,4.0,4.333333333333333,35.25,0
S-4690b3,A-068fc6,2024-12-16,2024-12-25,Enterprise,35,6965,83580,False,False,False,True,monthly,True,1,Company_465,EdTech,US,2023-07-17,event,8.0,491.3333333333333,6.0,8.0,5.0,4.333333333333333,38.8,0
S-8fbabd,A-aa9511,2024-08-21,2024-09-09,Enterprise,25,4975,59700,False,False,False,True,monthly,True,1,Company_203,DevTools,US,2023-10-10,other,7.0,355.35,5.0,7.0,2.0,4.0,56.5,0
S-6bab8f,A-eb7c38,2024-04-11,,Enterprise,13,0,0,True,False,False,False,annual,False,0,Company_47,DevTools,AU,2024-02-25,organic,3.0,114.75,0.0,3.0,5.0,4.333333333333333,22.4,1
S-e4cb85,A-34ea2f,2024-10-21,,Basic,29,551,6612,False,True,False,False,annual,True,0,Company_436,HealthTech,US,2024-08-15,organic,7.0,323.95,6.0,7.0,8.0,3.8,35.25,0
S-aeec81,A-e4bf56,2024-12-12,,Pro,19,931,11172,False,False,False,False,monthly,False,0,Company_272,HealthTech,IN,2024-10-28,ads,4.0,311.55,2.0,4.0,8.0,3.6666666666666665,29.125,0
S-5a3412,A-ccabf0,2024-05-21,,Basic,17,323,3876,False,False,False,False,annual,False,0,Company_471,HealthTech,IN,2023-11-06,organic,4.0,159.41666666666666,5.0,4.0,4.0,3.6666666666666665,46.25,0
S-4904cd,A-dcc3f1,2024-10-13,,Basic,21,399,4788,False,False,False,False,annual,False,0,Company_314,HealthTech,US,2023-12-27,event,7.0,304.1,3.0,7.0,9.0,3.8,35.666666666666664,0
S-1d4aa3,A-e61e98,2024-06-02,,Basic,19,361,4332,False,False,False,False,monthly,True,0,Company_115,FinTech,US,2023-10-20,partner,4.0,30.883333333333333,3.0,4.0,6.0,4.6,30.333333333333332,0
S-fcc241,A-443b7c,2024-09-25,,Enterprise,70,13930,167160,False,False,False,False,annual,True,0,Company_280,Cybersecurity,US,2024-09-06,other,5.0,348.2,0.0,5.0,8.0,4.4,29.25,0
S-b046ad,A-462d45,2024-09-24,,Basic,61,0,0,True,False,False,False,monthly,True,0,Company_13,Cybersecurity,US,2024-01-15,partner,7.0,344.78333333333336,5.0,7.0,4.0,4.0,26.75,0
S-0463f5,A-7df7a7,2023-09-16,,Pro,7,343,4116,False,False,False,False,monthly,True,0,Company_125,DevTools,US,2023-01-28,organic,2.0,144.5,1.0,2.0,3.0,4.0,28.0,1
S-68a558,A-a1bbb6,2023-04-17,,Pro,21,1029,12348,False,False,False,False,monthly,True,0,Company_74,DevTools,CA,2023-04-05,organic,2.0,132.01666666666668,1.0,2.0,3.0,4.0,17.666666666666668,1
S-b420be,A-0e966d,2024-06-30,,Enterprise,23,4577,54924,False,False,False,False,annual,True,0,Company_493,FinTech,IN,2024-06-25,ads,7.0,426.46666666666664,6.0,7.0,3.0,4.5,31.666666666666668,0
S-d74733,A-7641d3,2024-05-10,,Pro,12,588,7056,False,False,False,False,monthly,False,0,Company_429,EdTech,US,2023-02-16,partner,8.0,415.48333333333335,2.0,8.0,5.0,4.333333333333333,45.2,0
S-52280f,A-fa2041,2024-07-15,,Enterprise,16,3184,38208,False,False,False,False,annual,True,0,Company_211,HealthTech,US,2024-05-29,organic,2.0,62.86666666666667,0.0,2.0,1.0,3.0,16.0,1
S-0f949d,A-310452,2024-12-29,,Pro,9,441,5292,False,False,False,False,annual,True,0,Company_321,DevTools,FR,2024-12-25,other,6.0,238.13333333333333,7.0,6.0,5.0,3.6,34.2,0
S-38bf32,A-ed510f,2024-01-24,,Pro,42,2058,24696,False,False,False,False,annual,True,0,Company_361,Cybersecurity,IN,2023-01-17,partner,8.0,496.03333333333336,5.0,8.0,9.0,4.0,44.55555555555556,0
S-0c47cb,A-b9eed8,2024-08-27,,Basic,14,266,3192,False,False,False,False,annual,True,0,Company_189,Cybersecurity,US,2024-02-23,organic,10.0,381.15,4.0,10.0,5.0,3.75,29.2,0
S-28d64b,A-67be94,2024-04-03,,Basic,26,494,5928,False,False,False,False,monthly,True,0,Company_276,EdTech,US,2023-04-04,organic,6.0,202.13333333333333,2.0,6.0,5.0,4.0,38.6,0
S-003647,A-e36807,2024-12-23,,Enterprise,9,1791,21492,False,False,False,False,monthly,True,0,Company_164,EdTech,AU,2024-05-17,other,8.0,216.96666666666667,3.0,8.0,2.0,4.5,41.0,0
S-c0789c,A-7c5768,2024-12-02,,Enterprise,26,0,0,True,False,False,False,monthly,True,0,Company_407,HealthTech,UK,2024-03-02,event,4.0,208.06666666666666,2.0,4.0,5.0,4.0,28.8,0
S-fc3dcb,A-3b5cd1,2024-12-24,,Enterprise,32,6368,76416,False,False,False,False,annual,True,0,Company_49,FinTech,US,2023-09-12,event,6.0,379.18333333333334,1.0,6.0,5.0,4.0,27.4,0
S-1ffdd8,A-ef84cf,2024-08-08,,Basic,8,152,1824,False,False,False,False,monthly,True,0,Company_274,EdTech,US,2024-03-01,partner,6.0,292.56666666666666,1.0,6.0,5.0,4.333333333333333,34.8,0
S-e9a159,A-1f0636,2024-06-27,,Enterprise,105,20895,250740,False,False,False,False,monthly,False,0,Company_368,EdTech,AU,2024-01-01,partner,6.0,388.51666666666665,0.0,6.0,2.0,3.5,38.5,0
S-3803ff,A-b3fe05,2024-08-04,,Enterprise,50,9950,119400,False,False,False,False,monthly,True,0,Company_238,Cybersecurity,CA,2024-05-28,partner,4.0,252.36666666666667,0.0,4.0,4.0,3.0,48.25,0
S-aaf30f,A-40906c,2024-11-06,,Pro,92,4508,54096,False,False,False,False,annual,True,0,Company_235,EdTech,US,2024-03-27,ads,5.0,393.3833333333333,1.0,5.0,5.0,3.75,29.2,0
S-b362a5,A-8145a0,2023-10-17,,Basic,44,836,10032,False,False,False,False,annual,True,0,Company_33,Cybersecurity,AU,2023-04-25,partner,5.0,181.9,0.0,5.0,6.0,4.0,23.666666666666668,0
S-b07043,A-e98302,2024-11-22,,Basic,16,304,3648,False,False,False,False,annual,True,0,Company_286,EdTech,US,2023-12-26,ads,4.0,114.55,0.0,4.0,9.0,4.142857142857143,44.44444444444444,0
S-140d3a,A-ff3c73,2023-06-26,,Basic,21,399,4788,False,False,False,False,annual,True,0,Company_244,HealthTech,AU,2023-01-26,other,7.0,523.7833333333333,2.0,7.0,2.0,3.5,35.5,0
S-2eb247,A-8145a0,2024-02-01,2024-06-09,Enterprise,25,4975,59700,False,False,False,True,monthly,True,1,Company_33,Cybersecurity,AU,2023-04-25,partner,3.0,109.88333333333334,0.0,3.0,6.0,4.0,23.666666666666668,1
S-ef7534,A-ffdfd5,2024-12-20,2024-12-31,Pro,3,147,1764,False,False,False,True,monthly,True,1,Company_365,EdTech,US,2024-04-13,organic,7.0,330.05,6.0,7.0,0.0,,,0
S-b204c4,A-68f37c,2024-02-20,,Enterprise,9,1791,21492,False,False,False,False,annual,False,0,Company_202,HealthTech,US,2023-07-15,ads,5.0,294.95,0.0,5.0,5.0,4.0,20.2,0
S-c787e2,A-d5a319,2024-11-05,,Enterprise,45,8955,107460,False,False,False,False,annual,True,0,Company_158,FinTech,US,2023-05-04,other,4.0,208.95,2.0,4.0,1.0,4.0,17.0,0
S-e60430,A-86902e,2023-12-26,,Enterprise,61,12139,145668,False,True,False,False,annual,False,0,Company_169,HealthTech,IN,2023-05-02,other,5.0,150.55,3.0,5.0,9.0,3.5,40.888888888888886,0
S-92afb8,A-9174e0,2024-12-28,,Enterprise,37,7363,88356,False,True,False,False,annual,True,0,Company_73,Cybersecurity,US,2024-12-04,partner,11.0,621.3333333333334,10.0,11.0,2.0,5.0,39.0,0
S-0b7eba,A-7f4db3,2023-03-11,,Enterprise,8,1592,19104,False,False,False,False,monthly,False,0,Company_441,FinTech,US,2023-03-05,other,7.0,454.8666666666667,1.0,7.0,5.0,3.25,16.6,0
S-a113a2,A-d4ac0e,2024-10-20,,Enterprise,18,3582,42984,False,False,False,False,monthly,True,0,Company_364,DevTools,UK,2024-04-20,ads,8.0,580.5666666666667,4.0,8.0,4.0,3.5,21.0,0
S-624857,A-69b156,2023-12-27,,Enterprise,7,1393,16716,False,False,False,False,monthly,True,0,Company_396,EdTech,US,2023-11-21,other,3.0,145.11666666666667,2.0,3.0,7.0,4.0,32.0,1
S-b95c5c,A-20736a,2024-10-13,,Enterprise,64,12736,152832,False,False,False,False,monthly,True,0,Company_271,EdTech,IN,2024-03-16,organic,5.0,189.43333333333334,0.0,5.0,4.0,3.75,42.25,0
S-6bd42d,A-5247b3,2024-06-19,,Basic,16,304,3648,False,False,False,False,monthly,True,0,Company_375,FinTech,UK,2024-03-12,partner,6.0,179.25,6.0,6.0,5.0,4.0,45.8,0
S-45ab1a,A-1d5444,2024-04-19,,Basic,24,456,5472,False,False,False,False,annual,True,0,Company_427,Cybersecurity,US,2024-01-18,partner,6.0,393.95,5.0,6.0,2.0,4.0,30.0,0
S-7fc49b,A-50bb9f,2024-08-11,,Pro,7,343,4116,False,True,False,False,monthly,True,0,Company_373,Cybersecurity,US,2024-07-12,organic,4.0,337.23333333333335,2.0,4.0,7.0,4.0,33.285714285714285,0
S-06b9f0,A-c37601,2024-12-30,,Pro,8,0,0,True,False,False,False,annual,True,0,Company_48,EdTech,US,2024-10-31,partner,4.0,248.11666666666667,0.0,4.0,4.0,3.6666666666666665,42.25,0
S-3b43b5,A-7920cc,2024-06-18,,Pro,39,1911,22932,False,False,False,False,annual,True,0,Company_412,Cybersecurity,FR,2023-11-23,ads,1.0,97.9,0.0,1.0,7.0,4.333333333333333,32.857142857142854,1
S-78554e,A-2922b6,2024-12-05,,Basic,51,969,11628,False,False,False,False,monthly,True,0,Company_70,HealthTech,US,2024-11-14,organic,7.0,330.81666666666666,1.0,7.0,2.0,4.0,15.5,0
S-f83811,A-f97b9a,2024-07-06,,Basic,16,304,3648,False,False,False,False,annual,True,0,Company_159,FinTech,US,2023-07-09,event,1.0,10.8,0.0,1.0,7.0,3.6666666666666665,31.714285714285715,1
S-3d0e64,A-cbbe12,2023-12-05,,Pro,40,0,0,True,False,False,False,monthly,True,0,Company_450,Cybersecurity,DE,2023-03-22,partner,5.0,169.33333333333334,3.0,5.0,6.0,4.25,38.0,0
S-0f15b7,A-3a5ad8,2024-04-16,,Pro,9,441,5292,False,False,False,False,monthly,True,0,Company_94,HealthTech,US,2023-12-05,organic,3.0,238.76666666666668,0.0,3.0,4.0,4.5,44.75,1
S-24ecbf,A-92a333,2024-03-17,,Enterprise,9,1791,21492,False,False,False,False,monthly,True,0,Company_116,FinTech,US,2023-03-24,event,6.0,141.55,3.0,6.0,4.0,,23.25,0
S-03906f,A-c1e51e,2024-11-28,,Basic,25,475,5700,False,False,False,False,annual,True,0,Company_173,FinTech,US,2024-10-02,organic,4.0,108.56666666666666,0.0,4.0,5.0,3.2,40.0,0
S-a4d69d,A-592832,2024-12-11,,Basic,18,342,4104,False,False,False,False,monthly,True,0,Company_10,Cybersecurity,US,2024-09-25,organic,9.0,409.93333333333334,11.0,9.0,3.0,5.0,32.666666666666664,0
S-9a8646,A-098560,2024-04-29,,Basic,10,190,2280,False,False,False,False,monthly,True,0,Company_349,DevTools,UK,2023-10-21,ads,4.0,140.11666666666667,2.0,4.0,2.0,3.0,28.0,0
S-3d7bed,A-2e4581,2024-12-22,,Basic,44,836,10032,False,False,False,False,monthly,True,0,Company_0,EdTech,US,2024-10-16,partner,8.0,405.6,5.0,8.0,2.0,3.0,23.0,0
S-a9a707,A-71615e,2024-08-24,,Pro,51,2499,29988,False,True,False,False,monthly,False,0,Company_167,EdTech,US,2024-05-18,organic,4.0,216.83333333333334,0.0,4.0,1.0,,49.0,0
S-1eba7d,A-4e0e85,2024-12-14,,Enterprise,39,0,0,True,True,False,False,annual,True,0,Company_409,DevTools,US,2023-09-08,organic,5.0,278.6166666666667,1.0,5.0,2.0,5.0,53.0,0
S-7863b1,A-b11cd0,2023-04-01,,Basic,26,0,0,True,False,False,False,monthly,True,0,Company_439,DevTools,US,2023-01-20,ads,4.0,184.3,4.0,4.0,4.0,4.0,38.5,0
S-8d3495,A-cbd1a3,2024-12-26,,Basic,37,703,8436,False,True,False,False,monthly,True,0,Company_325,DevTools,US,2024-11-25,other,7.0,427.15,0.0,7.0,4.0,4.0,34.5,0
S-509e88,A-781cc0,2024-10-18,,Basic,21,399,4788,False,False,False,False,monthly,True,0,Company_499,EdTech,US,2024-09-04,organic,5.0,162.96666666666667,1.0,5.0,4.0,3.6666666666666665,57.5,0
S-35ff9e,A-ffc04f,2024-09-09,,Enterprise,19,3781,45372,False,False,False,False,monthly,False,0,Company_307,EdTech,US,2024-06-06,ads,4.0,351.4,3.0,4.0,7.0,4.5,17.714285714285715,0
S-c84ce4,A-bc87bc,2024-11-06,,Enterprise,22,4378,52536,False,False,False,False,monthly,True,0,Company_456,FinTech,US,2024-07-17,event,3.0,112.16666666666667,1.0,3.0,7.0,3.75,40.57142857142857,1
S-75c438,A-92a3af,2024-08-14,,Pro,34,1666,19992,False,False,False,False,monthly,True,0,Company_259,Cybersecurity,IN,2024-07-07,organic,6.0,305.46666666666664,7.0,6.0,4.0,4.0,57.5,0
S-ccd045,A-96215d,2024-08-17,,Enterprise,10,1990,23880,False,False,False,False,monthly,True,0,Company_318,FinTech,US,2024-08-08,event,6.0,268.53333333333336,4.0,6.0,1.0,3.0,25.0,0
S-28e7bf,A-5a92e7,2024-08-29,,Pro,27,1323,15876,False,False,False,False,monthly,True,0,Company_413,HealthTech,US,2024-06-11,ads,4.0,292.78333333333336,2.0,4.0,7.0,4.4,45.0,0
S-656302,A-e60f9d,2024-10-11,,Enterprise,29,5771,69252,False,False,False,False,monthly,True,0,Company_178,FinTech,US,2024-08-26,other,4.0,118.43333333333334,0.0,4.0,2.0,,70.5,0
S-c5cee8,A-31ab9a,2024-04-23,,Pro,73,3577,42924,False,False,False,False,monthly,True,0,Company_460,FinTech,DE,2024-03-03,organic,4.0,308.53333333333336,4.0,4.0,7.0,3.5,43.142857142857146,0
S-d6aefa,A-65c341,2024-03-14,,Enterprise,84,16716,200592,False,False,False,False,annual,True,0,Company_308,FinTech,US,2023-12-26,ads,8.0,625.2,2.0,8.0,5.0,4.0,41.4,0
S-354f6f,A-c58f49,2024-11-24,,Enterprise,70,13930,167160,False,False,False,False,annual,True,0,Company_480,EdTech,US,2024-07-31,other,5.0,232.06666666666666,4.0,5.0,3.0,5.0,36.333333333333336,0
S-14f39f,A-9affe6,2024-06-22,2024-12-10,Basic,19,361,4332,False,False,False,True,monthly,True,1,Company_401,Cybersecurity,US,2023-03-22,other,5.0,264.71666666666664,1.0,5.0,3.0,3.0,58.0,0
S-c7667c,A-c1e51e,2024-11-02,,Pro,10,490,5880,False,False,False,False,monthly,True,0,Company_173,FinTech,US,2024-10-02,organic,6.0,346.85,7.0,6.0,5.0,3.2,40.0,0
S-85f2ab,A-180abf,2024-12-17,,Pro,64,3136,37632,False,False,False,False,monthly,True,0,Company_122,DevTools,US,2023-08-14,event,4.0,80.61666666666666,3.0,4.0,3.0,3.0,36.333333333333336,0
S-2d2a88,A-bbe56f,2024-04-04,,Basic,21,0,0,True,False,False,False,annual,True,0,Company_406,HealthTech,US,2023-02-16,ads,6.0,256.85,0.0,6.0,4.0,4.0,26.25,0
S-58d17c,A-396e5f,2024-12-02,,Enterprise,2,398,4776,False,False,False,False,monthly,True,0,Company_30,Cybersecurity,CA,2024-10-02,other,8.0,392.25,4.0,8.0,5.0,4.0,24.8,0
S-941e0f,A-1e6fc3,2024-08-28,,Basic,11,0,0,True,False,False,False,annual,True,0,Company_434,EdTech,FR,2023-12-06,other,6.0,367.5833333333333,11.0,6.0,5.0,3.6666666666666665,23.8,0
S-f0c3f6,A-6f50ae,2024-06-16,,Enterprise,50,9950,119400,False,False,False,False,annual,True,0,Company_466,FinTech,US,2023-09-21,partner,4.0,290.7,1.0,4.0,5.0,4.5,31.0,0
S-00837c,A-089363,2024-11-15,2024-11-27,Enterprise,43,8557,102684,False,False,False,True,annual,False,1,Company_387,FinTech,AU,2023-05-06,event,4.0,143.96666666666667,7.0,4.0,3.0,3.6666666666666665,35.0,0
S-904886,A-e36807,2024-06-20,2024-08-09,Pro,38,1862,22344,False,False,False,True,annual,False,1,Company_164,EdTech,AU,2024-05-17,other,6.0,412.1166666666667,1.0,6.0,2.0,4.5,41.0,0
S-d0bb87,A-5f7781,2024-12-07,,Pro,22,1078,12936,False,False,False,False,annual,True,0,Company_483,DevTools,US,2024-08-20,other,3.0,188.3,2.0,3.0,2.0,4.0,28.5,1
S-9ae8de,A-779e4e,2023-03-27,,Pro,21,1029,12348,False,True,True,False,monthly,True,0,Company_193,HealthTech,US,2023-01-02,organic,3.0,130.0,2.0,3.0,5.0,4.0,26.6,1
S-f971ab,A-4bfa33,2024-12-10,,Pro,13,637,7644,False,False,False,False,annual,True,0,Company_251,Cybersecurity,US,2024-12-07,event,7.0,242.2,2.0,7.0,4.0,3.6666666666666665,16.5,0
S-ae4bb3,A-89ee83,2024-11-22,,Pro,74,3626,43512,False,True,False,False,annual,True,0,Company_312,Cybersecurity,US,2024-10-04,organic,5.0,245.18333333333334,3.0,5.0,5.0,4.0,21.8,0
S-b8ca59,A-80eeb6,2024-02-27,,Enterprise,22,4378,52536,False,False,False,False,monthly,True,0,Company_402,Cybersecurity,UK,2023-05-09,organic,2.0,74.83333333333333,1.0,2.0,4.0,3.6666666666666665,40.25,1
S-3ae7af,A-902ef7,2024-12-18,,Basic,83,0,0,True,False,False,False,monthly,True,0,Company_270,HealthTech,US,2024-09-03,other,4.0,163.61666666666667,0.0,4.0,2.0,4.0,48.5,0
S-ed2593,A-e1b9cd,2023-05-28,,Pro,100,4900,58800,False,False,True,False,monthly,False,0,Company_484,DevTools,US,2023-02-26,event,5.0,286.3666666666667,1.0,5.0,1.0,3.0,35.0,0
S-ac4799,A-86fc1d,2024-10-14,2024-10-20,Enterprise,26,0,0,True,True,False,True,monthly,True,1,Company_328,DevTools,UK,2024-07-26,partner,6.0,294.3333333333333,7.0,6.0,5.0,4.0,27.0,0
S-2b35cc,A-9f2731,2024-11-11,,Pro,13,637,7644,False,False,True,False,monthly,True,0,Company_24,FinTech,IN,2024-10-04,event,3.0,120.46666666666667,0.0,3.0,0.0,,,0
S-9f59fd,A-158f4e,2024-09-03,,Basic,61,1159,13908,False,False,False,False,annual,False,0,Company_180,FinTech,IN,2023-03-03,other,5.0,244.8,2.0,5.0,5.0,4.333333333333333,27.6,0
S-19cb09,A-d42431,2024-10-17,,Enterprise,22,4378,52536,False,False,False,False,monthly,True,0,Company_378,FinTech,FR,2024-06-09,ads,8.0,420.1166666666667,7.0,8.0,4.0,4.0,24.25,0
S-909612,A-151c9a,2024-02-10,,Enterprise,23,4577,54924,False,False,False,False,monthly,True,0,Company_260,FinTech,US,2023-01-27,ads,7.0,389.6666666666667,0.0,7.0,2.0,3.5,31.0,0
S-01fa46,A-6f50ae,2024-01-08,,Basic,19,361,4332,False,False,False,False,annual,False,0,Company_466,FinTech,US,2023-09-21,partner,6.0,277.3833333333333,3.0,6.0,5.0,4.5,31.0,0
S-45c47e,A-d792a6,2023-08-01,,Basic,21,399,4788,False,False,False,False,annual,True,0,Company_486,DevTools,US,2023-01-23,organic,4.0,183.66666666666666,1.0,4.0,5.0,4.0,40.6,0
S-a50803,A-a45270,2024-12-23,,Basic,66,0,0,True,False,False,False,annual,True,0,Company_37,HealthTech,US,2024-06-24,ads,6.0,365.2,8.0,6.0,4.0,4.0,64.0,0
S-4984e3,A-f19409,2024-10-20,,Enterprise,23,4577,54924,False,False,False,False,monthly,True,0,Company_105,DevTools,US,2023-03-16,other,4.0,150.85,0.0,4.0,3.0,4.0,6.333333333333333,0
S-1f93cd,A-30b4ca,2024-08-25,,Basic,86,1634,19608,False,False,False,False,monthly,True,0,Company_23,EdTech,IN,2024-05-20,organic,2.0,140.93333333333334,0.0,2.0,3.0,4.0,57.666666666666664,1
S-6cf058,A-4a4c2d,2024-02-23,,Basic,54,0,0,True,False,False,False,monthly,True,0,Company_473,DevTools,US,2023-05-02,event,2.0,87.43333333333334,5.0,2.0,5.0,4.25,42.0,1
S-cd6d68,A-4814a3,2024-12-30,,Pro,87,4263,51156,False,False,False,False,monthly,True,0,Company_337,Cybersecurity,IN,2024-09-17,event,4.0,211.46666666666667,0.0,4.0,4.0,4.0,18.75,0
S-041553,A-c608c8,2023-12-16,,Pro,11,539,6468,False,False,False,False,annual,True,0,Company_199,DevTools,DE,2023-04-27,ads,4.0,175.15,0.0,4.0,2.0,3.0,59.0,0
S-3ea19d,A-4e44e8,2024-09-28,,Basic,10,0,0,True,False,False,False,monthly,True,0,Company_22,DevTools,US,2024-08-20,ads,6.0,496.06666666666666,0.0,6.0,3.0,3.3333333333333335,31.333333333333332,0
S-f62f59,A-96215d,2024-10-13,,Pro,21,1029,12348,False,False,False,False,annual,True,0,Company_318,FinTech,US,2024-08-08,event,3.0,87.21666666666667,0.0,3.0,1.0,3.0,25.0,1
S-c99814,A-9289f6,2024-03-05,,Pro,81,3969,47628,False,False,False,False,monthly,True,0,Company_104,EdTech,US,2023-05-31,event,7.0,264.78333333333336,4.0,7.0,6.0,4.333333333333333,37.5,0
S-23ba41,A-de58ca,2024-06-09,,Pro,15,735,8820,False,False,False,False,annual,True,0,Company_212,HealthTech,DE,2023-04-13,organic,4.0,40.5,3.0,4.0,5.0,3.3333333333333335,30.6,0
S-3981c7,A-c16b88,2024-03-08,,Pro,27,0,0,True,False,False,False,annual,True,0,Company_431,HealthTech,US,2023-12-02,event,4.0,287.06666666666666,3.0,4.0,3.0,3.0,48.333333333333336,0
S-6d507b,A-ffc04f,2024-06-08,,Enterprise,13,2587,31044,False,False,False,False,annual,True,0,Company_307,EdTech,US,2024-06-06,ads,8.0,387.23333333333335,4.0,8.0,7.0,4.5,17.714285714285715,0
S-1d3af2,A-c42f1f,2024-11-19,,Basic,8,152,1824,False,True,False,False,monthly,True,0,Company_21,HealthTech,US,2024-07-28,other,5.0,336.25,0.0,5.0,9.0,4.0,31.333333333333332,0
S-f53776,A-f446b6,2023-09-06,,Basic,12,228,2736,False,False,False,False,monthly,True,0,Company_36,DevTools,DE,2023-05-12,ads,5.0,315.06666666666666,5.0,5.0,8.0,4.25,30.75,0
S-e05ab8,A-0158bb,2024-12-10,,Pro,21,1029,12348,False,False,False,False,monthly,True,0,Company_461,FinTech,DE,2024-05-22,partner,2.0,69.8,3.0,2.0,1.0,3.0,32.0,1
S-da0b9b,A-3a7284,2024-12-21,2024-12-23,Pro,33,1617,19404,False,False,False,True,annual,True,1,Company_93,FinTech,US,2024-11-17,organic,5.0,325.1,5.0,5.0,3.0,3.5,56.333333333333336,0
S-131064,A-9f0b68,2024-10-19,,Enterprise,34,6766,81192,False,False,False,False,annual,True,0,Company_489,EdTech,US,2024-04-28,ads,8.0,320.05,2.0,8.0,3.0,3.0,30.333333333333332,0
S-541d7a,A-4f18f0,2024-09-05,2024-10-11,Pro,24,0,0,True,False,False,True,annual,False,1,Company_145,DevTools,CA,2024-04-21,other,1.0,76.5,0.0,1.0,5.0,4.0,39.2,1
S-2ddb46,A-4c38bc,2024-05-09,,Pro,36,1764,21168,False,False,False,False,monthly,True,0,Company_55,HealthTech,UK,2024-03-09,event,10.0,457.1,4.0,9.0,3.0,3.5,48.333333333333336,0
S-16cf6a,A-d792a6,2023-04-21,,Enterprise,12,2388,28656,False,False,False,False,annual,True,0,Company_486,DevTools,US,2023-01-23,organic,6.0,368.6,3.0,6.0,5.0,4.0,40.6,0
S-0a01c5,A-e888d1,2023-08-05,,Enterprise,16,3184,38208,False,False,False,False,monthly,False,0,Company_102,Cybersecurity,US,2023-03-28,other,4.0,133.11666666666667,5.0,4.0,5.0,4.0,43.0,0
S-ba8f61,A-e693b6,2024-09-26,,Basic,55,1045,12540,False,False,False,False,monthly,True,0,Company_240,FinTech,AU,2023-05-25,event,6.0,281.6,4.0,6.0,1.0,3.0,1.0,0
S-0ed7be,A-95b24a,2023-07-14,,Pro,47,2303,27636,False,False,False,False,monthly,False,0,Company_117,FinTech,US,2023-06-06,event,6.0,182.05,6.0,6.0,5.0,4.25,21.2,0
S-c985c4,A-7f8241,2023-05-22,,Basic,34,646,7752,False,False,False,False,annual,False,0,Company_42,EdTech,US,2023-03-14,organic,7.0,273.6666666666667,5.0,7.0,1.0,3.0,36.0,0
S-894692,A-c62e55,2024-02-22,,Pro,17,833,9996,False,False,False,False,monthly,True,0,Company_315,EdTech,US,2023-02-08,partner,5.0,230.2,2.0,5.0,4.0,4.0,27.5,0
S-2cec4e,A-76fa4d,2024-11-26,,Enterprise,69,13731,164772,False,False,False,False,monthly,True,0,Company_226,HealthTech,US,2024-11-24,event,6.0,357.18333333333334,4.0,6.0,5.0,4.5,33.4,0
S-aede24,A-751c58,2024-09-09,,Enterprise,15,2985,35820,False,True,False,False,annual,True,0,Company_393,FinTech,UK,2024-07-18,organic,5.0,228.65,0.0,5.0,5.0,4.333333333333333,39.6,0
S-d0af44,A-4e44e8,2024-08-23,,Basic,20,380,4560,False,True,False,False,annual,False,0,Company_22,DevTools,US,2024-08-20,ads,5.0,165.53333333333333,1.0,5.0,3.0,3.3333333333333335,31.333333333333332,0
S-3e0c7b,A-cc1d8d,2024-12-16,,Basic,84,1596,19152,False,False,False,False,annual,True,0,Company_440,FinTech,US,2024-12-08,other,4.0,176.0,2.0,4.0,5.0,4.5,30.2,0
S-3d0aa6,A-81edc3,2024-02-09,,Enterprise,7,0,0,True,False,False,False,monthly,True,0,Company_236,Cybersecurity,IN,2023-10-30,ads,3.0,212.43333333333334,5.0,3.0,3.0,4.0,52.666666666666664,1
S-0639f1,A-3be56b,2024-05-07,,Basic,25,0,0,True,False,False,False,annual,True,0,Company_200,HealthTech,IN,2023-10-26,event,4.0,163.65,0.0,4.0,4.0,3.5,40.25,0
S-907e70,A-993085,2023-08-05,,Basic,31,589,7068,False,False,False,False,monthly,True,0,Company_258,HealthTech,US,2023-06-01,ads,5.0,129.53333333333333,2.0,5.0,4.0,3.5,46.5,0
S-227856,A-310452,2024-12-26,,Pro,9,441,5292,False,False,False,False,annual,True,0,Company_321,DevTools,FR,2024-12-25,other,4.0,145.65,4.0,4.0,5.0,3.6,34.2,0
S-4af421,A-6c093d,2024-07-08,,Basic,27,513,6156,False,False,False,False,monthly,False,0,Company_12,DevTools,US,2023-04-14,partner,8.0,348.25,2.0,8.0,3.0,5.0,40.333333333333336,0
S-f4dbc7,A-65c341,2024-09-21,,Pro,11,539,6468,False,False,False,False,monthly,True,0,Company_308,FinTech,US,2023-12-26,ads,3.0,208.86666666666667,4.0,3.0,5.0,4.0,41.4,1
S-526a2c,A-9174e0,2024-12-21,,Pro,37,1813,21756,False,False,False,False,monthly,True,0,Company_73,Cybersecurity,US,2024-12-04,partner,9.0,535.9833333333333,8.0,9.0,2.0,5.0,39.0,0
S-aa5012,A-6f8ad2,2024-12-31,,Basic,41,779,9348,False,False,False,False,annual,False,0,Company_57,EdTech,IN,2024-07-09,organic,4.0,108.5,7.0,4.0,4.0,4.333333333333333,35.25,0
S-551502,A-bb1486,2024-12-09,,Basic,41,779,9348,False,False,False,False,monthly,False,0,Company_265,HealthTech,US,2024-11-05,organic,6.0,189.78333333333333,3.0,6.0,3.0,3.0,11.0,0
S-007e2c,A-cb5333,2024-09-06,,Pro,33,1617,19404,False,False,False,False,monthly,False,0,Company_370,DevTools,US,2024-03-26,ads,5.0,215.36666666666667,0.0,5.0,4.0,3.0,30.75,0
S-3e0991,A-9174e0,2024-12-07,2024-12-14,Enterprise,37,7363,88356,False,False,False,True,monthly,False,1,Company_73,Cybersecurity,US,2024-12-04,partner,3.0,43.0,0.0,3.0,2.0,5.0,39.0,1
S-fe0bc0,A-692f18,2024-03-29,,Enterprise,29,5771,69252,False,False,False,False,monthly,True,0,Company_195,EdTech,US,2024-03-28,other,4.0,202.86666666666667,3.0,4.0,2.0,5.0,37.5,0
S-ed76ff,A-1e1b80,2024-03-28,,Enterprise,50,9950,119400,False,False,False,False,monthly,True,0,Company_416,FinTech,CA,2023-09-12,other,4.0,180.7,1.0,4.0,6.0,3.2,43.0,0
S-c8d680,A-558c72,2024-01-16,2024-02-03,Enterprise,12,2388,28656,False,False,False,True,monthly,True,1,Company_438,FinTech,US,2023-06-01,organic,5.0,99.65,4.0,5.0,4.0,4.5,64.25,0
S-8b1b5a,A-592832,2024-12-17,,Pro,18,882,10584,False,False,False,False,annual,True,0,Company_10,Cybersecurity,US,2024-09-25,organic,3.0,175.85,1.0,3.0,3.0,5.0,32.666666666666664,1
S-c0d979,A-3932db,2024-09-19,,Enterprise,19,0,0,True,False,False,False,annual,True,0,Company_144,HealthTech,CA,2023-10-04,other,9.0,314.1166666666667,9.0,9.0,6.0,4.333333333333333,41.0,0
S-a8ae52,A-fda07f,2024-10-10,,Enterprise,26,0,0,True,False,True,False,annual,False,0,Company_230,Cybersecurity,FR,2024-08-11,partner,5.0,377.3833333333333,0.0,5.0,5.0,4.0,17.8,0
S-05aaef,A-883b7d,2024-08-03,,Pro,22,0,0,True,False,False,False,annual,True,0,Company_313,Cybersecurity,IN,2024-03-28,other,8.0,498.25,5.0,8.0,7.0,3.6,25.571428571428573,0
S-a14d4b,A-8b0451,2024-10-05,,Pro,43,2107,25284,False,False,False,False,annual,False,0,Company_245,FinTech,UK,2024-09-16,event,5.0,337.51666666666665,6.0,5.0,7.0,3.5,26.571428571428573,0
S-f97537,A-0aaf6e,2024-06-16,,Pro,37,1813,21756,False,False,False,False,monthly,False,0,Company_114,FinTech,US,2024-05-11,organic,3.0,138.1,7.0,3.0,5.0,4.0,45.0,1
S-d6dc7a,A-0e966d,2024-10-02,,Pro,11,539,6468,False,False,False,False,monthly,False,0,Company_493,FinTech,IN,2024-06-25,ads,10.0,290.96666666666664,5.0,10.0,3.0,4.5,31.666666666666668,0
S-ca6962,A-22d9d2,2024-04-01,2024-09-01,Pro,58,2842,34104,False,True,False,True,monthly,True,1,Company_188,DevTools,FR,2024-03-22,event,9.0,488.53333333333336,4.0,9.0,6.0,4.0,16.0,0
S-1f4c01,A-c42f1f,2024-11-22,,Pro,12,588,7056,False,False,False,False,monthly,False,0,Company_21,HealthTech,US,2024-07-28,other,5.0,142.11666666666667,7.0,5.0,9.0,4.0,31.333333333333332,0
S-d6f7cd,A-bd4513,2024-11-14,,Enterprise,50,9950,119400,False,False,False,False,annual,True,0,Company_205,DevTools,AU,2024-11-06,event,3.0,238.98333333333332,0.0,3.0,3.0,4.666666666666667,42.0,1
S-c847dc,A-22f2df,2024-12-26,,Pro,6,0,0,True,False,False,False,annual,False,0,Company_106,DevTools,US,2024-12-14,ads,5.0,163.36666666666667,2.0,5.0,5.0,5.0,44.8,0
S-dbe1b3,A-40906c,2024-11-13,,Pro,92,4508,54096,False,False,False,False,annual,True,0,Company_235,EdTech,US,2024-03-27,ads,3.0,228.03333333333333,3.0,3.0,5.0,3.75,29.2,1
S-26593b,A-328bd0,2024-05-22,,Pro,37,1813,21756,False,True,False,False,annual,True,0,Company_237,HealthTech,AU,2023-05-16,partner,7.0,401.85,7.0,7.0,5.0,3.6666666666666665,46.0,0
S-7d66fb,A-bb3bd4,2024-08-18,,Basic,23,437,5244,False,False,False,False,monthly,True,0,Company_340,HealthTech,US,2024-01-27,ads,7.0,508.55,4.0,7.0,11.0,4.142857142857143,32.72727272727273,0
S-4206eb,A-7df7a7,2023-09-07,,Enterprise,13,2587,31044,False,False,False,False,monthly,True,0,Company_125,DevTools,US,2023-01-28,organic,9.0,537.2,3.0,9.0,3.0,4.0,28.0,0
S-b998a9,A-fce879,2024-10-18,,Enterprise,10,1990,23880,False,False,False,False,annual,True,0,Company_291,EdTech,UK,2024-09-24,partner,7.0,586.9666666666667,1.0,7.0,2.0,4.0,28.0,0
S-040f03,A-31ab9a,2024-10-26,,Enterprise,14,2786,33432,False,False,False,False,annual,True,0,Company_460,FinTech,DE,2024-03-03,organic,3.0,88.08333333333333,3.0,3.0,7.0,3.5,43.142857142857146,1
S-440dde,A-8e47ca,2024-07-21,,Basic,19,361,4332,False,False,False,False,annual,True,0,Company_191,HealthTech,US,2024-02-15,organic,4.0,132.11666666666667,5.0,4.0,5.0,4.0,33.4,0
S-9a85ab,A-a8b49c,2024-06-02,,Basic,30,570,6840,False,False,False,False,annual,True,0,Company_72,Cybersecurity,UK,2023-10-06,partner,6.0,309.1666666666667,4.0,6.0,1.0,4.0,72.0,0
S-778c7e,A-544d0a,2024-12-19,,Enterprise,2,398,4776,False,True,False,False,annual,False,0,Company_153,DevTools,US,2024-05-02,organic,5.0,324.03333333333336,6.0,4.0,2.0,4.0,38.5,0
S-138c41,A-00cac8,2023-12-26,,Basic,19,361,4332,False,False,False,False,annual,True,0,Company_26,HealthTech,AU,2023-09-15,organic,7.0,438.93333333333334,4.0,7.0,2.0,,33.0,0
S-109e0c,A-f51f16,2024-03-14,,Enterprise,10,1990,23880,False,True,False,False,annual,True,0,Company_282,HealthTech,US,2023-12-25,partner,4.0,376.93333333333334,0.0,4.0,4.0,3.0,29.25,0
S-8e5be7,A-5ed98d,2024-11-01,,Pro,24,1176,14112,False,False,False,False,monthly,True,0,Company_479,DevTools,US,2024-06-22,partner,3.0,114.93333333333334,1.0,3.0,5.0,5.0,35.8,1
S-497428,A-cc8c8f,2024-10-07,,Basic,23,437,5244,False,False,False,False,monthly,True,0,Company_482,DevTools,US,2024-06-16,ads,3.0,90.81666666666666,1.0,3.0,2.0,3.5,14.5,1
S-846d41,A-1986ca,2024-09-02,,Enterprise,28,5572,66864,False,False,False,False,monthly,True,0,Company_197,HealthTech,IN,2023-01-30,ads,8.0,377.73333333333335,0.0,8.0,7.0,3.4,36.57142857142857,0
S-9def16,A-c16101,2024-12-10,,Enterprise,22,4378,52536,False,False,False,False,monthly,True,0,Company_139,EdTech,IN,2024-09-06,other,6.0,306.8666666666667,4.0,6.0,4.0,5.0,28.0,0
S-807f28,A-86fc1d,2024-11-05,,Enterprise,26,5174,62088,False,False,False,False,monthly,False,0,Company_328,DevTools,UK,2024-07-26,partner,6.0,209.96666666666667,2.0,6.0,5.0,4.0,27.0,0
S-056775,A-ee42db,2024-06-19,,Pro,115,5635,67620,False,True,False,False,annual,True,0,Company_77,EdTech,DE,2023-04-25,ads,6.0,325.98333333333335,3.0,6.0,4.0,3.0,33.75,0
S-39c024,A-7df7a7,2023-06-10,,Pro,29,0,0,True,False,False,False,annual,True,0,Company_125,DevTools,US,2023-01-28,organic,5.0,268.8333333333333,6.0,5.0,3.0,4.0,28.0,0
S-9e450b,A-89ee83,2024-12-21,2024-12-31,Enterprise,23,4577,54924,False,False,False,True,monthly,True,1,Company_312,Cybersecurity,US,2024-10-04,organic,4.0,231.55,1.0,4.0,5.0,4.0,21.8,0
S-e66964,A-e6afc1,2023-06-03,,Basic,51,969,11628,False,False,False,False,monthly,False,0,Company_346,DevTools,US,2023-02-24,ads,7.0,380.5,3.0,7.0,0.0,,,0
S-5a500d,A-592832,2024-09-26,,Basic,30,0,0,True,False,False,False,annual,True,0,Company_10,Cybersecurity,US,2024-09-25,organic,6.0,299.8333333333333,0.0,6.0,3.0,5.0,32.666666666666664,0
S-62fe77,A-34ea2f,2024-09-07,,Pro,23,1127,13524,False,False,False,False,annual,True,0,Company_436,HealthTech,US,2024-08-15,organic,3.0,175.11666666666667,0.0,3.0,8.0,3.8,35.25,1
S-3eb9c8,A-69fad4,2023-09-07,2024-02-11,Basic,35,665,7980,False,False,False,True,monthly,True,1,Company_103,FinTech,UK,2023-04-06,ads,3.0,242.36666666666667,1.0,3.0,4.0,3.6666666666666665,43.0,1
S-6fa3a3,A-139c3b,2024-12-30,,Pro,10,490,5880,False,False,False,False,annual,True,0,Company_185,HealthTech,US,2024-11-21,organic,5.0,192.78333333333333,3.0,5.0,9.0,4.5,28.444444444444443,0
S-8e5d9f,A-922109,2024-07-17,,Enterprise,41,8159,97908,False,False,False,False,monthly,True,0,Company_243,Cybersecurity,US,2024-01-26,ads,4.0,235.1,1.0,4.0,3.0,3.0,25.333333333333332,0
S-012ab9,A-b78bf8,2024-12-04,,Basic,33,627,7524,False,False,False,False,monthly,True,0,Company_148,DevTools,US,2024-11-15,event,7.0,282.96666666666664,2.0,6.0,5.0,4.2,24.2,0
S-b12284,A-0158bb,2024-06-29,,Basic,9,171,2052,False,False,False,False,annual,False,0,Company_461,FinTech,DE,2024-05-22,partner,6.0,330.3333333333333,1.0,6.0,1.0,3.0,32.0,0
S-ae355b,A-378b99,2024-11-08,,Enterprise,9,1791,21492,False,False,False,False,annual,True,0,Company_60,EdTech,UK,2024-09-01,ads,3.0,42.75,1.0,3.0,6.0,4.5,28.5,1
S-90432a,A-fe79a5,2024-12-04,2024-12-24,Enterprise,9,1791,21492,False,False,False,True,annual,False,1,Company_81,HealthTech,IN,2024-02-21,ads,4.0,126.63333333333334,0.0,4.0,4.0,5.0,28.5,0
S-e04d93,A-5a215a,2024-05-27,2024-12-30,Enterprise,87,17313,207756,False,False,False,True,monthly,True,1,Company_358,EdTech,FR,2024-01-05,other,6.0,342.3833333333333,6.0,6.0,4.0,4.0,29.5,0
S-0f569f,A-781cc0,2024-09-18,,Enterprise,12,2388,28656,False,False,False,False,monthly,True,0,Company_499,EdTech,US,2024-09-04,organic,2.0,162.16666666666666,0.0,2.0,4.0,3.6666666666666665,57.5,1
S-6d6bde,A-068fc6,2024-10-14,,Basic,35,665,7980,False,False,False,False,monthly,True,0,Company_465,EdTech,US,2023-07-17,event,5.0,206.3,2.0,5.0,5.0,4.333333333333333,38.8,0
S-0cbce0,A-5b4ebb,2024-10-15,,Pro,26,1274,15288,False,True,False,False,annual,True,0,Company_69,Cybersecurity,UK,2024-07-10,other,3.0,86.86666666666666,0.0,3.0,5.0,4.75,35.4,1
S-93cf65,A-ff3c73,2023-07-19,,Basic,21,0,0,True,False,False,False,annual,True,0,Company_244,HealthTech,AU,2023-01-26,other,2.0,42.31666666666667,0.0,2.0,2.0,3.5,35.5,1
S-c3aa52,A-19b2c8,2024-08-30,,Enterprise,20,0,0,True,True,False,False,monthly,False,0,Company_476,DevTools,IN,2023-06-06,other,4.0,87.28333333333333,1.0,4.0,3.0,4.666666666666667,29.333333333333332,0
S-68dca1,A-4ae22a,2024-12-23,,Basic,28,532,6384,False,False,False,False,annual,True,0,Company_229,EdTech,US,2024-05-09,other,4.0,253.26666666666668,4.0,4.0,3.0,3.0,14.333333333333334,0
S-a97ab5,A-e1b9cd,2024-09-28,,Pro,40,0,0,True,False,False,False,annual,False,0,Company_484,DevTools,US,2023-02-26,event,8.0,415.98333333333335,4.0,8.0,1.0,3.0,35.0,0
S-c68e80,A-2bc93d,2024-03-26,,Basic,95,1805,21660,False,False,False,False,monthly,True,0,Company_43,HealthTech,US,2023-03-14,event,6.0,292.1166666666667,6.0,6.0,2.0,4.5,12.0,0
S-0c9fdd,A-5b4ebb,2024-12-16,,Pro,30,1470,17640,False,False,False,False,annual,True,0,Company_69,Cybersecurity,UK,2024-07-10,other,5.0,223.23333333333332,2.0,5.0,5.0,4.75,35.4,0
S-d64a4e,A-cc98bc,2023-10-24,,Basic,32,608,7296,False,False,False,False,monthly,True,0,Company_469,DevTools,US,2023-05-24,ads,3.0,212.6,0.0,3.0,3.0,4.0,4.666666666666667,1
S-efcb1e,A-118f1c,2024-12-10,,Pro,32,0,0,True,False,False,False,annual,True,0,Company_492,Cybersecurity,US,2024-10-31,other,3.0,147.23333333333332,1.0,3.0,1.0,3.0,64.0,1
S-3909f9,A-d4ac0e,2024-06-01,,Pro,18,882,10584,False,False,False,False,annual,False,0,Company_364,DevTools,UK,2024-04-20,ads,7.0,327.06666666666666,7.0,7.0,4.0,3.5,21.0,0
S-ab476e,A-7dacce,2024-11-28,,Enterprise,67,13333,159996,False,False,False,False,annual,True,0,Company_8,Cybersecurity,CA,2024-09-10,event,5.0,317.4,0.0,5.0,4.0,3.6666666666666665,32.5,0
S-f5fcc9,A-40a557,2024-06-06,,Pro,16,784,9408,False,False,False,False,monthly,True,0,Company_86,Cybersecurity,AU,2023-12-03,partner,4.0,333.6333333333333,2.0,4.0,7.0,3.6666666666666665,30.571428571428573,0
S-804a70,A-4ef964,2024-07-28,,Enterprise,17,3383,40596,False,False,False,False,monthly,True,0,Company_262,HealthTech,US,2024-03-07,organic,7.0,401.8,1.0,7.0,3.0,4.0,42.666666666666664,0
S-834a48,A-86cdb4,2024-11-01,,Basic,4,0,0,True,False,False,False,monthly,True,0,Company_250,DevTools,DE,2024-09-22,partner,5.0,181.93333333333334,0.0,5.0,5.0,4.333333333333333,26.4,0
S-f6f308,A-3793ee,2023-11-20,,Enterprise,49,0,0,True,True,False,False,annual,True,0,Company_332,Cybersecurity,CA,2023-03-21,organic,6.0,257.75,1.0,6.0,4.0,4.0,43.75,0
S-06fb77,A-96e141,2024-03-28,,Pro,22,1078,12936,False,False,False,False,annual,True,0,Company_134,DevTools,UK,2023-08-12,partner,4.0,189.7,4.0,4.0,5.0,4.333333333333333,32.8,0
S-5df64f,A-684255,2024-08-31,,Enterprise,14,2786,33432,False,False,False,False,annual,True,0,Company_20,FinTech,US,2024-04-14,ads,8.0,384.78333333333336,7.0,8.0,4.0,4.666666666666667,14.25,0
S-cf12f4,A-4814a3,2024-09-27,,Pro,87,4263,51156,False,True,False,False,monthly,True,0,Company_337,Cybersecurity,IN,2024-09-17,event,3.0,162.65,7.0,3.0,4.0,4.0,18.75,1
S-ee30bb,A-526d93,2024-04-19,,Enterprise,43,8557,102684,False,True,False,False,monthly,False,0,Company_66,HealthTech,FR,2024-04-14,organic,8.0,320.1,3.0,8.0,5.0,3.5,51.4,0
S-ff93b5,A-ba6516,2024-05-10,,Basic,27,0,0,True,False,False,False,annual,True,0,Company_154,FinTech,US,2023-10-29,ads,5.0,291.6666666666667,2.0,5.0,6.0,4.0,31.5,0
S-2db458,A-53f4e3,2024-09-21,,Basic,22,418,5016,False,False,False,False,annual,True,0,Company_194,Cybersecurity,UK,2024-06-14,event,4.0,107.18333333333334,6.0,4.0,5.0,4.0,28.6,0
S-e505f2,A-bb2f49,2024-06-15,,Pro,35,1715,20580,False,False,False,False,annual,True,0,Company_356,Cybersecurity,US,2023-05-28,other,7.0,279.23333333333335,5.0,7.0,3.0,4.0,22.333333333333332,0
S-fcbe5a,A-e19ff6,2024-10-04,,Pro,40,1960,23520,False,True,False,False,annual,True,0,Company_411,Cybersecurity,UK,2023-07-28,partner,2.0,253.4,0.0,2.0,3.0,4.666666666666667,30.666666666666668,1
S-d49a8f,A-f92792,2024-09-30,,Enterprise,24,4776,57312,False,False,False,False,annual,True,0,Company_67,FinTech,US,2024-07-04,ads,5.0,349.55,4.0,5.0,2.0,4.0,45.0,0
S-b120fb,A-f51f16,2024-04-01,2024-08-23,Pro,1,49,588,False,False,False,True,annual,False,1,Company_282,HealthTech,US,2023-12-25,partner,7.0,542.45,7.0,7.0,4.0,3.0,29.25,0
S-6c7bd8,A-7f8241,2024-06-16,,Enterprise,36,7164,85968,False,False,False,False,monthly,True,0,Company_42,EdTech,US,2023-03-14,organic,6.0,465.8666666666667,6.0,6.0,1.0,3.0,36.0,0
S-ca321d,A-7920cc,2024-10-29,,Pro,39,1911,22932,False,False,False,False,monthly,True,0,Company_412,Cybersecurity,FR,2023-11-23,ads,4.0,269.1666666666667,0.0,4.0,7.0,4.333333333333333,32.857142857142854,0
S-7cd9fa,A-d40bf7,2024-12-29,,Basic,59,1121,13452,False,False,False,False,monthly,True,0,Company_11,FinTech,IN,2024-11-08,organic,3.0,104.08333333333333,0.0,3.0,2.0,5.0,20.5,1
S-2a53d5,A-5a184f,2023-09-03,,Basic,74,1406,16872,False,False,False,False,annual,True,0,Company_124,DevTools,DE,2023-06-19,other,7.0,370.28333333333336,4.0,7.0,3.0,4.333333333333333,15.333333333333334,0
S-101324,A-8145a0,2023-09-29,,Enterprise,24,4776,57312,False,False,False,False,monthly,True,0,Company_33,Cybersecurity,AU,2023-04-25,partner,6.0,246.78333333333333,5.0,6.0,6.0,4.0,23.666666666666668,0
S-307a21,A-940b8b,2024-05-02,,Basic,56,1064,12768,False,False,False,False,monthly,False,0,Company_398,HealthTech,DE,2024-03-19,organic,2.0,100.8,4.0,2.0,3.0,4.0,41.333333333333336,1
S-f30081,A-cb5333,2024-04-01,,Enterprise,33,6567,78804,False,False,False,False,annual,True,0,Company_370,DevTools,US,2024-03-26,ads,2.0,89.33333333333333,2.0,2.0,4.0,3.0,30.75,1
S-d3e724,A-dec005,2024-08-24,,Basic,26,494,5928,False,False,False,False,monthly,True,0,Company_445,HealthTech,US,2023-10-13,partner,6.0,253.4,0.0,6.0,2.0,3.0,59.0,0
S-713e06,A-4e631b,2024-11-06,,Enterprise,26,5174,62088,False,False,False,False,annual,True,0,Company_298,FinTech,US,2024-03-16,other,6.0,422.71666666666664,4.0,6.0,2.0,4.0,24.5,0
S-e977e4,A-80eeb6,2023-08-25,,Enterprise,22,4378,52536,False,True,False,False,monthly,True,0,Company_402,Cybersecurity,UK,2023-05-09,organic,6.0,333.8,4.0,6.0,4.0,3.6666666666666665,40.25,0
S-9464f8,A-eb7fac,2024-10-22,,Basic,26,494,5928,False,False,False,False,monthly,True,0,Company_28,DevTools,US,2023-10-28,organic,5.0,285.55,4.0,5.0,4.0,4.0,34.0,0
S-3473af,A-d77f4c,2024-10-10,,Basic,8,152,1824,False,True,False,False,monthly,True,0,Company_470,DevTools,US,2023-09-25,partner,7.0,311.1166666666667,0.0,7.0,2.0,4.0,31.0,0
S-2565f0,A-6a4e2d,2023-07-09,,Basic,54,1026,12312,False,False,False,False,annual,False,0,Company_46,EdTech,UK,2023-04-07,partner,7.0,497.15,3.0,7.0,2.0,4.5,18.5,0
S-769f70,A-016043,2024-09-28,,Basic,13,247,2964,False,False,False,False,monthly,True,0,Company_405,EdTech,CA,2024-07-31,organic,4.0,251.85,2.0,4.0,3.0,4.0,30.333333333333332,0
S-d48577,A-7cfe77,2024-07-30,,Pro,69,3381,40572,False,False,True,False,annual,True,0,Company_367,DevTools,US,2024-07-10,ads,3.0,80.1,0.0,3.0,7.0,3.5,30.714285714285715,1
S-703faf,A-b7724f,2024-09-20,2024-11-19,Basic,10,190,2280,False,False,False,True,monthly,False,1,Company_320,HealthTech,UK,2023-03-28,organic,4.0,212.75,3.0,4.0,3.0,3.0,28.666666666666668,0
S-a3dc1e,A-5c9849,2024-12-04,,Enterprise,19,0,0,True,True,False,False,monthly,True,0,Company_362,EdTech,IN,2024-11-03,partner,5.0,172.66666666666666,3.0,5.0,4.0,,59.5,0
S-ac1f01,A-e693b6,2024-03-14,,Enterprise,55,10945,131340,False,False,False,False,monthly,True,0,Company_240,FinTech,AU,2023-05-25,event,5.0,309.9,2.0,5.0,1.0,3.0,1.0,0
S-e6ce29,A-76fa4d,2024-12-05,,Enterprise,69,13731,164772,False,False,False,False,monthly,False,0,Company_226,HealthTech,US,2024-11-24,event,6.0,311.6166666666667,5.0,6.0,5.0,4.5,33.4,0
S-00866d,A-05f0e5,2023-10-31,,Basic,32,608,7296,False,False,False,False,annual,True,0,Company_40,FinTech,US,2023-05-04,partner,3.0,32.583333333333336,2.0,3.0,4.0,4.0,20.0,1
S-b7c825,A-9174e0,2024-12-21,,Enterprise,68,0,0,True,False,False,False,monthly,False,0,Company_73,Cybersecurity,US,2024-12-04,partner,3.0,146.81666666666666,4.0,3.0,2.0,5.0,39.0,1
S-22c99d,A-5a215a,2024-03-08,,Enterprise,87,0,0,True,False,False,False,monthly,True,0,Company_358,EdTech,FR,2024-01-05,other,0.0,0.0,0.0,0.0,4.0,4.0,29.5,1
S-329db8,A-8b25f2,2024-05-22,,Pro,12,588,7056,False,False,False,False,monthly,True,0,Company_96,Cybersecurity,US,2024-02-17,ads,6.0,258.8333333333333,2.0,6.0,2.0,4.0,35.5,0
S-5fe191,A-c43359,2024-12-11,,Enterprise,38,7562,90744,False,True,False,False,annual,True,0,Company_83,FinTech,US,2024-11-16,organic,5.0,294.23333333333335,1.0,5.0,3.0,4.0,26.666666666666668,0
S-c19e74,A-ffc04f,2024-09-19,,Enterprise,13,0,0,True,False,False,False,annual,True,0,Company_307,EdTech,US,2024-06-06,ads,7.0,321.53333333333336,5.0,7.0,7.0,4.5,17.714285714285715,0
S-0e526f,A-e83938,2024-06-26,,Pro,5,245,2940,False,False,False,False,annual,True,0,Company_111,DevTools,UK,2023-11-21,other,4.0,169.21666666666667,1.0,4.0,4.0,3.0,31.0,0
S-beff12,A-f44180,2023-10-17,,Enterprise,9,1791,21492,False,False,False,False,monthly,True,0,Company_376,Cybersecurity,UK,2023-02-13,event,4.0,223.21666666666667,1.0,4.0,2.0,5.0,46.5,0
S-f9b4d8,A-6843f2,2024-12-31,,Pro,21,1029,12348,False,False,False,False,annual,True,0,Company_335,HealthTech,CA,2024-12-10,ads,1.0,65.85,0.0,1.0,2.0,3.0,36.5,1
S-d76bd0,A-7f29a7,2024-10-08,2024-10-15,Basic,41,779,9348,False,False,False,True,monthly,False,1,Company_386,Cybersecurity,UK,2024-09-18,event,4.0,149.68333333333334,4.0,4.0,1.0,4.0,24.0,0
S-edf4e0,A-dbc825,2024-07-01,,Enterprise,22,4378,52536,False,False,False,False,monthly,True,0,Company_252,EdTech,FR,2024-01-07,partner,7.0,273.7,2.0,7.0,6.0,4.0,49.5,0
S-326691,A-e40f45,2024-11-24,2024-12-22,Basic,21,399,4788,False,False,False,True,monthly,False,1,Company_317,HealthTech,US,2024-04-18,organic,11.0,454.5,6.0,11.0,7.0,4.333333333333333,26.714285714285715,0
S-e7a190,A-0a62f5,2024-12-06,,Basic,22,418,5016,False,False,False,False,annual,True,0,Company_381,FinTech,UK,2024-09-11,partner,4.0,118.43333333333334,3.0,4.0,2.0,,33.5,0
S-f73a84,A-2edab2,2024-12-15,,Pro,17,833,9996,False,False,False,False,monthly,True,0,Company_301,HealthTech,US,2023-11-17,event,5.0,167.21666666666667,2.0,5.0,4.0,3.0,30.0,0
S-ba67a5,A-fce879,2024-10-27,,Enterprise,19,3781,45372,False,False,False,False,annual,True,0,Company_291,EdTech,UK,2024-09-24,partner,6.0,400.78333333333336,1.0,6.0,2.0,4.0,28.0,0
S-5272ff,A-fda07f,2024-11-10,,Enterprise,69,13731,164772,False,False,False,False,annual,True,0,Company_230,Cybersecurity,FR,2024-08-11,partner,6.0,419.0833333333333,6.0,6.0,5.0,4.0,17.8,0
S-d407d0,A-b9eed8,2024-11-04,,Pro,11,539,6468,False,False,False,False,annual,True,0,Company_189,Cybersecurity,US,2024-02-23,organic,5.0,337.4,5.0,5.0,5.0,3.75,29.2,0
S-54d8cf,A-2f6a32,2024-10-13,,Basic,19,361,4332,False,False,False,False,monthly,True,0,Company_160,HealthTech,US,2024-08-26,organic,5.0,297.76666666666665,5.0,5.0,2.0,3.5,41.0,0
S-bdf7c2,A-c42f1f,2024-10-26,2024-12-24,Pro,11,539,6468,False,False,True,True,annual,True,1,Company_21,HealthTech,US,2024-07-28,other,6.0,184.55,1.0,6.0,9.0,4.0,31.333333333333332,0
S-e9257d,A-5b1bcd,2024-12-31,,Pro,73,3577,42924,False,True,False,False,annual,False,0,Company_166,DevTools,US,2023-09-16,organic,5.0,174.41666666666666,4.0,5.0,4.0,4.5,43.25,0
S-c15f06,A-82d8a6,2024-12-27,,Pro,33,1617,19404,False,True,True,False,monthly,True,0,Company_444,Cybersecurity,UK,2024-11-28,ads,6.0,311.43333333333334,2.0,6.0,5.0,3.5,42.2,0
S-fbc35d,A-a8b49c,2024-10-17,,Pro,7,343,4116,False,False,False,False,annual,True,0,Company_72,Cybersecurity,UK,2023-10-06,partner,4.0,257.8666666666667,10.0,4.0,1.0,4.0,72.0,0
S-78c894,A-d792a6,2023-02-17,,Basic,4,76,912,False,True,False,False,annual,True,0,Company_486,DevTools,US,2023-01-23,organic,6.0,343.76666666666665,2.0,6.0,5.0,4.0,40.6,0
S-2ee2e1,A-692f18,2024-06-12,,Pro,50,2450,29400,False,True,False,False,annual,False,0,Company_195,EdTech,US,2024-03-28,other,6.0,317.2,7.0,6.0,2.0,5.0,37.5,0
S-5677fb,A-e5d6ab,2024-07-02,,Enterprise,13,2587,31044,False,False,False,False,monthly,False,0,Company_7,EdTech,US,2023-04-15,partner,3.0,124.73333333333333,2.0,3.0,3.0,,42.666666666666664,1
S-3c9a70,A-ee42db,2024-12-22,,Basic,30,570,6840,False,False,False,False,monthly,True,0,Company_77,EdTech,DE,2023-04-25,ads,3.0,85.76666666666667,4.0,3.0,4.0,3.0,33.75,1
S-036362,A-c37601,2024-11-01,,Pro,12,588,7056,False,False,False,False,annual,True,0,Company_48,EdTech,US,2024-10-31,partner,4.0,165.51666666666668,2.0,4.0,4.0,3.6666666666666665,42.25,0
S-18b1f9,A-02cd81,2024-08-13,,Pro,44,2156,25872,False,False,False,False,monthly,True,0,Company_76,HealthTech,IN,2024-03-28,other,6.0,251.48333333333332,4.0,6.0,3.0,4.5,17.333333333333332,0
S-31afc4,A-d40bf7,2024-12-09,,Pro,59,2891,34692,False,False,False,False,monthly,False,0,Company_11,FinTech,IN,2024-11-08,organic,6.0,316.9166666666667,3.0,6.0,2.0,5.0,20.5,0
S-6ea0ad,A-712426,2024-12-15,,Pro,13,637,7644,False,True,False,False,monthly,True,0,Company_155,HealthTech,US,2024-11-10,other,4.0,199.66666666666666,2.0,4.0,6.0,4.4,37.333333333333336,0
S-c25d2f,A-fabe19,2024-12-12,2024-12-27,Enterprise,32,6368,76416,False,False,False,True,annual,True,1,Company_97,DevTools,UK,2024-11-11,ads,8.0,606.7833333333333,7.0,8.0,3.0,4.0,40.666666666666664,0
S-444f22,A-8ed5dd,2023-12-09,,Pro,46,2254,27048,False,True,False,False,monthly,True,0,Company_222,EdTech,UK,2023-06-29,event,2.0,126.63333333333334,2.0,2.0,6.0,3.75,29.0,1
S-f3ff07,A-158f4e,2023-06-19,2024-05-15,Basic,61,1159,13908,False,False,False,True,annual,False,1,Company_180,FinTech,IN,2023-03-03,other,3.0,81.83333333333333,6.0,3.0,5.0,4.333333333333333,27.6,1
S-154119,A-3d957b,2024-08-30,,Basic,73,1387,16644,False,False,False,False,monthly,True,0,Company_311,HealthTech,UK,2024-04-04,other,1.0,46.2,0.0,1.0,3.0,3.0,41.333333333333336,1
S-62fa42,A-bb1486,2024-12-06,2024-12-19,Basic,41,779,9348,False,False,True,True,annual,False,1,Company_265,HealthTech,US,2024-11-05,organic,4.0,193.91666666666666,6.0,4.0,3.0,3.0,11.0,0
S-97a57b,A-a0ca4e,2024-08-12,,Enterprise,26,5174,62088,False,False,False,False,monthly,True,0,Company_6,Cybersecurity,US,2024-03-08,ads,4.0,185.98333333333332,2.0,4.0,6.0,3.8,39.166666666666664,0
S-7c2997,A-c1e51e,2024-12-21,2024-12-31,Pro,32,1568,18816,False,False,False,True,annual,True,1,Company_173,FinTech,US,2024-10-02,organic,2.0,165.7,0.0,2.0,5.0,3.2,40.0,1
S-9122a4,A-883b7d,2024-05-29,,Enterprise,25,4975,59700,False,False,False,False,monthly,True,0,Company_313,Cybersecurity,IN,2024-03-28,other,7.0,265.01666666666665,2.0,7.0,7.0,3.6,25.571428571428573,0
S-f9f7af,A-20736a,2024-08-07,,Pro,50,2450,29400,False,False,False,False,annual,True,0,Company_271,EdTech,IN,2024-03-16,organic,9.0,441.6333333333333,6.0,9.0,4.0,3.75,42.25,0
S-f6edd4,A-5a92e7,2024-12-04,2024-12-15,Basic,11,209,2508,False,False,False,True,annual,False,1,Company_413,HealthTech,US,2024-06-11,ads,4.0,166.38333333333333,7.0,4.0,7.0,4.4,45.0,0
S-bbe998,A-08e34e,2024-07-01,,Pro,14,686,8232,False,False,False,False,annual,True,0,Company_32,EdTech,US,2024-06-27,event,4.0,91.73333333333333,4.0,4.0,3.0,3.0,43.0,0
S-02508a,A-05d3b3,2024-02-04,,Basic,28,532,6384,False,False,False,False,annual,True,0,Company_213,DevTools,AU,2023-05-28,ads,6.0,312.25,2.0,6.0,6.0,4.333333333333333,31.5,0
S-7e44b0,A-a33200,2024-10-14,,Pro,29,1421,17052,False,False,False,False,annual,False,0,Company_352,HealthTech,US,2024-09-15,partner,3.0,130.7,1.0,3.0,3.0,4.5,36.333333333333336,1
S-028f5b,A-80eeb6,2024-02-20,2024-08-12,Enterprise,26,5174,62088,False,False,False,True,annual,True,1,Company_402,Cybersecurity,UK,2023-05-09,organic,5.0,148.75,1.0,5.0,4.0,3.6666666666666665,40.25,0
S-d26ee3,A-1f559b,2023-12-12,2024-05-24,Basic,16,304,3648,False,False,False,True,monthly,True,1,Company_357,HealthTech,US,2023-09-04,organic,4.0,92.88333333333334,5.0,4.0,5.0,4.2,50.4,0
S-a1901c,A-5c9849,2024-12-10,,Enterprise,19,3781,45372,False,False,False,False,monthly,False,0,Company_362,EdTech,IN,2024-11-03,partner,6.0,210.41666666666666,4.0,6.0,4.0,,59.5,0
S-c96d86,A-1e1b80,2024-11-04,,Basic,50,950,11400,False,True,False,False,annual,True,0,Company_416,FinTech,CA,2023-09-12,other,7.0,379.3,3.0,7.0,6.0,3.2,43.0,0
S-ea8479,A-bcf87c,2024-10-25,,Basic,17,323,3876,False,False,True,False,annual,False,0,Company_288,FinTech,US,2024-06-27,event,5.0,240.0,0.0,5.0,2.0,4.0,63.0,0
S-7eb81c,A-474ad4,2024-01-15,,Pro,8,392,4704,False,False,False,False,monthly,False,0,Company_261,EdTech,US,2023-11-28,organic,3.0,140.03333333333333,2.0,3.0,3.0,5.0,33.0,1
S-8d4b81,A-2b9d3e,2024-04-28,,Basic,1,19,228,False,False,False,False,annual,False,0,Company_319,EdTech,US,2023-06-04,partner,6.0,225.96666666666667,1.0,6.0,3.0,5.0,34.666666666666664,0
S-9e5075,A-81edc3,2024-09-02,,Enterprise,44,8756,105072,False,False,False,False,annual,True,0,Company_236,Cybersecurity,IN,2023-10-30,ads,6.0,250.11666666666667,3.0,6.0,3.0,4.0,52.666666666666664,0
S-6bdda7,A-bad8c1,2024-06-03,,Pro,37,1813,21756,False,False,False,False,monthly,True,0,Company_34,FinTech,AU,2023-03-01,organic,8.0,472.6666666666667,1.0,8.0,1.0,4.0,27.0,0
S-2c52b6,A-016043,2024-10-09,,Enterprise,14,2786,33432,False,False,False,False,monthly,False,0,Company_405,EdTech,CA,2024-07-31,organic,5.0,209.13333333333333,0.0,5.0,3.0,4.0,30.333333333333332,0
S-9c09cb,A-702032,2024-12-10,,Basic,28,532,6384,False,False,False,False,annual,True,0,Company_186,HealthTech,US,2023-10-03,ads,5.0,132.0,1.0,5.0,4.0,3.0,26.0,0
S-3829dc,A-1ac5e0,2024-11-17,,Enterprise,33,6567,78804,False,False,False,False,monthly,True,0,Company_126,DevTools,US,2024-10-20,event,5.0,250.81666666666666,3.0,5.0,7.0,3.8,40.42857142857143,0
S-d238c2,A-71615e,2024-08-17,,Enterprise,55,10945,131340,False,False,False,False,annual,True,0,Company_167,EdTech,US,2024-05-18,organic,3.0,171.51666666666668,4.0,3.0,1.0,,49.0,1
S-885bd4,A-8bde0c,2024-11-13,,Pro,12,588,7056,False,False,False,False,annual,True,0,Company_287,DevTools,US,2024-11-04,organic,4.0,239.2,0.0,4.0,3.0,4.0,25.666666666666668,0
S-700923,A-bcf664,2024-04-04,,Enterprise,13,2587,31044,False,False,False,False,monthly,True,0,Company_248,DevTools,US,2023-05-19,other,3.0,123.33333333333333,1.0,3.0,5.0,4.0,36.0,1
S-d538f6,A-d535f6,2024-12-15,,Enterprise,12,0,0,True,False,True,False,monthly,True,0,Company_421,DevTools,US,2024-09-03,organic,7.0,397.23333333333335,1.0,7.0,0.0,,,0
S-5ca0fe,A-d3c88e,2024-11-02,,Pro,16,784,9408,False,False,False,False,monthly,False,0,Company_490,DevTools,US,2024-10-18,event,6.0,368.0,3.0,6.0,3.0,4.0,58.0,0
S-83dc0a,A-f44180,2023-08-31,,Enterprise,9,1791,21492,False,False,False,False,annual,True,0,Company_376,Cybersecurity,UK,2023-02-13,event,4.0,110.33333333333333,1.0,4.0,2.0,5.0,46.5,0
S-39a8f1,A-52dd88,2024-03-12,,Pro,23,1127,13524,False,False,False,False,monthly,False,0,Company_127,Cybersecurity,US,2023-02-21,ads,5.0,198.4,0.0,5.0,1.0,,72.0,0
S-0a765d,A-439b2f,2024-07-03,,Basic,4,76,912,False,False,False,False,monthly,True,0,Company_152,DevTools,US,2024-02-21,ads,1.0,89.1,3.0,1.0,3.0,,18.333333333333332,1
S-fa9b43,A-10b8f2,2023-02-05,,Basic,47,0,0,True,False,False,False,annual,False,0,Company_151,HealthTech,DE,2023-01-11,organic,5.0,253.68333333333334,1.0,4.0,3.0,4.333333333333333,46.333333333333336,0
S-3a57be,A-05f0e5,2024-05-15,,Pro,32,1568,18816,False,False,False,False,monthly,True,0,Company_40,FinTech,US,2023-05-04,partner,8.0,625.9833333333333,8.0,8.0,4.0,4.0,20.0,0
S-5ede24,A-9bfc9f,2024-07-30,,Pro,60,2940,35280,False,False,False,False,monthly,True,0,Company_228,DevTools,CA,2023-09-14,ads,7.0,373.85,2.0,7.0,6.0,3.3333333333333335,35.333333333333336,0
S-df5924,A-443f6f,2024-12-21,2024-12-22,Pro,19,931,11172,False,False,False,True,annual,True,1,Company_304,Cybersecurity,US,2024-12-07,organic,11.0,688.8166666666667,9.0,11.0,4.0,4.666666666666667,28.0,0
S-eb9911,A-ab438f,2024-10-18,,Basic,28,0,0,True,False,False,False,annual,True,0,Company_233,Cybersecurity,US,2024-09-13,ads,5.0,205.7,1.0,5.0,2.0,3.5,33.5,0
S-7db513,A-4f18f0,2024-06-01,,Enterprise,24,4776,57312,False,False,False,False,monthly,True,0,Company_145,DevTools,CA,2024-04-21,other,5.0,238.01666666666668,0.0,5.0,5.0,4.0,39.2,0
S-2ded06,A-ff79f2,2024-12-25,,Basic,31,589,7068,False,True,False,False,monthly,False,0,Company_165,DevTools,US,2024-04-25,ads,6.0,397.76666666666665,1.0,6.0,2.0,,50.0,0
S-c0ca82,A-00cac8,2024-12-02,,Pro,19,931,11172,False,False,True,False,annual,True,0,Company_26,HealthTech,AU,2023-09-15,organic,6.0,294.2,4.0,6.0,2.0,,33.0,0
S-7cf7c6,A-22d9d2,2024-06-02,,Pro,13,637,7644,False,False,False,False,annual,True,0,Company_188,DevTools,FR,2024-03-22,event,5.0,259.98333333333335,0.0,5.0,6.0,4.0,16.0,0
S-9fa49b,A-1f7acb,2023-09-01,,Enterprise,64,12736,152832,False,True,False,False,annual,False,0,Company_281,FinTech,UK,2023-08-06,ads,8.0,299.96666666666664,4.0,8.0,7.0,4.4,41.714285714285715,0
S-4a3e6c,A-acb7f7,2024-06-19,,Pro,32,1568,18816,False,False,False,False,monthly,True,0,Company_330,EdTech,US,2024-01-06,ads,4.0,223.96666666666667,3.0,4.0,3.0,3.5,41.0,0
S-112733,A-71615e,2024-10-21,,Basic,15,285,3420,False,False,False,False,annual,False,0,Company_167,EdTech,US,2024-05-18,organic,8.0,278.78333333333336,6.0,8.0,1.0,,49.0,0
S-28332f,A-ff79f2,2024-09-16,,Enterprise,23,4577,54924,False,False,False,False,monthly,True,0,Company_165,DevTools,US,2024-04-25,ads,3.0,122.81666666666666,0.0,3.0,2.0,,50.0,1
S-6709f4,A-bcbe98,2024-12-06,,Basic,46,874,10488,False,False,False,False,monthly,False,0,Company_452,Cybersecurity,US,2024-07-29,other,6.0,228.66666666666666,1.0,6.0,7.0,4.0,38.285714285714285,0
S-0b059f,A-7c4956,2023-07-10,2023-11-30,Basic,5,95,1140,False,False,False,True,monthly,False,1,Company_254,DevTools,US,2023-05-06,ads,6.0,341.31666666666666,5.0,6.0,3.0,4.0,13.666666666666666,0
S-d91908,A-02fac6,2024-09-22,,Basic,22,418,5016,False,False,False,False,monthly,True,0,Company_52,FinTech,US,2023-04-06,event,4.0,122.1,4.0,4.0,6.0,4.0,23.333333333333332,0
S-381988,A-eb7c38,2024-08-27,,Pro,7,0,0,True,False,False,False,annual,False,0,Company_47,DevTools,AU,2024-02-25,organic,5.0,145.85,4.0,5.0,5.0,4.333333333333333,22.4,0
S-535e55,A-9077b0,2024-12-08,,Pro,7,343,4116,False,True,False,False,monthly,True,0,Company_41,HealthTech,US,2024-08-25,ads,9.0,458.51666666666665,4.0,9.0,3.0,4.333333333333333,40.333333333333336,0
S-a22ca2,A-dbc825,2024-07-30,,Enterprise,45,8955,107460,False,False,False,False,monthly,True,0,Company_252,EdTech,FR,2024-01-07,partner,3.0,89.9,7.0,3.0,6.0,4.0,49.5,1
S-4e762d,A-2789e3,2024-11-06,,Enterprise,61,12139,145668,False,False,False,False,annual,True,0,Company_268,FinTech,US,2024-09-14,partner,7.0,564.65,6.0,7.0,4.0,4.0,47.25,0
S-1d3a93,A-d82ef9,2024-08-10,,Enterprise,26,5174,62088,False,False,False,False,monthly,False,0,Company_355,EdTech,UK,2024-07-02,other,6.0,217.16666666666666,3.0,6.0,5.0,4.25,39.8,0
S-1c5650,A-1e1b80,2023-12-27,,Pro,53,2597,31164,False,False,False,False,monthly,True,0,Company_416,FinTech,CA,2023-09-12,other,3.0,37.21666666666667,1.0,3.0,6.0,3.2,43.0,1
S-593787,A-9ee962,2023-11-22,,Basic,9,0,0,True,True,False,False,monthly,True,0,Company_59,HealthTech,US,2023-02-28,ads,7.0,329.48333333333335,3.0,7.0,3.0,4.0,37.0,0
S-28a2b2,A-eb7fac,2024-09-22,,Enterprise,7,1393,16716,False,False,False,False,monthly,True,0,Company_28,DevTools,US,2023-10-28,organic,3.0,278.9,1.0,3.0,4.0,4.0,34.0,1
S-0bdbb3,A-00cac8,2024-08-09,,Enterprise,39,7761,93132,False,False,False,False,monthly,True,0,Company_26,HealthTech,AU,2023-09-15,organic,8.0,483.8666666666667,0.0,8.0,2.0,,33.0,0
S-dc8c2f,A-8b0451,2024-09-21,,Basic,41,779,9348,False,False,False,False,monthly,True,0,Company_245,FinTech,UK,2024-09-16,event,7.0,426.03333333333336,3.0,7.0,7.0,3.5,26.571428571428573,0
S-a33656,A-524364,2024-12-31,,Basic,12,228,2736,False,False,False,False,monthly,True,0,Company_388,DevTools,FR,2024-12-31,partner,2.0,61.3,0.0,2.0,3.0,4.333333333333333,47.666666666666664,1
S-b991d2,A-3ce5b8,2024-02-17,,Pro,8,392,4704,False,False,False,False,annual,True,0,Company_256,FinTech,IN,2023-09-07,ads,6.0,380.6166666666667,5.0,6.0,10.0,3.7142857142857144,42.5,0
S-a53e06,A-089363,2024-06-14,,Basic,3,57,684,False,False,False,False,annual,False,0,Company_387,FinTech,AU,2023-05-06,event,5.0,182.43333333333334,1.0,5.0,3.0,3.6666666666666665,35.0,0
S-249448,A-dbc825,2024-01-19,,Enterprise,19,3781,45372,False,False,False,False,annual,True,0,Company_252,EdTech,FR,2024-01-07,partner,6.0,382.03333333333336,8.0,6.0,6.0,4.0,49.5,0
S-768196,A-1f7acb,2023-10-14,,Basic,64,1216,14592,False,False,False,False,monthly,True,0,Company_281,FinTech,UK,2023-08-06,ads,4.0,207.13333333333333,2.0,4.0,7.0,4.4,41.714285714285715,0
S-e6513c,A-2edab2,2023-12-05,,Basic,17,323,3876,False,False,False,False,monthly,True,0,Company_301,HealthTech,US,2023-11-17,event,9.0,519.8333333333334,2.0,9.0,4.0,3.0,30.0,0
S-0acba4,A-4e631b,2024-11-22,,Basic,22,418,5016,False,False,False,False,annual,False,0,Company_298,FinTech,US,2024-03-16,other,4.0,326.93333333333334,2.0,4.0,2.0,4.0,24.5,0
S-e57a7d,A-3f9cc0,2024-06-23,,Enterprise,22,4378,52536,False,False,True,False,annual,False,0,Company_359,HealthTech,US,2024-06-03,event,7.0,313.1166666666667,6.0,7.0,5.0,4.5,34.8,0
S-f24609,A-151c9a,2023-07-14,,Pro,29,1421,17052,False,False,False,False,monthly,True,0,Company_260,FinTech,US,2023-01-27,ads,7.0,506.03333333333336,3.0,7.0,2.0,3.5,31.0,0
S-cfb246,A-ee42db,2024-10-25,,Basic,13,0,0,True,False,False,False,annual,True,0,Company_77,EdTech,DE,2023-04-25,ads,4.0,214.96666666666667,1.0,4.0,4.0,3.0,33.75,0
S-242e1b,A-313be3,2024-08-25,,Pro,47,2303,27636,False,True,False,False,annual,False,0,Company_136,EdTech,US,2023-11-15,partner,6.0,237.61666666666667,6.0,6.0,4.0,5.0,22.5,0
S-89d7b0,A-fe79a5,2024-06-03,,Enterprise,9,1791,21492,False,False,False,False,annual,True,0,Company_81,HealthTech,IN,2024-02-21,ads,2.0,138.2,0.0,2.0,4.0,5.0,28.5,1
S-5a26fc,A-9779ad,2024-07-07,,Pro,40,0,0,True,False,False,False,annual,False,0,Company_171,Cybersecurity,AU,2024-03-29,event,4.0,227.86666666666667,2.0,4.0,3.0,5.0,20.666666666666668,0
S-d64e41,A-354f12,2024-05-28,,Enterprise,34,6766,81192,False,False,True,False,annual,True,0,Company_201,FinTech,US,2024-04-28,ads,5.0,327.28333333333336,2.0,5.0,2.0,,56.5,0
S-482962,A-de24d5,2024-11-06,,Pro,20,980,11760,False,False,False,False,annual,True,0,Company_231,DevTools,US,2024-11-05,other,6.0,322.48333333333335,2.0,6.0,7.0,3.0,43.142857142857146,0
S-e77d56,A-9289f6,2023-12-06,,Basic,1,19,228,False,False,False,False,monthly,True,0,Company_104,EdTech,US,2023-05-31,event,5.0,109.31666666666666,3.0,5.0,6.0,4.333333333333333,37.5,0
S-658bcb,A-0cc442,2024-08-14,,Enterprise,45,8955,107460,False,False,False,False,monthly,True,0,Company_198,EdTech,US,2024-07-18,organic,4.0,237.35,1.0,4.0,3.0,3.0,37.0,0
S-56c23b,A-e888d1,2024-10-31,,Enterprise,19,3781,45372,False,False,False,False,annual,False,0,Company_102,Cybersecurity,US,2023-03-28,other,9.0,420.06666666666666,5.0,9.0,5.0,4.0,43.0,0
S-39f1b0,A-bf7919,2024-12-10,,Enterprise,8,0,0,True,False,False,False,annual,True,0,Company_426,HealthTech,US,2024-11-27,organic,1.0,116.5,0.0,1.0,2.0,5.0,14.5,1
S-21d0ab,A-a1b80b,2024-07-21,,Basic,22,418,5016,False,False,False,False,monthly,True,0,Company_184,HealthTech,US,2023-11-27,organic,3.0,243.25,1.0,3.0,4.0,4.0,41.0,1
S-b27c2f,A-625d0b,2024-12-24,,Pro,17,833,9996,False,False,False,False,monthly,True,0,Company_290,EdTech,AU,2024-09-02,ads,9.0,380.0833333333333,4.0,9.0,5.0,3.0,48.4,0
S-1224ea,A-474ad4,2023-12-10,,Pro,8,0,0,True,False,False,False,monthly,True,0,Company_261,EdTech,US,2023-11-28,organic,2.0,143.46666666666667,1.0,2.0,3.0,5.0,33.0,1
S-0d8293,A-425e76,2023-11-18,,Pro,71,3479,41748,False,False,False,False,monthly,True,0,Company_110,DevTools,UK,2023-05-17,other,9.0,423.8666666666667,2.0,9.0,5.0,3.3333333333333335,48.2,0
S-f409d8,A-0651a4,2024-12-04,,Enterprise,16,3184,38208,False,False,False,False,annual,True,0,Company_255,HealthTech,FR,2024-10-16,organic,7.0,297.1,0.0,7.0,4.0,4.0,29.25,0
S-374511,A-e89151,2024-04-01,,Enterprise,10,1990,23880,False,False,False,False,monthly,True,0,Company_234,FinTech,UK,2023-09-14,organic,8.0,352.6,9.0,8.0,2.0,5.0,41.5,0
S-c1f160,A-ccabf0,2024-07-14,2024-12-04,Pro,2,98,1176,False,False,True,True,annual,True,1,Company_471,HealthTech,IN,2023-11-06,organic,6.0,272.23333333333335,5.0,6.0,4.0,3.6666666666666665,46.25,0
S-2b58a7,A-7c5768,2024-07-07,,Basic,3,57,684,False,False,False,False,monthly,True,0,Company_407,HealthTech,UK,2024-03-02,event,9.0,366.3333333333333,6.0,9.0,5.0,4.0,28.8,0
S-4dfd17,A-bcbe98,2024-07-29,,Basic,46,874,10488,False,True,True,False,monthly,True,0,Company_452,Cybersecurity,US,2024-07-29,other,6.0,183.63333333333333,4.0,6.0,7.0,4.0,38.285714285714285,0
S-4781b1,A-558c72,2023-06-12,,Pro,16,784,9408,False,False,False,False,monthly,True,0,Company_438,FinTech,US,2023-06-01,organic,9.0,435.2,5.0,8.0,4.0,4.5,64.25,0
S-c53808,A-712426,2024-12-08,,Pro,12,588,7056,False,False,False,False,monthly,True,0,Company_155,HealthTech,US,2024-11-10,other,4.0,256.03333333333336,1.0,4.0,6.0,4.4,37.333333333333336,0
S-e3165d,A-3b5cd1,2023-10-09,,Pro,21,1029,12348,False,False,False,False,monthly,True,0,Company_49,FinTech,US,2023-09-12,event,4.0,141.9,2.0,4.0,5.0,4.0,27.4,0
S-0334aa,A-acb7f7,2024-04-12,,Pro,41,2009,24108,False,True,False,False,annual,True,0,Company_330,EdTech,US,2024-01-06,ads,2.0,210.4,4.0,2.0,3.0,3.5,41.0,1
S-6c625e,A-854864,2024-12-15,,Pro,91,4459,53508,False,False,False,False,monthly,False,0,Company_38,FinTech,IN,2024-12-07,event,2.0,138.36666666666667,0.0,2.0,5.0,4.8,44.2,1
S-e48c4d,A-439b2f,2024-03-09,,Basic,7,133,1596,False,False,False,False,annual,True,0,Company_152,DevTools,US,2024-02-21,ads,3.0,92.5,0.0,3.0,3.0,,18.333333333333332,1
S-322a59,A-a8b49c,2024-02-17,,Pro,26,1274,15288,False,False,False,False,monthly,True,0,Company_72,Cybersecurity,UK,2023-10-06,partner,2.0,50.55,2.0,2.0,1.0,4.0,72.0,1
S-41b844,A-94d3da,2023-06-03,,Pro,41,2009,24108,False,False,False,False,monthly,False,0,Company_61,HealthTech,US,2023-05-03,other,2.0,101.4,0.0,2.0,6.0,3.5,26.833333333333332,1
S-12125f,A-e5d6ab,2023-08-08,,Basic,3,57,684,False,False,False,False,monthly,True,0,Company_7,EdTech,US,2023-04-15,partner,7.0,389.3666666666667,6.0,7.0,3.0,,42.666666666666664,0
S-91709b,A-ab438f,2024-11-26,2024-12-31,Enterprise,23,4577,54924,False,False,False,True,annual,True,1,Company_233,Cybersecurity,US,2024-09-13,ads,4.0,347.9,2.0,4.0,2.0,3.5,33.5,0
S-ff681f,A-bbc346,2024-08-31,,Enterprise,19,3781,45372,False,True,False,False,annual,False,0,Company_138,FinTech,US,2024-08-29,partner,3.0,161.41666666666666,3.0,3.0,3.0,4.5,45.333333333333336,1
S-6b534f,A-08e34e,2024-12-31,,Enterprise,14,2786,33432,False,False,False,False,monthly,True,0,Company_32,EdTech,US,2024-06-27,event,6.0,396.1333333333333,4.0,6.0,3.0,3.0,43.0,0
S-2d3434,A-425e76,2023-07-22,,Pro,8,392,4704,False,False,False,False,annual,True,0,Company_110,DevTools,UK,2023-05-17,other,6.0,310.96666666666664,1.0,6.0,5.0,3.3333333333333335,48.2,0
S-b8caad,A-ac14bb,2023-09-27,,Pro,21,1029,12348,False,False,False,False,annual,False,0,Company_15,FinTech,US,2023-09-08,partner,7.0,339.53333333333336,6.0,7.0,2.0,4.0,24.5,0
S-58ab69,A-58b9ff,2024-09-27,,Pro,63,3087,37044,False,False,True,False,monthly,True,0,Company_425,DevTools,IN,2024-05-31,partner,9.0,488.1666666666667,7.0,9.0,2.0,4.0,66.0,0
S-6c877e,A-712533,2023-08-13,,Enterprise,18,0,0,True,False,False,False,monthly,True,0,Company_498,EdTech,US,2023-07-31,organic,7.0,296.8,2.0,7.0,5.0,3.75,37.4,0
S-ff4611,A-c9bb3e,2024-04-25,,Pro,123,6027,72324,False,False,False,False,annual,True,0,Company_336,EdTech,US,2024-03-24,ads,4.0,235.33333333333334,1.0,4.0,7.0,4.2,27.714285714285715,0
S-f3c329,A-1f0636,2024-09-02,,Basic,105,1995,23940,False,False,False,False,annual,True,0,Company_368,EdTech,AU,2024-01-01,partner,5.0,198.13333333333333,1.0,5.0,2.0,3.5,38.5,0
S-270a4e,A-6c093d,2024-01-17,,Basic,7,133,1596,False,True,False,False,monthly,True,0,Company_12,DevTools,US,2023-04-14,partner,7.0,456.65,2.0,7.0,3.0,5.0,40.333333333333336,0
S-2a312e,A-034368,2024-06-21,,Basic,26,494,5928,False,False,False,False,monthly,True,0,Company_353,EdTech,US,2023-11-05,event,3.0,140.58333333333334,5.0,3.0,5.0,4.0,41.2,1
S-3aa11b,A-7c83a1,2024-09-27,,Pro,12,588,7056,False,False,False,False,annual,True,0,Company_447,Cybersecurity,US,2024-05-06,partner,5.0,210.4,1.0,5.0,4.0,4.0,42.0,0
S-0a8cff,A-016043,2024-09-28,,Enterprise,12,0,0,True,True,False,False,monthly,True,0,Company_405,EdTech,CA,2024-07-31,organic,4.0,239.8,1.0,4.0,3.0,4.0,30.333333333333332,0
S-b4d224,A-4c6f11,2024-05-31,,Basic,27,513,6156,False,False,True,False,annual,True,0,Company_146,FinTech,CA,2023-11-27,organic,3.0,252.0,0.0,3.0,3.0,4.333333333333333,44.666666666666664,1
S-f0e458,A-ab438f,2024-12-27,,Pro,77,0,0,True,False,False,False,monthly,True,0,Company_233,Cybersecurity,US,2024-09-13,ads,3.0,192.0,4.0,3.0,2.0,3.5,33.5,1
S-af5ec3,A-8e47ca,2024-08-23,,Enterprise,19,3781,45372,False,False,False,False,monthly,True,0,Company_191,HealthTech,US,2024-02-15,organic,7.0,383.0833333333333,2.0,7.0,5.0,4.0,33.4,0
S-683c6b,A-e36807,2024-11-21,,Enterprise,14,2786,33432,False,False,False,False,annual,True,0,Company_164,EdTech,AU,2024-05-17,other,3.0,203.3,3.0,3.0,2.0,4.5,41.0,1
S-1df679,A-508199,2024-04-26,,Enterprise,19,3781,45372,False,False,False,False,annual,True,0,Company_208,FinTech,AU,2024-01-28,event,6.0,285.1666666666667,1.0,6.0,3.0,3.0,50.666666666666664,0
S-ca74fe,A-dfbd31,2024-07-30,,Pro,14,686,8232,False,False,False,False,annual,False,0,Company_190,DevTools,UK,2023-12-04,partner,3.0,250.46666666666667,0.0,3.0,6.0,4.25,29.666666666666668,1
S-061025,A-c45b23,2024-11-16,,Pro,7,343,4116,False,False,False,False,annual,True,0,Company_75,FinTech,UK,2023-12-08,partner,6.0,213.13333333333333,6.0,6.0,3.0,3.0,36.666666666666664,0
S-333abd,A-a1b80b,2024-07-05,,Basic,16,304,3648,False,False,False,False,annual,True,0,Company_184,HealthTech,US,2023-11-27,organic,6.0,261.48333333333335,0.0,6.0,4.0,4.0,41.0,0
S-5281ee,A-427b69,2024-09-27,,Pro,17,0,0,True,False,False,False,annual,False,0,Company_453,FinTech,US,2024-08-23,other,6.0,554.4333333333333,1.0,6.0,2.0,3.0,31.5,0
S-1bf697,A-acb7f7,2024-08-31,,Pro,32,1568,18816,False,False,False,False,monthly,True,0,Company_330,EdTech,US,2024-01-06,ads,2.0,123.23333333333333,1.0,2.0,3.0,3.5,41.0,1
S-9b8167,A-054577,2024-05-08,,Pro,29,1421,17052,False,False,False,False,monthly,True,0,Company_455,EdTech,UK,2024-04-28,ads,5.0,278.21666666666664,0.0,5.0,1.0,4.0,46.0,0
S-585d4c,A-00bed1,2024-05-06,,Enterprise,28,5572,66864,False,True,False,False,monthly,True,0,Company_306,Cybersecurity,US,2023-11-14,ads,8.0,453.6333333333333,5.0,8.0,4.0,4.0,31.75,0
S-cdd281,A-39ddf4,2024-12-30,,Enterprise,40,7960,95520,False,False,False,False,monthly,True,0,Company_435,EdTech,US,2024-12-05,partner,6.0,184.41666666666666,5.0,6.0,5.0,4.25,23.0,0
S-f83141,A-659280,2024-12-26,,Basic,17,0,0,True,False,False,False,annual,False,0,Company_417,FinTech,IN,2023-11-17,event,8.0,442.2,5.0,8.0,4.0,4.333333333333333,8.0,0
S-3af429,A-9077b0,2024-12-10,,Basic,30,0,0,True,True,False,False,monthly,True,0,Company_41,HealthTech,US,2024-08-25,ads,8.0,369.81666666666666,6.0,8.0,3.0,4.333333333333333,40.333333333333336,0
S-0cb4fe,A-560d27,2024-05-31,,Enterprise,71,14129,169548,False,False,False,False,monthly,True,0,Company_266,DevTools,US,2024-05-05,organic,4.0,176.58333333333334,2.0,4.0,4.0,3.6666666666666665,30.75,0
S-da3b68,A-5c046d,2024-11-23,,Enterprise,93,18507,222084,False,False,False,False,monthly,True,0,Company_130,EdTech,FR,2024-07-06,partner,8.0,342.28333333333336,3.0,8.0,1.0,3.0,13.0,0
S-620b62,A-d42431,2024-08-06,,Enterprise,22,4378,52536,False,True,False,False,annual,False,0,Company_378,FinTech,FR,2024-06-09,ads,6.0,407.28333333333336,6.0,6.0,4.0,4.0,24.25,0
S-4056f6,A-86cdb4,2024-10-06,,Pro,2,98,1176,False,False,False,False,annual,True,0,Company_250,DevTools,DE,2024-09-22,partner,3.0,170.93333333333334,0.0,3.0,5.0,4.333333333333333,26.4,1
S-7a1803,A-443b7c,2024-10-26,,Enterprise,11,0,0,True,False,False,False,annual,True,0,Company_280,Cybersecurity,US,2024-09-06,other,5.0,331.1666666666667,1.0,5.0,8.0,4.4,29.25,0
S-ddc51c,A-ad296b,2024-12-09,,Pro,38,1862,22344,False,False,False,False,annual,True,0,Company_112,DevTools,AU,2024-07-15,event,10.0,708.5166666666667,3.0,10.0,3.0,3.6666666666666665,28.333333333333332,0
S-ba228b,A-a33200,2024-12-20,,Basic,29,551,6612,False,False,False,False,monthly,True,0,Company_352,HealthTech,US,2024-09-15,partner,5.0,320.2,0.0,5.0,3.0,4.5,36.333333333333336,0
S-e3255c,A-600734,2024-10-08,,Pro,29,1421,17052,False,False,False,False,monthly,True,0,Company_327,DevTools,US,2023-11-14,organic,8.0,451.23333333333335,2.0,8.0,7.0,3.6666666666666665,52.57142857142857,0
S-5619af,A-1d5444,2024-04-23,,Enterprise,24,4776,57312,False,False,False,False,monthly,False,0,Company_427,Cybersecurity,US,2024-01-18,partner,3.0,80.36666666666666,2.0,3.0,2.0,4.0,30.0,1
S-47048b,A-0f7d77,2024-12-31,,Basic,7,133,1596,False,False,False,False,annual,True,0,Company_457,FinTech,IN,2024-10-28,partner,5.0,325.46666666666664,0.0,5.0,5.0,5.0,27.2,0
S-b60208,A-9174e0,2024-12-06,,Enterprise,37,0,0,True,False,False,False,annual,True,0,Company_73,Cybersecurity,US,2024-12-04,partner,5.0,177.55,3.0,5.0,2.0,5.0,39.0,0
S-64d203,A-f17767,2024-03-20,,Pro,9,441,5292,False,False,False,False,monthly,True,0,Company_123,DevTools,US,2023-01-30,event,4.0,269.45,9.0,4.0,3.0,4.0,36.333333333333336,0
S-a87ff6,A-4e960a,2024-12-08,,Basic,12,228,2736,False,False,False,False,monthly,True,0,Company_277,FinTech,US,2024-01-17,other,4.0,132.4,5.0,4.0,6.0,4.0,29.166666666666668,0
S-0ff481,A-6c093d,2023-04-30,,Basic,15,285,3420,False,False,False,False,annual,False,0,Company_12,DevTools,US,2023-04-14,partner,3.0,122.13333333333334,3.0,3.0,3.0,5.0,40.333333333333336,1
S-bb3c63,A-94d3da,2023-12-01,,Basic,41,779,9348,False,False,False,False,monthly,True,0,Company_61,HealthTech,US,2023-05-03,other,6.0,404.71666666666664,5.0,6.0,6.0,3.5,26.833333333333332,0
S-55aa8a,A-bad8c1,2023-11-15,,Pro,60,0,0,True,False,False,False,monthly,True,0,Company_34,FinTech,AU,2023-03-01,organic,6.0,344.23333333333335,4.0,6.0,1.0,4.0,27.0,0
S-196dc6,A-eb2fdc,2024-05-22,,Enterprise,47,9353,112236,False,False,False,False,annual,True,0,Company_216,DevTools,AU,2023-11-21,organic,2.0,119.58333333333333,1.0,2.0,5.0,4.5,33.6,1
S-afa7a7,A-1b9609,2024-10-03,,Enterprise,25,0,0,True,False,False,False,annual,True,0,Company_5,EdTech,IN,2023-10-12,ads,3.0,92.36666666666666,2.0,3.0,4.0,3.0,43.0,1
S-fcef74,A-ad64c6,2024-09-08,,Pro,12,588,7056,False,False,False,False,monthly,True,0,Company_175,DevTools,UK,2024-02-23,event,0.0,0.0,0.0,0.0,4.0,5.0,34.0,1
S-a3129d,A-712426,2024-12-07,,Enterprise,18,0,0,True,False,False,False,annual,True,0,Company_155,HealthTech,US,2024-11-10,other,1.0,82.5,0.0,1.0,6.0,4.4,37.333333333333336,1
S-8def89,A-cbd1a3,2024-11-27,,Enterprise,8,1592,19104,False,False,False,False,annual,True,0,Company_325,DevTools,US,2024-11-25,other,4.0,173.08333333333334,1.0,4.0,4.0,4.0,34.5,0
S-a2cde5,A-463db0,2024-12-20,,Pro,15,735,8820,False,False,False,False,annual,False,0,Company_16,HealthTech,US,2024-12-05,partner,5.0,377.8833333333333,1.0,5.0,6.0,4.25,50.166666666666664,0
S-c855b0,A-ac14bb,2024-01-16,,Enterprise,71,14129,169548,False,True,False,False,annual,True,0,Company_15,FinTech,US,2023-09-08,partner,7.0,263.6,8.0,7.0,2.0,4.0,24.5,0
S-85ddea,A-cc1d8d,2024-12-20,,Enterprise,5,995,11940,False,False,False,False,monthly,True,0,Company_440,FinTech,US,2024-12-08,other,2.0,158.56666666666666,0.0,2.0,5.0,4.5,30.2,1
S-982ee2,A-eb2fdc,2024-11-07,,Enterprise,31,6169,74028,False,False,False,False,annual,True,0,Company_216,DevTools,AU,2023-11-21,organic,4.0,206.86666666666667,0.0,4.0,5.0,4.5,33.6,0
S-6ce11a,A-ac85cd,2024-12-03,,Basic,53,1007,12084,False,False,False,False,annual,True,0,Company_485,EdTech,US,2024-07-31,partner,6.0,276.1,1.0,6.0,3.0,3.5,33.666666666666664,0
S-d638c7,A-832ec2,2024-07-25,,Basic,31,589,7068,False,True,False,False,annual,True,0,Company_19,FinTech,UK,2023-11-19,event,6.0,195.48333333333332,3.0,6.0,3.0,4.0,26.0,0
S-f967c2,A-029f69,2024-12-10,,Basic,7,133,1596,False,False,False,False,monthly,True,0,Company_129,Cybersecurity,CA,2024-03-07,event,5.0,175.56666666666666,5.0,5.0,2.0,3.0,42.0,0
S-196c1e,A-7df7a7,2024-11-04,,Basic,7,133,1596,False,False,False,False,annual,True,0,Company_125,DevTools,US,2023-01-28,organic,13.0,618.2666666666667,7.0,13.0,3.0,4.0,28.0,0
S-559e85,A-53f4e3,2024-12-22,,Pro,29,1421,17052,False,False,False,False,monthly,True,0,Company_194,Cybersecurity,UK,2024-06-14,event,7.0,340.6666666666667,5.0,7.0,5.0,4.0,28.6,0
S-af7a2c,A-dcc2f0,2024-11-13,,Basic,22,418,5016,False,True,False,False,annual,True,0,Company_309,FinTech,UK,2023-07-22,organic,1.0,11.0,0.0,1.0,2.0,,27.0,1
S-e66253,A-d5a319,2024-11-19,,Enterprise,15,2985,35820,False,False,False,False,annual,True,0,Company_158,FinTech,US,2023-05-04,other,4.0,216.81666666666666,2.0,4.0,1.0,4.0,17.0,0
S-25f647,A-425e76,2024-07-10,,Basic,37,703,8436,False,False,False,False,monthly,True,0,Company_110,DevTools,UK,2023-05-17,other,3.0,226.35,2.0,3.0,5.0,3.3333333333333335,48.2,1
S-766d8b,A-82861f,2024-05-27,2024-11-15,Enterprise,41,8159,97908,False,False,False,True,monthly,True,1,Company_350,DevTools,UK,2024-04-25,organic,5.0,230.38333333333333,4.0,5.0,5.0,3.2,24.4,0
S-39f1ed,A-6dee43,2024-04-27,,Pro,3,147,1764,False,False,False,False,monthly,True,0,Company_478,FinTech,UK,2023-08-12,other,6.0,516.0833333333334,0.0,6.0,5.0,4.333333333333333,44.2,0
S-70c734,A-bd4708,2024-09-05,,Pro,37,1813,21756,False,False,False,False,annual,True,0,Company_257,FinTech,US,2024-07-21,ads,5.0,179.56666666666666,1.0,5.0,4.0,3.5,24.0,0
S-e44831,A-bb2f49,2024-12-26,,Pro,28,1372,16464,False,False,False,False,monthly,False,0,Company_356,Cybersecurity,US,2023-05-28,other,7.0,322.23333333333335,5.0,7.0,3.0,4.0,22.333333333333332,0
S-21c164,A-029f69,2024-12-31,,Basic,34,646,7752,False,False,False,False,annual,True,0,Company_129,Cybersecurity,CA,2024-03-07,event,4.0,181.9,0.0,4.0,2.0,3.0,42.0,0
S-d83789,A-104f1a,2024-12-10,,Pro,24,1176,14112,False,False,False,False,monthly,True,0,Company_89,Cybersecurity,US,2024-08-17,other,6.0,359.05,2.0,6.0,5.0,3.75,33.2,0
S-dafec3,A-684255,2024-09-09,,Enterprise,9,1791,21492,False,False,False,False,annual,False,0,Company_20,FinTech,US,2024-04-14,ads,3.0,61.55,3.0,3.0,4.0,4.666666666666667,14.25,1
S-9cd745,A-cab532,2023-07-24,,Enterprise,11,2189,26268,False,False,False,False,monthly,True,0,Company_218,DevTools,FR,2023-04-03,organic,4.0,138.76666666666668,1.0,4.0,1.0,4.0,32.0,0
S-90e2d7,A-8ae3fc,2024-07-17,,Basic,31,589,7068,False,False,False,False,annual,True,0,Company_495,DevTools,CA,2024-06-28,ads,5.0,334.0,0.0,5.0,4.0,3.5,39.5,0
S-ca72d9,A-bcf664,2024-01-29,,Basic,55,1045,12540,False,False,False,False,annual,True,0,Company_248,DevTools,US,2023-05-19,other,6.0,408.6,8.0,6.0,5.0,4.0,36.0,0
S-e05562,A-075038,2023-11-08,,Pro,17,833,9996,False,False,False,False,monthly,True,0,Company_397,HealthTech,UK,2023-05-12,ads,4.0,284.3666666666667,1.0,4.0,2.0,3.0,43.5,0
S-c14073,A-ba6516,2024-01-30,,Basic,27,513,6156,False,True,False,False,annual,True,0,Company_154,FinTech,US,2023-10-29,ads,2.0,95.26666666666667,2.0,2.0,6.0,4.0,31.5,1
S-01b2dc,A-cc102e,2024-12-23,,Basic,13,247,2964,False,True,False,False,annual,True,0,Company_443,HealthTech,US,2024-04-15,partner,7.0,207.86666666666667,9.0,7.0,4.0,4.333333333333333,33.25,0
S-e25e6e,A-5a92e7,2024-12-07,,Basic,4,76,912,False,False,False,False,monthly,True,0,Company_413,HealthTech,US,2024-06-11,ads,6.0,320.96666666666664,0.0,6.0,7.0,4.4,45.0,0
S-47e122,A-271f46,2023-07-01,,Basic,38,722,8664,False,False,False,False,monthly,True,0,Company_84,DevTools,US,2023-02-09,event,6.0,282.6,1.0,6.0,1.0,,36.0,0
S-5856ab,A-3c1a3f,2024-05-06,2024-11-25,Pro,19,931,11172,False,False,False,True,annual,True,1,Company_224,DevTools,UK,2023-08-26,event,5.0,255.73333333333332,3.0,5.0,4.0,3.5,33.25,0
S-edd29b,A-592832,2024-12-24,,Enterprise,18,3582,42984,False,False,False,False,annual,True,0,Company_10,Cybersecurity,US,2024-09-25,organic,4.0,164.41666666666666,5.0,4.0,3.0,5.0,32.666666666666664,0
S-dc77b7,A-cbd1a3,2024-12-29,,Basic,20,380,4560,False,False,False,False,annual,True,0,Company_325,DevTools,US,2024-11-25,other,5.0,147.38333333333333,2.0,5.0,4.0,4.0,34.5,0
S-2d0c1f,A-241e75,2024-07-11,,Pro,46,2254,27048,False,False,False,False,annual,True,0,Company_242,EdTech,US,2024-07-03,partner,1.0,63.333333333333336,0.0,1.0,4.0,4.5,31.5,1
S-ac42e8,A-417d2f,2024-09-08,,Basic,49,931,11172,False,False,False,False,monthly,False,0,Company_285,Cybersecurity,IN,2023-07-04,partner,2.0,90.98333333333333,0.0,2.0,6.0,4.333333333333333,43.5,1
S-5c3f50,A-f3ff05,2024-09-11,,Enterprise,4,796,9552,False,False,False,False,annual,True,0,Company_44,FinTech,IN,2024-07-06,other,7.0,387.6333333333333,5.0,7.0,3.0,3.5,42.666666666666664,0
S-84e658,A-922109,2024-08-18,,Enterprise,3,0,0,True,False,False,False,monthly,False,0,Company_243,Cybersecurity,US,2024-01-26,ads,7.0,363.0,3.0,7.0,3.0,3.0,25.333333333333332,0
S-1dbbc2,A-42b791,2024-12-30,,Basic,20,380,4560,False,False,False,False,monthly,False,0,Company_464,FinTech,AU,2024-05-20,event,2.0,22.566666666666666,0.0,2.0,3.0,4.0,33.666666666666664,1
S-b633be,A-6c093d,2023-09-26,2024-07-14,Basic,62,0,0,True,False,False,True,monthly,True,1,Company_12,DevTools,US,2023-04-14,partner,5.0,285.15,2.0,5.0,3.0,5.0,40.333333333333336,0
S-a1676a,A-bb3bd4,2024-05-06,,Pro,23,1127,13524,False,False,False,False,annual,True,0,Company_340,HealthTech,US,2024-01-27,ads,5.0,182.16666666666666,1.0,5.0,11.0,4.142857142857143,32.72727272727273,0
S-e958ba,A-417d2f,2024-03-29,,Pro,13,637,7644,False,False,False,False,monthly,True,0,Company_285,Cybersecurity,IN,2023-07-04,partner,6.0,254.03333333333333,3.0,6.0,6.0,4.333333333333333,43.5,0
S-86571c,A-d26ab4,2024-12-27,,Enterprise,33,6567,78804,False,False,False,False,monthly,True,0,Company_497,DevTools,UK,2024-11-07,organic,3.0,143.8,4.0,3.0,2.0,4.0,49.5,1
S-4193dd,A-4e631b,2024-10-13,,Basic,22,418,5016,False,False,False,False,monthly,True,0,Company_298,FinTech,US,2024-03-16,other,2.0,71.25,3.0,2.0,2.0,4.0,24.5,1
S-860bc8,A-42e5e1,2024-08-29,,Basic,1,19,228,False,False,False,False,annual,True,0,Company_118,DevTools,US,2024-07-09,ads,5.0,303.06666666666666,4.0,5.0,3.0,4.0,29.0,0
S-2e78ce,A-84ebe4,2024-04-15,2024-10-22,Basic,18,342,4104,False,False,False,True,monthly,True,1,Company_68,FinTech,US,2023-03-12,ads,2.0,92.4,1.0,2.0,4.0,4.0,29.5,1
S-b5a1a0,A-474ad4,2023-12-04,,Basic,10,190,2280,False,True,True,False,annual,True,0,Company_261,EdTech,US,2023-11-28,organic,3.0,253.35,2.0,3.0,3.0,5.0,33.0,1
S-480226,A-7f6b86,2024-05-21,,Basic,45,855,10260,False,True,False,False,annual,True,0,Company_299,HealthTech,US,2023-08-24,partner,4.0,238.61666666666667,1.0,4.0,7.0,3.6666666666666665,40.42857142857143,0
S-be828b,A-cbbe12,2023-08-09,,Pro,40,1960,23520,False,False,False,False,monthly,True,0,Company_450,Cybersecurity,DE,2023-03-22,partner,3.0,99.56666666666666,3.0,3.0,6.0,4.25,38.0,1
S-3ffd93,A-cc1d8d,2024-12-23,,Basic,39,741,8892,False,False,False,False,monthly,True,0,Company_440,FinTech,US,2024-12-08,other,4.0,233.06666666666666,1.0,4.0,5.0,4.5,30.2,0
S-94d88f,A-ccc747,2024-09-11,,Pro,16,784,9408,False,False,False,False,annual,False,0,Company_339,HealthTech,FR,2024-01-12,event,2.0,176.43333333333334,1.0,2.0,4.0,5.0,32.25,1
S-b27c39,A-484819,2023-06-02,2024-07-03,Basic,18,342,4104,False,True,False,True,monthly,True,1,Company_109,HealthTech,US,2023-02-21,organic,0.0,0.0,0.0,0.0,5.0,4.5,33.2,1
S-d073bb,A-a1bbb6,2023-08-13,,Enterprise,9,1791,21492,False,False,False,False,monthly,True,0,Company_74,DevTools,CA,2023-04-05,organic,3.0,206.63333333333333,6.0,3.0,3.0,4.0,17.666666666666668,1
S-afe3b8,A-cc1d8d,2024-12-10,,Pro,16,784,9408,False,False,False,False,monthly,True,0,Company_440,FinTech,US,2024-12-08,other,8.0,637.3166666666667,4.0,7.0,5.0,4.5,30.2,0
S-bbd8b5,A-54ecc2,2023-11-26,,Basic,4,76,912,False,False,False,False,annual,True,0,Company_289,Cybersecurity,US,2023-06-11,partner,4.0,212.38333333333333,0.0,4.0,5.0,5.0,37.4,0
S-6d10f7,A-7641d3,2024-11-17,,Pro,16,784,9408,False,False,False,False,monthly,True,0,Company_429,EdTech,US,2023-02-16,partner,4.0,147.15,0.0,4.0,5.0,4.333333333333333,45.2,0
S-491d53,A-3cc791,2024-05-23,,Pro,12,588,7056,False,False,False,False,monthly,True,0,Company_423,EdTech,US,2024-01-10,other,7.0,441.51666666666665,9.0,7.0,6.0,4.25,48.333333333333336,0
S-cfedb3,A-54d94a,2024-07-16,,Basic,27,513,6156,False,False,False,False,annual,True,0,Company_385,Cybersecurity,IN,2023-05-01,event,5.0,402.28333333333336,2.0,5.0,4.0,3.5,53.75,0
S-62a617,A-2d1036,2024-09-23,2024-10-17,Basic,69,1311,15732,False,False,False,True,annual,False,1,Company_399,FinTech,US,2024-06-14,ads,2.0,124.63333333333334,0.0,2.0,5.0,4.6,37.8,1
S-0b3f0c,A-3be56b,2024-06-12,,Enterprise,3,0,0,True,False,False,False,monthly,True,0,Company_200,HealthTech,IN,2023-10-26,event,5.0,282.7,1.0,5.0,4.0,3.5,40.25,0
S-e5909f,A-b44e3e,2024-04-17,,Pro,40,1960,23520,False,True,False,False,annual,True,0,Company_383,Cybersecurity,UK,2024-02-12,ads,7.0,250.45,6.0,7.0,3.0,4.333333333333333,40.0,0
S-53ff75,A-acb7f7,2024-11-26,,Basic,32,608,7296,False,False,True,False,monthly,True,0,Company_330,EdTech,US,2024-01-06,ads,5.0,163.71666666666667,3.0,5.0,3.0,3.5,41.0,0
S-4a724b,A-00bed1,2024-08-06,,Pro,28,1372,16464,False,False,False,False,annual,True,0,Company_306,Cybersecurity,US,2023-11-14,ads,4.0,144.58333333333334,5.0,4.0,4.0,4.0,31.75,0
S-ce90ba,A-812c5b,2024-04-03,,Pro,55,0,0,True,False,False,False,monthly,True,0,Company_395,DevTools,CA,2024-02-25,organic,5.0,230.43333333333334,3.0,5.0,4.0,4.0,27.0,0
S-672dd6,A-05d3b3,2023-08-03,,Enterprise,16,3184,38208,False,False,False,False,monthly,True,0,Company_213,DevTools,AU,2023-05-28,ads,3.0,128.1,1.0,3.0,6.0,4.333333333333333,31.5,1
S-78172b,A-f9cc74,2024-10-30,,Enterprise,30,5970,71640,False,False,False,False,monthly,True,0,Company_360,DevTools,FR,2024-10-12,partner,2.0,93.35,0.0,2.0,6.0,4.0,49.833333333333336,1
S-ea9f08,A-b9eed8,2024-07-14,,Pro,13,637,7644,False,False,True,False,annual,True,0,Company_189,Cybersecurity,US,2024-02-23,organic,6.0,224.6,7.0,6.0,5.0,3.75,29.2,0
S-5aa854,A-328bd0,2024-04-29,,Pro,18,882,10584,False,False,False,False,annual,True,0,Company_237,HealthTech,AU,2023-05-16,partner,5.0,71.21666666666667,2.0,5.0,5.0,3.6666666666666665,46.0,0
S-e81358,A-d77f4c,2024-02-29,,Pro,29,1421,17052,False,False,False,False,annual,True,0,Company_470,DevTools,US,2023-09-25,partner,3.0,194.08333333333334,0.0,3.0,2.0,4.0,31.0,1
S-e95f57,A-1986ca,2024-09-24,,Enterprise,20,3980,47760,False,False,False,False,monthly,False,0,Company_197,HealthTech,IN,2023-01-30,ads,1.0,53.733333333333334,1.0,1.0,7.0,3.4,36.57142857142857,1
S-0027d3,A-e693b6,2024-05-04,,Basic,55,1045,12540,False,False,False,False,annual,True,0,Company_240,FinTech,AU,2023-05-25,event,4.0,347.46666666666664,0.0,4.0,1.0,3.0,1.0,0
S-3ce79c,A-781cc0,2024-10-17,,Enterprise,22,4378,52536,False,False,False,False,monthly,False,0,Company_499,EdTech,US,2024-09-04,organic,4.0,242.96666666666667,1.0,4.0,4.0,3.6666666666666665,57.5,0
S-6e81f5,A-bece89,2024-10-18,,Pro,38,1862,22344,False,False,False,False,annual,True,0,Company_128,Cybersecurity,IN,2023-12-01,event,3.0,71.2,1.0,3.0,4.0,4.0,32.5,1
S-775a4f,A-7c83a1,2024-07-18,,Enterprise,19,3781,45372,False,False,False,False,monthly,True,0,Company_447,Cybersecurity,US,2024-05-06,partner,6.0,256.35,0.0,6.0,4.0,4.0,42.0,0
S-f4e6c0,A-2f6a32,2024-11-16,,Basic,19,0,0,True,False,False,False,monthly,True,0,Company_160,HealthTech,US,2024-08-26,organic,7.0,316.55,9.0,7.0,2.0,3.5,41.0,0
S-089366,A-e60f9d,2024-11-12,,Basic,29,551,6612,False,False,False,False,annual,True,0,Company_178,FinTech,US,2024-08-26,other,9.0,490.1666666666667,6.0,9.0,2.0,,70.5,0
S-a19f87,A-bb1486,2024-12-18,,Pro,41,2009,24108,False,False,False,False,annual,True,0,Company_265,HealthTech,US,2024-11-05,organic,6.0,163.23333333333332,3.0,6.0,3.0,3.0,11.0,0
S-2de283,A-117171,2024-11-27,,Pro,45,0,0,True,False,False,False,monthly,True,0,Company_135,HealthTech,FR,2024-09-12,organic,3.0,144.88333333333333,3.0,3.0,6.0,3.6666666666666665,32.5,1
S-f497df,A-751c58,2024-12-21,,Basic,71,1349,16188,False,False,False,False,annual,True,0,Company_393,FinTech,UK,2024-07-18,organic,3.0,171.18333333333334,0.0,3.0,5.0,4.333333333333333,39.6,1
S-c8a4ff,A-fabe19,2024-12-24,2024-12-29,Enterprise,23,4577,54924,False,False,False,True,annual,False,1,Company_97,DevTools,UK,2024-11-11,ads,2.0,143.9,0.0,2.0,3.0,4.0,40.666666666666664,1
S-294d8b,A-9289f6,2024-09-15,,Enterprise,17,3383,40596,False,False,False,False,monthly,True,0,Company_104,EdTech,US,2023-05-31,event,6.0,300.6166666666667,3.0,6.0,6.0,4.333333333333333,37.5,0
S-a3927a,A-378b99,2024-12-02,2024-12-30,Enterprise,8,1592,19104,False,False,False,True,annual,True,1,Company_60,EdTech,UK,2024-09-01,ads,4.0,224.41666666666666,1.0,4.0,6.0,4.5,28.5,0
S-2cf162,A-a8d89d,2024-04-12,,Basic,13,247,2964,False,False,False,False,annual,True,0,Company_326,EdTech,US,2023-12-08,ads,3.0,219.01666666666668,2.0,3.0,2.0,5.0,44.5,1
S-7be036,A-3a7284,2024-12-28,,Pro,31,1519,18228,False,True,False,False,annual,True,0,Company_93,FinTech,US,2024-11-17,organic,3.0,137.6,2.0,3.0,3.0,3.5,56.333333333333336,1
S-1facfc,A-7df7a7,2024-03-04,,Pro,7,343,4116,False,False,False,False,annual,True,0,Company_125,DevTools,US,2023-01-28,organic,5.0,272.21666666666664,0.0,5.0,3.0,4.0,28.0,0
S-ccdc31,A-970c97,2024-12-16,,Pro,19,931,11172,False,False,False,False,annual,True,0,Company_477,HealthTech,DE,2024-03-01,other,7.0,307.5833333333333,4.0,7.0,1.0,5.0,61.0,0
S-d3efa2,A-a1bbb6,2023-12-21,,Enterprise,11,2189,26268,False,False,False,False,monthly,True,0,Company_74,DevTools,CA,2023-04-05,organic,10.0,551.4666666666667,0.0,10.0,3.0,4.0,17.666666666666668,0
S-dcc1a5,A-029f69,2024-05-09,,Pro,26,1274,15288,False,False,False,False,annual,False,0,Company_129,Cybersecurity,CA,2024-03-07,event,7.0,411.03333333333336,4.0,7.0,2.0,3.0,42.0,0
S-0d2fb8,A-43a9e3,2023-09-20,,Basic,22,418,5016,False,False,False,False,annual,False,0,Company_1,FinTech,IN,2023-08-17,other,2.0,145.75,5.0,2.0,3.0,4.0,38.0,1
S-0fcf7d,A-e08cd3,2024-11-23,,Pro,67,3283,39396,False,False,False,False,annual,False,0,Company_475,FinTech,US,2024-09-21,ads,6.0,292.26666666666665,2.0,6.0,8.0,4.0,30.375,0
S-e76552,A-474ad4,2024-09-13,,Pro,8,392,4704,False,False,False,False,monthly,False,0,Company_261,EdTech,US,2023-11-28,organic,3.0,164.26666666666668,5.0,3.0,3.0,5.0,33.0,1
S-c14566,A-313be3,2023-12-11,,Pro,47,2303,27636,False,False,False,False,annual,True,0,Company_136,EdTech,US,2023-11-15,partner,2.0,108.8,0.0,2.0,4.0,5.0,22.5,1
S-a2fb62,A-443f6f,2024-12-10,,Pro,19,931,11172,False,False,False,False,annual,True,0,Company_304,Cybersecurity,US,2024-12-07,organic,5.0,242.38333333333333,2.0,5.0,4.0,4.666666666666667,28.0,0
S-bd1912,A-0cc442,2024-10-06,2024-10-23,Basic,97,1843,22116,False,False,False,True,monthly,True,1,Company_198,EdTech,US,2024-07-18,organic,6.0,243.25,1.0,6.0,3.0,3.0,37.0,0
S-d5605e,A-e351e1,2024-11-11,,Basic,33,0,0,True,False,False,False,monthly,False,0,Company_62,EdTech,US,2024-09-26,other,9.0,468.56666666666666,10.0,9.0,4.0,3.75,17.0,0
S-b9c635,A-87aa7b,2024-06-02,,Pro,24,1176,14112,False,False,True,False,monthly,True,0,Company_433,HealthTech,US,2024-05-16,organic,5.0,256.51666666666665,5.0,5.0,3.0,,27.333333333333332,0
S-f2dd76,A-443b7c,2024-11-13,2024-11-21,Pro,39,0,0,True,False,False,True,monthly,False,1,Company_280,Cybersecurity,US,2024-09-06,other,2.0,32.6,0.0,2.0,8.0,4.4,29.25,1
S-e7de53,A-4a4c2d,2024-07-08,,Basic,54,1026,12312,False,False,False,False,monthly,True,0,Company_473,DevTools,US,2023-05-02,event,6.0,122.95,4.0,6.0,5.0,4.25,42.0,0
S-8ed780,A-bc87bc,2024-12-09,,Basic,13,247,2964,False,False,False,False,monthly,True,0,Company_456,FinTech,US,2024-07-17,event,5.0,234.2,2.0,5.0,7.0,3.75,40.57142857142857,0
S-6a017c,A-6f8ad2,2024-10-03,,Enterprise,5,995,11940,False,False,False,False,annual,False,0,Company_57,EdTech,IN,2024-07-09,organic,6.0,363.76666666666665,4.0,6.0,4.0,4.333333333333333,35.25,0
S-f2e134,A-4f18f0,2024-08-09,2024-10-07,Basic,25,475,5700,False,False,False,True,monthly,True,1,Company_145,DevTools,CA,2024-04-21,other,7.0,109.55,3.0,7.0,5.0,4.0,39.2,0
S-9fbdfb,A-e4144b,2024-11-25,,Enterprise,79,0,0,True,True,False,False,annual,True,0,Company_316,EdTech,UK,2024-10-22,other,4.0,134.68333333333334,1.0,4.0,3.0,4.0,57.0,0
S-2416eb,A-cd458b,2024-08-14,,Basic,10,190,2280,False,False,False,False,monthly,True,0,Company_430,DevTools,US,2024-06-15,other,9.0,500.96666666666664,7.0,9.0,5.0,4.6,38.4,0
S-20812a,A-5a3eb9,2024-06-14,,Pro,69,3381,40572,False,False,False,False,monthly,True,0,Company_283,DevTools,CA,2023-08-20,other,3.0,73.41666666666667,0.0,3.0,3.0,,24.0,1
S-e88276,A-66224b,2024-12-06,,Basic,92,1748,20976,False,False,False,False,monthly,True,0,Company_87,HealthTech,US,2024-10-18,other,6.0,196.26666666666668,2.0,6.0,6.0,3.5,39.833333333333336,0
S-51cb35,A-18793f,2024-12-20,2024-12-29,Basic,148,2812,33744,False,False,False,True,annual,True,1,Company_488,EdTech,US,2024-12-18,organic,6.0,393.05,1.0,6.0,5.0,3.8,45.2,0
S-53e028,A-fdfc91,2024-09-14,,Basic,111,2109,25308,False,False,False,False,monthly,True,0,Company_414,Cybersecurity,US,2023-05-06,ads,3.0,149.68333333333334,0.0,3.0,5.0,3.6666666666666665,28.8,1
S-f64908,A-1ac5e0,2024-12-11,,Basic,33,0,0,True,False,False,False,monthly,False,0,Company_126,DevTools,US,2024-10-20,event,2.0,33.13333333333333,1.0,2.0,7.0,3.8,40.42857142857143,1
S-a0c741,A-40906c,2024-06-19,,Basic,92,1748,20976,False,False,False,False,monthly,False,0,Company_235,EdTech,US,2024-03-27,ads,3.0,55.35,4.0,3.0,5.0,3.75,29.2,1
S-65d722,A-df10db,2023-09-23,,Basic,2,38,456,False,False,False,False,monthly,True,0,Company_143,DevTools,US,2023-06-06,other,6.0,213.1,0.0,6.0,2.0,3.0,68.5,0
S-5b9bb9,A-bc4d48,2024-08-29,,Pro,35,1715,20580,False,False,False,False,annual,False,0,Company_343,EdTech,US,2024-06-12,ads,5.0,181.88333333333333,1.0,5.0,6.0,4.2,41.166666666666664,0
S-84c44b,A-9bfc9f,2024-01-01,,Basic,53,1007,12084,False,True,False,False,monthly,True,0,Company_228,DevTools,CA,2023-09-14,ads,6.0,240.35,4.0,6.0,6.0,3.3333333333333335,35.333333333333336,0
S-0fb7bb,A-87aa7b,2024-06-05,,Pro,24,1176,14112,False,False,True,False,annual,False,0,Company_433,HealthTech,US,2024-05-16,organic,2.0,169.51666666666668,2.0,2.0,3.0,,27.333333333333332,1
S-cdc644,A-76fa4d,2024-12-03,2024-12-31,Enterprise,69,13731,164772,False,False,False,True,annual,True,1,Company_226,HealthTech,US,2024-11-24,event,4.0,447.1166666666667,0.0,4.0,5.0,4.5,33.4,0
S-c57c91,A-39ddf4,2024-12-24,,Pro,40,1960,23520,False,False,False,False,monthly,True,0,Company_435,EdTech,US,2024-12-05,partner,6.0,354.03333333333336,5.0,6.0,5.0,4.25,23.0,0
S-2d7947,A-4e960a,2024-06-04,,Basic,12,228,2736,False,False,False,False,annual,True,0,Company_277,FinTech,US,2024-01-17,other,2.0,78.51666666666667,0.0,2.0,6.0,4.0,29.166666666666668,1
S-b81200,A-7c6b6b,2024-12-21,,Pro,6,294,3528,False,False,False,False,monthly,True,0,Company_223,FinTech,US,2024-11-30,other,3.0,141.23333333333332,0.0,3.0,5.0,4.333333333333333,52.2,1
S-8ea942,A-0651a4,2024-12-19,,Enterprise,36,0,0,True,False,False,False,annual,True,0,Company_255,HealthTech,FR,2024-10-16,organic,4.0,257.6333333333333,5.0,4.0,4.0,4.0,29.25,0
S-0146f6,A-7641d3,2024-05-13,,Enterprise,13,2587,31044,False,False,False,False,monthly,True,0,Company_429,EdTech,US,2023-02-16,partner,6.0,391.75,1.0,6.0,5.0,4.333333333333333,45.2,0
S-8b0950,A-dfbd31,2024-02-15,,Enterprise,14,2786,33432,False,False,False,False,monthly,False,0,Company_190,DevTools,UK,2023-12-04,partner,3.0,199.55,0.0,3.0,6.0,4.25,29.666666666666668,1
S-5bbb5b,A-ffc04f,2024-12-01,,Enterprise,15,2985,35820,False,False,True,False,annual,True,0,Company_307,EdTech,US,2024-06-06,ads,1.0,26.4,0.0,1.0,7.0,4.5,17.714285714285715,1
S-ecefa1,A-40a557,2024-06-26,,Basic,25,475,5700,False,False,False,False,monthly,True,0,Company_86,Cybersecurity,AU,2023-12-03,partner,4.0,177.51666666666668,1.0,4.0,7.0,3.6666666666666665,30.571428571428573,0
S-1526b7,A-2f6a32,2024-11-24,,Pro,19,931,11172,False,True,False,False,annual,True,0,Company_160,HealthTech,US,2024-08-26,organic,10.0,540.3,8.0,10.0,2.0,3.5,41.0,0
S-55d484,A-52dd88,2023-12-15,,Basic,23,0,0,True,False,False,False,annual,True,0,Company_127,Cybersecurity,US,2023-02-21,ads,4.0,244.06666666666666,4.0,4.0,1.0,,72.0,0
S-94471b,A-ffc04f,2024-10-04,,Basic,13,247,2964,False,False,False,False,monthly,False,0,Company_307,EdTech,US,2024-06-06,ads,10.0,595.35,12.0,10.0,7.0,4.5,17.714285714285715,0
S-eb4b0a,A-acb7f7,2024-12-28,,Basic,32,608,7296,False,False,False,False,annual,True,0,Company_330,EdTech,US,2024-01-06,ads,6.0,337.6333333333333,2.0,6.0,3.0,3.5,41.0,0
S-f7a5b9,A-ffdfd5,2024-04-24,,Pro,11,539,6468,False,False,False,False,annual,True,0,Company_365,EdTech,US,2024-04-13,organic,7.0,262.5833333333333,1.0,7.0,0.0,,,0
S-410fd5,A-a1b80b,2024-06-09,,Basic,19,361,4332,False,False,False,False,annual,True,0,Company_184,HealthTech,US,2023-11-27,organic,6.0,306.56666666666666,6.0,6.0,4.0,4.0,41.0,0
S-32ab86,A-7c6b6b,2024-12-28,,Pro,23,1127,13524,False,False,False,False,monthly,True,0,Company_223,FinTech,US,2024-11-30,other,4.0,203.46666666666667,2.0,4.0,5.0,4.333333333333333,52.2,0
S-9e8b22,A-7c6b6b,2024-12-16,2024-12-23,Pro,6,294,3528,False,False,False,True,annual,True,1,Company_223,FinTech,US,2024-11-30,other,4.0,133.53333333333333,5.0,4.0,5.0,4.333333333333333,52.2,0
S-bf4ec8,A-7a0d69,2024-08-20,,Pro,15,735,8820,False,False,False,False,monthly,True,0,Company_187,DevTools,DE,2024-06-15,ads,8.0,472.6666666666667,4.0,8.0,2.0,5.0,29.0,0
S-a25d8b,A-40a557,2024-03-24,,Enterprise,55,10945,131340,False,False,False,False,monthly,True,0,Company_86,Cybersecurity,AU,2023-12-03,partner,2.0,123.83333333333333,2.0,2.0,7.0,3.6666666666666665,30.571428571428573,1
S-37f480,A-87aa7b,2024-05-25,,Pro,27,1323,15876,False,False,False,False,annual,False,0,Company_433,HealthTech,US,2024-05-16,organic,4.0,128.25,6.0,4.0,3.0,,27.333333333333332,0
S-c27e9c,A-9f2731,2024-11-02,,Basic,38,722,8664,False,False,False,False,monthly,True,0,Company_24,FinTech,IN,2024-10-04,event,4.0,63.81666666666667,1.0,4.0,0.0,,,0
S-a76521,A-eb7c38,2024-12-04,,Basic,33,627,7524,False,False,False,False,annual,True,0,Company_47,DevTools,AU,2024-02-25,organic,6.0,301.3666666666667,3.0,6.0,5.0,4.333333333333333,22.4,0
S-0ab9fb,A-05f0e5,2024-10-22,,Pro,65,3185,38220,False,False,False,False,annual,True,0,Company_40,FinTech,US,2023-05-04,partner,2.0,184.38333333333333,2.0,2.0,4.0,4.0,20.0,1
S-afc43d,A-02cd81,2024-08-25,,Basic,44,836,10032,False,False,False,False,annual,False,0,Company_76,HealthTech,IN,2024-03-28,other,4.0,216.1,3.0,4.0,3.0,4.5,17.333333333333332,0
S-b6e44c,A-019782,2023-10-26,,Basic,11,209,2508,False,False,False,False,annual,False,0,Company_142,DevTools,FR,2023-04-19,event,6.0,360.55,5.0,6.0,2.0,3.0,10.0,0
S-6a8046,A-f97b9a,2023-12-26,,Enterprise,19,3781,45372,False,False,False,False,monthly,True,0,Company_159,FinTech,US,2023-07-09,event,5.0,317.6166666666667,8.0,5.0,7.0,3.6666666666666665,31.714285714285715,0
S-a3cbd4,A-42e5e1,2024-08-01,2024-08-14,Enterprise,20,3980,47760,False,False,False,True,monthly,True,1,Company_118,DevTools,US,2024-07-09,ads,9.0,556.6166666666667,10.0,9.0,3.0,4.0,29.0,0
S-f74e00,A-8ae05d,2024-12-02,,Pro,86,4214,50568,False,False,False,False,monthly,True,0,Company_147,FinTech,IN,2024-04-06,other,2.0,120.65,0.0,2.0,1.0,4.0,47.0,1
S-c2eeba,A-65aeb5,2024-02-02,,Basic,9,171,2052,False,False,False,False,monthly,False,0,Company_120,DevTools,US,2024-01-25,partner,8.0,336.28333333333336,4.0,8.0,2.0,5.0,42.5,0
S-371662,A-bad8c1,2023-06-12,,Pro,54,2646,31752,False,False,False,False,monthly,True,0,Company_34,FinTech,AU,2023-03-01,organic,5.0,275.8333333333333,2.0,5.0,1.0,4.0,27.0,0
S-8ebe58,A-cea1f0,2024-06-09,,Pro,8,0,0,True,False,False,False,annual,True,0,Company_273,FinTech,US,2024-04-07,event,6.0,355.3833333333333,5.0,6.0,5.0,4.333333333333333,42.2,0
S-6102fe,A-cb5333,2024-06-25,,Basic,33,0,0,True,False,False,False,monthly,False,0,Company_370,DevTools,US,2024-03-26,ads,5.0,402.31666666666666,4.0,5.0,4.0,3.0,30.75,0
S-6676fa,A-7df7a7,2023-02-05,,Pro,7,343,4116,False,False,True,False,monthly,True,0,Company_125,DevTools,US,2023-01-28,organic,6.0,152.13333333333333,2.0,6.0,3.0,4.0,28.0,0
S-2b550a,A-c7ffc2,2023-11-01,,Enterprise,30,5970,71640,False,True,False,False,monthly,True,0,Company_392,Cybersecurity,US,2023-01-27,partner,3.0,287.1666666666667,2.0,3.0,2.0,3.0,64.0,1
S-c48d0d,A-3ce5b8,2024-05-22,,Basic,37,703,8436,False,False,False,False,annual,True,0,Company_256,FinTech,IN,2023-09-07,ads,4.0,194.83333333333334,1.0,4.0,10.0,3.7142857142857144,42.5,0
S-7fca0e,A-5b4ebb,2024-08-21,,Basic,52,988,11856,False,False,False,False,annual,True,0,Company_69,Cybersecurity,UK,2024-07-10,other,10.0,448.4,2.0,10.0,5.0,4.75,35.4,0
S-5d343c,A-9208f0,2023-09-23,,Basic,25,475,5700,False,False,False,False,annual,True,0,Company_79,EdTech,US,2023-05-11,organic,5.0,352.05,0.0,5.0,8.0,3.3333333333333335,41.25,0
S-76b176,A-6da850,2024-11-10,2024-12-09,Pro,8,392,4704,False,False,False,True,monthly,False,1,Company_293,FinTech,IN,2023-10-07,organic,3.0,87.28333333333333,1.0,3.0,5.0,4.0,49.0,1
S-e746d2,A-977ca0,2023-08-18,,Enterprise,91,18109,217308,False,False,False,False,monthly,True,0,Company_232,HealthTech,IN,2023-02-20,partner,4.0,196.56666666666666,0.0,4.0,3.0,4.0,64.0,0
S-7b896c,A-ffdfd5,2024-08-18,,Basic,30,570,6840,False,False,False,False,monthly,True,0,Company_365,EdTech,US,2024-04-13,organic,4.0,257.6333333333333,1.0,3.0,0.0,,,0
S-c9a968,A-bad8c1,2024-03-21,,Basic,8,152,1824,False,False,False,False,monthly,True,0,Company_34,FinTech,AU,2023-03-01,organic,4.0,328.95,0.0,4.0,1.0,4.0,27.0,0
S-f4b648,A-8ae05d,2024-11-27,2024-12-28,Enterprise,86,17114,205368,False,False,False,True,annual,True,1,Company_147,FinTech,IN,2024-04-06,other,3.0,186.98333333333332,0.0,3.0,1.0,4.0,47.0,1
S-f4a3ac,A-1f7acb,2024-09-22,,Enterprise,64,12736,152832,False,False,False,False,annual,True,0,Company_281,FinTech,UK,2023-08-06,ads,4.0,143.48333333333332,1.0,4.0,7.0,4.4,41.714285714285715,0
S-42671b,A-118f1c,2024-12-11,,Enterprise,32,6368,76416,False,False,False,False,annual,True,0,Company_492,Cybersecurity,US,2024-10-31,other,5.0,187.33333333333334,2.0,5.0,1.0,3.0,64.0,0
S-88cc86,A-80eeb6,2024-12-20,2024-12-31,Enterprise,22,4378,52536,False,False,False,True,annual,True,1,Company_402,Cybersecurity,UK,2023-05-09,organic,2.0,114.16666666666667,0.0,2.0,4.0,3.6666666666666665,40.25,1
S-02b754,A-3b37d9,2023-10-11,,Enterprise,23,4577,54924,False,False,False,False,annual,False,0,Company_384,FinTech,US,2023-01-27,event,14.0,676.7333333333333,10.0,14.0,5.0,4.5,36.0,0
S-7826c1,A-157070,2024-07-23,,Pro,18,882,10584,False,False,False,False,monthly,True,0,Company_85,FinTech,US,2023-11-09,ads,4.0,123.53333333333333,4.0,4.0,3.0,3.0,42.333333333333336,0
S-45c2cf,A-7920cc,2023-12-11,,Basic,39,741,8892,False,False,False,False,monthly,True,0,Company_412,Cybersecurity,FR,2023-11-23,ads,6.0,172.56666666666666,4.0,6.0,7.0,4.333333333333333,32.857142857142854,0
S-df819a,A-ffc04f,2024-09-08,,Pro,20,980,11760,False,False,False,False,monthly,False,0,Company_307,EdTech,US,2024-06-06,ads,8.0,344.8666666666667,6.0,8.0,7.0,4.5,17.714285714285715,0
S-983266,A-dcc2f0,2024-09-16,2024-11-03,Pro,15,735,8820,False,False,False,True,annual,True,1,Company_309,FinTech,UK,2023-07-22,organic,9.0,379.05,8.0,9.0,2.0,,27.0,0
S-16dfaf,A-8e47ca,2024-02-27,,Pro,19,931,11172,False,False,False,False,annual,True,0,Company_191,HealthTech,US,2024-02-15,organic,7.0,205.73333333333332,3.0,7.0,5.0,4.0,33.4,0
S-f77847,A-186a44,2023-08-23,,Basic,20,380,4560,False,False,True,False,annual,True,0,Company_101,HealthTech,US,2023-08-07,ads,6.0,381.3833333333333,0.0,6.0,7.0,3.5,38.285714285714285,0
S-1053c9,A-69b156,2024-10-12,,Basic,14,266,3192,False,False,False,False,annual,True,0,Company_396,EdTech,US,2023-11-21,other,9.0,441.1166666666667,7.0,9.0,7.0,4.0,32.0,0
S-8eae4e,A-db5e9e,2024-12-16,,Enterprise,16,3184,38208,False,False,False,False,monthly,True,0,Company_442,DevTools,US,2024-11-09,partner,8.0,601.3166666666667,4.0,8.0,2.0,5.0,66.0,0
S-bf39f7,A-3793ee,2024-01-24,,Pro,49,2401,28812,False,False,False,False,monthly,True,0,Company_332,Cybersecurity,CA,2023-03-21,organic,5.0,191.31666666666666,0.0,5.0,4.0,4.0,43.75,0
S-a4142f,A-a8b49c,2023-10-14,,Basic,7,133,1596,False,False,False,False,annual,True,0,Company_72,Cybersecurity,UK,2023-10-06,partner,3.0,124.56666666666666,3.0,3.0,1.0,4.0,72.0,1
S-e6dee4,A-029f69,2024-11-11,,Pro,3,147,1764,False,False,False,False,annual,True,0,Company_129,Cybersecurity,CA,2024-03-07,event,2.0,91.46666666666667,0.0,2.0,2.0,3.0,42.0,1
S-b76ba6,A-d4ac0e,2024-12-14,,Pro,18,882,10584,False,False,False,False,monthly,True,0,Company_364,DevTools,UK,2024-04-20,ads,5.0,268.05,5.0,5.0,4.0,3.5,21.0,0
S-5a94f7,A-328bd0,2023-09-26,,Pro,33,1617,19404,False,False,False,False,monthly,True,0,Company_237,HealthTech,AU,2023-05-16,partner,2.0,34.916666666666664,4.0,2.0,5.0,3.6666666666666665,46.0,1
S-61afee,A-7df7a7,2023-06-26,,Enterprise,45,8955,107460,False,False,False,False,monthly,False,0,Company_125,DevTools,US,2023-01-28,organic,5.0,229.13333333333333,0.0,5.0,3.0,4.0,28.0,0
S-2a73e2,A-10b8f2,2024-01-29,,Basic,47,893,10716,False,False,False,False,annual,False,0,Company_151,HealthTech,DE,2023-01-11,organic,10.0,623.3166666666667,3.0,10.0,3.0,4.333333333333333,46.333333333333336,0
S-e0075b,A-b3fe05,2024-09-03,,Enterprise,17,3383,40596,False,False,False,False,annual,True,0,Company_238,Cybersecurity,CA,2024-05-28,partner,7.0,343.4166666666667,5.0,7.0,4.0,3.0,48.25,0
S-5bbb53,A-1b7577,2024-12-03,,Pro,4,196,2352,False,False,False,False,annual,True,0,Company_39,Cybersecurity,US,2024-10-27,other,7.0,328.95,5.0,7.0,5.0,4.0,27.2,0
S-65731a,A-684255,2024-12-15,2024-12-26,Basic,9,0,0,True,False,True,True,annual,True,1,Company_20,FinTech,US,2024-04-14,ads,5.0,365.8333333333333,1.0,5.0,4.0,4.666666666666667,14.25,0
S-2d5c04,A-503d5a,2024-03-27,,Enterprise,5,995,11940,False,False,False,False,monthly,True,0,Company_99,FinTech,US,2023-10-21,other,6.0,438.3666666666667,5.0,6.0,9.0,4.0,36.55555555555556,0
S-34253c,A-1b9609,2023-12-02,,Basic,18,342,4104,False,False,False,False,annual,False,0,Company_5,EdTech,IN,2023-10-12,ads,3.0,44.25,3.0,3.0,4.0,3.0,43.0,1
S-d18856,A-396e5f,2024-10-05,,Enterprise,6,1194,14328,False,False,False,False,monthly,True,0,Company_30,Cybersecurity,CA,2024-10-02,other,6.0,473.21666666666664,4.0,6.0,5.0,4.0,24.8,0
S-e6b450,A-eb1312,2024-11-21,,Pro,25,1225,14700,False,False,False,False,monthly,True,0,Company_322,FinTech,US,2024-09-16,partner,6.0,254.61666666666667,3.0,6.0,1.0,5.0,68.0,0
S-0d8cfd,A-4ae22a,2024-08-20,,Pro,6,294,3528,False,False,False,False,annual,True,0,Company_229,EdTech,US,2024-05-09,other,6.0,436.78333333333336,9.0,6.0,3.0,3.0,14.333333333333334,0
S-86e45a,A-56962b,2024-09-23,,Pro,163,7987,95844,False,False,False,False,annual,True,0,Company_177,EdTech,UK,2024-04-09,partner,4.0,209.68333333333334,5.0,4.0,4.0,3.0,37.5,0
S-dcae52,A-00cac8,2024-10-29,,Enterprise,20,3980,47760,False,False,False,False,monthly,True,0,Company_26,HealthTech,AU,2023-09-15,organic,2.0,19.766666666666666,2.0,2.0,2.0,,33.0,1
S-17bbdd,A-bcbe98,2024-11-18,,Pro,46,2254,27048,False,False,False,False,annual,True,0,Company_452,Cybersecurity,US,2024-07-29,other,2.0,88.53333333333333,4.0,2.0,7.0,4.0,38.285714285714285,1
S-f24690,A-756192,2024-11-18,,Basic,19,361,4332,False,False,False,False,monthly,True,0,Company_390,FinTech,IN,2023-06-11,other,9.0,291.35,5.0,9.0,3.0,4.0,37.333333333333336,0
S-9a3e85,A-8ae3fc,2024-08-06,,Pro,21,1029,12348,False,False,False,False,annual,True,0,Company_495,DevTools,CA,2024-06-28,ads,9.0,543.75,7.0,9.0,4.0,3.5,39.5,0
S-1c2a4a,A-b7b7b7,2024-12-29,,Pro,24,1176,14112,False,False,False,False,annual,True,0,Company_338,FinTech,US,2024-06-30,event,4.0,182.68333333333334,4.0,4.0,3.0,5.0,17.0,0
S-c37ee1,A-9174e0,2024-12-08,,Basic,60,1140,13680,False,False,False,False,monthly,True,0,Company_73,Cybersecurity,US,2024-12-04,partner,6.0,244.15,13.0,6.0,2.0,5.0,39.0,0
S-4ebd94,A-c62e55,2024-03-07,,Pro,24,1176,14112,False,False,False,False,annual,True,0,Company_315,EdTech,US,2023-02-08,partner,4.0,233.56666666666666,4.0,4.0,4.0,4.0,27.5,0
S-61797c,A-ad296b,2024-07-25,,Basic,38,722,8664,False,False,False,False,annual,True,0,Company_112,DevTools,AU,2024-07-15,event,7.0,374.93333333333334,1.0,7.0,3.0,3.6666666666666665,28.333333333333332,0
S-f8d0a2,A-a0ca4e,2024-05-15,,Basic,11,209,2508,False,False,False,False,annual,False,0,Company_6,Cybersecurity,US,2024-03-08,ads,4.0,303.81666666666666,1.0,4.0,6.0,3.8,39.166666666666664,0
S-d0eeb2,A-fce879,2024-10-18,,Pro,45,0,0,True,False,True,False,monthly,True,0,Company_291,EdTech,UK,2024-09-24,partner,3.0,241.15,0.0,3.0,2.0,4.0,28.0,1
S-10fc7d,A-cab532,2024-10-14,,Enterprise,11,2189,26268,False,True,False,False,annual,True,0,Company_218,DevTools,FR,2023-04-03,organic,9.0,615.15,4.0,8.0,1.0,4.0,32.0,0
S-c249fb,A-cc98bc,2023-12-25,,Basic,32,608,7296,False,False,False,False,monthly,True,0,Company_469,DevTools,US,2023-05-24,ads,4.0,231.7,3.0,4.0,3.0,4.0,4.666666666666667,0
S-c86492,A-c43359,2024-11-18,,Pro,38,1862,22344,False,False,False,False,annual,True,0,Company_83,FinTech,US,2024-11-16,organic,7.0,490.65,6.0,7.0,3.0,4.0,26.666666666666668,0
S-1be7c5,A-80eeb6,2023-07-15,2024-11-05,Basic,34,646,7752,False,False,False,True,monthly,True,1,Company_402,Cybersecurity,UK,2023-05-09,organic,0.0,0.0,0.0,0.0,4.0,3.6666666666666665,40.25,1
S-86bcda,A-4a4c2d,2024-09-18,,Basic,54,1026,12312,False,True,False,False,monthly,False,0,Company_473,DevTools,US,2023-05-02,event,2.0,66.2,0.0,2.0,5.0,4.25,42.0,1
S-ee956d,A-96bbc6,2024-09-01,,Pro,39,1911,22932,False,False,False,False,annual,True,0,Company_342,Cybersecurity,US,2024-05-07,organic,3.0,135.03333333333333,0.0,3.0,3.0,3.3333333333333335,51.333333333333336,1
S-404132,A-39ddf4,2024-12-20,2024-12-29,Pro,40,1960,23520,False,False,False,True,annual,True,1,Company_435,EdTech,US,2024-12-05,partner,4.0,87.8,3.0,4.0,5.0,4.25,23.0,0
S-4d5ab5,A-df1e44,2024-08-08,,Enterprise,12,2388,28656,False,False,False,False,monthly,False,0,Company_323,Cybersecurity,UK,2024-02-23,organic,3.0,83.76666666666667,0.0,3.0,2.0,5.0,53.0,1
S-e5d9a4,A-09316c,2024-12-07,,Enterprise,70,13930,167160,False,True,False,False,annual,True,0,Company_341,FinTech,AU,2024-09-11,organic,9.0,243.26666666666668,5.0,9.0,4.0,3.75,54.75,0
S-3684d3,A-7920cc,2024-09-22,,Basic,39,741,8892,False,False,False,False,monthly,True,0,Company_412,Cybersecurity,FR,2023-11-23,ads,2.0,83.06666666666666,2.0,2.0,7.0,4.333333333333333,32.857142857142854,1
S-cce4fc,A-659280,2023-11-28,,Pro,13,637,7644,False,False,False,False,annual,True,0,Company_417,FinTech,IN,2023-11-17,event,5.0,182.85,3.0,5.0,4.0,4.333333333333333,8.0,0
S-3cae45,A-c16101,2024-10-18,,Enterprise,7,1393,16716,False,False,False,False,annual,True,0,Company_139,EdTech,IN,2024-09-06,other,4.0,225.38333333333333,0.0,4.0,4.0,5.0,28.0,0
S-82b11e,A-0651a4,2024-12-06,,Basic,21,399,4788,False,False,False,False,annual,True,0,Company_255,HealthTech,FR,2024-10-16,organic,6.0,174.78333333333333,5.0,6.0,4.0,4.0,29.25,0
S-23d18f,A-ad3abd,2023-11-21,2024-02-04,Basic,44,0,0,True,False,False,True,monthly,True,1,Company_410,FinTech,US,2023-03-03,event,3.0,95.61666666666666,0.0,3.0,3.0,3.0,13.0,1
S-652885,A-59f724,2024-12-08,,Basic,18,342,4104,False,False,False,False,monthly,True,0,Company_432,HealthTech,US,2023-11-03,other,5.0,378.4166666666667,5.0,5.0,4.0,4.25,19.25,0
S-2e7b85,A-328bd0,2023-10-19,,Basic,18,342,4104,False,False,False,False,annual,True,0,Company_237,HealthTech,AU,2023-05-16,partner,3.0,208.23333333333332,3.0,3.0,5.0,3.6666666666666665,46.0,1
S-48c5be,A-fa2041,2024-12-05,,Pro,39,0,0,True,False,False,False,annual,True,0,Company_211,HealthTech,US,2024-05-29,organic,5.0,369.43333333333334,3.0,5.0,1.0,3.0,16.0,0
S-277111,A-625d0b,2024-10-14,,Pro,9,441,5292,False,False,False,False,monthly,True,0,Company_290,EdTech,AU,2024-09-02,ads,4.0,108.23333333333333,1.0,4.0,5.0,3.0,48.4,0
S-505f35,A-5a184f,2023-12-02,,Enterprise,22,4378,52536,False,False,False,False,annual,True,0,Company_124,DevTools,DE,2023-06-19,other,6.0,371.53333333333336,3.0,6.0,3.0,4.333333333333333,15.333333333333334,0
S-70b655,A-ac85cd,2024-08-16,,Pro,53,2597,31164,False,False,False,False,monthly,False,0,Company_485,EdTech,US,2024-07-31,partner,6.0,288.05,5.0,6.0,3.0,3.5,33.666666666666664,0
S-4ac0bb,A-7c6b6b,2024-12-25,,Pro,28,1372,16464,False,False,False,False,monthly,False,0,Company_223,FinTech,US,2024-11-30,other,7.0,316.3,5.0,7.0,5.0,4.333333333333333,52.2,0
S-4ea564,A-de58ca,2024-08-09,,Basic,15,285,3420,False,False,False,False,annual,True,0,Company_212,HealthTech,DE,2023-04-13,organic,7.0,358.9166666666667,7.0,7.0,5.0,3.3333333333333335,30.6,0
S-1a9c5c,A-c58f49,2024-11-02,,Basic,70,0,0,True,False,False,False,annual,True,0,Company_480,EdTech,US,2024-07-31,other,6.0,423.3833333333333,5.0,6.0,3.0,5.0,36.333333333333336,0
S-23dab0,A-65aeb5,2024-09-30,,Pro,9,441,5292,False,False,False,False,annual,True,0,Company_120,DevTools,US,2024-01-25,partner,4.0,211.2,7.0,4.0,2.0,5.0,42.5,0
S-d396d1,A-2edab2,2024-03-05,2024-10-11,Pro,17,833,9996,False,False,False,True,monthly,True,1,Company_301,HealthTech,US,2023-11-17,event,3.0,144.16666666666666,3.0,3.0,4.0,3.0,30.0,1
S-f1826f,A-4c6f11,2024-03-30,,Enterprise,24,4776,57312,False,False,False,False,monthly,True,0,Company_146,FinTech,CA,2023-11-27,organic,6.0,217.28333333333333,0.0,6.0,3.0,4.333333333333333,44.666666666666664,0
S-1c3a42,A-f45426,2024-09-14,,Enterprise,20,3980,47760,False,False,False,False,annual,True,0,Company_172,HealthTech,US,2024-08-05,organic,6.0,230.45,6.0,6.0,3.0,4.0,17.0,0
S-27c00d,A-a6d261,2024-06-08,,Basic,48,912,10944,False,False,False,False,monthly,True,0,Company_303,FinTech,CA,2023-11-29,other,5.0,242.55,6.0,5.0,4.0,4.666666666666667,40.0,0
S-2e4018,A-7f8241,2023-06-06,,Enterprise,34,6766,81192,False,True,False,False,monthly,True,0,Company_42,EdTech,US,2023-03-14,organic,1.0,62.833333333333336,0.0,1.0,1.0,3.0,36.0,1
S-4da459,A-02cd81,2024-12-29,,Pro,44,2156,25872,False,False,False,False,annual,True,0,Company_76,HealthTech,IN,2024-03-28,other,4.0,315.53333333333336,0.0,4.0,3.0,4.5,17.333333333333332,0
S-5879cf,A-a09355,2024-09-02,,Enterprise,30,5970,71640,False,False,False,False,monthly,True,0,Company_459,FinTech,US,2024-08-10,organic,4.0,185.56666666666666,4.0,4.0,5.0,4.0,32.6,0
S-2e965d,A-00cac8,2023-09-16,,Pro,8,392,4704,False,False,False,False,monthly,True,0,Company_26,HealthTech,AU,2023-09-15,organic,8.0,274.73333333333335,3.0,8.0,2.0,,33.0,0
S-e0f238,A-463db0,2024-12-09,,Pro,35,1715,20580,False,False,False,False,annual,True,0,Company_16,HealthTech,US,2024-12-05,partner,7.0,184.05,0.0,7.0,6.0,4.25,50.166666666666664,0
S-752e61,A-e3bd71,2024-03-24,,Enterprise,31,6169,74028,False,False,False,False,monthly,True,0,Company_347,Cybersecurity,US,2023-03-25,partner,6.0,315.9,2.0,6.0,4.0,4.0,30.25,0
S-1a3d9c,A-684255,2024-07-07,,Pro,11,539,6468,False,False,False,False,annual,False,0,Company_20,FinTech,US,2024-04-14,ads,5.0,220.86666666666667,0.0,5.0,4.0,4.666666666666667,14.25,0
S-525d6b,A-94f8c9,2024-04-17,2024-05-29,Enterprise,13,0,0,True,False,False,True,monthly,True,1,Company_51,HealthTech,US,2024-03-29,other,7.0,351.8,4.0,7.0,3.0,5.0,47.333333333333336,0
S-a45a12,A-dcc3f1,2023-12-27,,Basic,21,399,4788,False,False,False,False,monthly,True,0,Company_314,HealthTech,US,2023-12-27,event,4.0,294.93333333333334,1.0,4.0,9.0,3.8,35.666666666666664,0
S-975ee4,A-a09355,2024-11-18,2024-11-24,Pro,14,686,8232,False,False,False,True,annual,False,1,Company_459,FinTech,US,2024-08-10,organic,6.0,198.78333333333333,5.0,6.0,5.0,4.0,32.6,0
S-50c6f5,A-a6d261,2024-04-26,2024-11-26,Enterprise,103,20497,245964,False,False,False,True,monthly,True,1,Company_303,FinTech,CA,2023-11-29,other,3.0,250.01666666666668,3.0,3.0,4.0,4.666666666666667,40.0,1
S-150c8e,A-58b9ff,2024-11-03,,Pro,33,1617,19404,False,False,False,False,monthly,True,0,Company_425,DevTools,IN,2024-05-31,partner,8.0,379.4,4.0,8.0,2.0,4.0,66.0,0
S-da2f0b,A-8145a0,2024-08-10,,Enterprise,12,2388,28656,False,True,False,False,annual,True,0,Company_33,Cybersecurity,AU,2023-04-25,partner,8.0,338.55,2.0,8.0,6.0,4.0,23.666666666666668,0
S-2bc860,A-98a59a,2023-11-10,,Pro,56,2744,32928,False,True,False,False,monthly,False,0,Company_80,FinTech,UK,2023-08-04,partner,4.0,145.2,0.0,4.0,3.0,4.5,37.333333333333336,0
S-da9d5f,A-a33200,2024-10-21,,Basic,29,551,6612,False,False,False,False,annual,True,0,Company_352,HealthTech,US,2024-09-15,partner,7.0,322.73333333333335,9.0,7.0,3.0,4.5,36.333333333333336,0
S-c7f2e5,A-34ea2f,2024-11-09,2024-11-19,Enterprise,21,4179,50148,False,False,False,True,annual,True,1,Company_436,HealthTech,US,2024-08-15,organic,8.0,491.46666666666664,6.0,8.0,8.0,3.8,35.25,0
S-eef92e,A-fdfc91,2024-08-11,,Pro,66,3234,38808,False,False,False,False,annual,True,0,Company_414,Cybersecurity,US,2023-05-06,ads,5.0,309.95,0.0,5.0,5.0,3.6666666666666665,28.8,0
S-3947da,A-37f969,2024-09-12,,Enterprise,30,5970,71640,False,True,False,False,annual,True,0,Company_150,HealthTech,IN,2023-10-14,partner,7.0,379.81666666666666,3.0,7.0,5.0,3.6666666666666665,22.2,0
S-51590f,A-249769,2024-11-17,,Basic,9,171,2052,False,False,False,False,annual,True,0,Company_214,Cybersecurity,US,2024-04-25,event,8.0,456.5,4.0,8.0,2.0,4.0,39.5,0
S-383ac2,A-09316c,2024-10-22,,Basic,70,0,0,True,False,False,False,monthly,False,0,Company_341,FinTech,AU,2024-09-11,organic,4.0,237.71666666666667,0.0,4.0,4.0,3.75,54.75,0
S-44e3ac,A-81edc3,2024-01-14,,Enterprise,5,995,11940,False,False,False,False,monthly,True,0,Company_236,Cybersecurity,IN,2023-10-30,ads,5.0,162.01666666666668,6.0,5.0,3.0,4.0,52.666666666666664,0
S-ebe172,A-c4ea60,2023-05-29,,Basic,18,342,4104,False,False,False,False,monthly,True,0,Company_18,FinTech,DE,2023-03-09,other,4.0,242.58333333333334,5.0,4.0,5.0,3.6,36.0,0
S-a4139f,A-c45b23,2024-02-01,,Pro,5,245,2940,False,False,False,False,monthly,True,0,Company_75,FinTech,UK,2023-12-08,partner,6.0,247.05,1.0,6.0,3.0,3.0,36.666666666666664,0
S-32d874,A-02cd81,2024-05-04,,Pro,44,2156,25872,False,False,False,False,annual,False,0,Company_76,HealthTech,IN,2024-03-28,other,4.0,173.81666666666666,1.0,4.0,3.0,4.5,17.333333333333332,0
S-4e63e7,A-a33200,2024-10-25,2024-11-24,Enterprise,29,5771,69252,False,False,False,True,annual,True,1,Company_352,HealthTech,US,2024-09-15,partner,8.0,310.1333333333333,1.0,8.0,3.0,4.5,36.333333333333336,0
S-810c27,A-8ed5dd,2024-08-21,,Basic,5,95,1140,False,False,False,False,annual,True,0,Company_222,EdTech,UK,2023-06-29,event,2.0,57.4,1.0,2.0,6.0,3.75,29.0,1
S-74d86d,A-5ed98d,2024-12-20,,Basic,54,1026,12312,False,True,False,False,annual,True,0,Company_479,DevTools,US,2024-06-22,partner,7.0,192.91666666666666,4.0,7.0,5.0,5.0,35.8,0
S-ad32a8,A-6843f2,2024-12-11,,Pro,21,1029,12348,False,False,False,False,monthly,True,0,Company_335,HealthTech,CA,2024-12-10,ads,8.0,346.45,6.0,8.0,2.0,3.0,36.5,0
S-2f729b,A-3be56b,2024-02-01,2024-03-05,Pro,35,1715,20580,False,False,False,True,monthly,True,1,Company_200,HealthTech,IN,2023-10-26,event,3.0,121.23333333333333,4.0,3.0,4.0,3.5,40.25,1
S-3eb56d,A-463db0,2024-12-31,,Pro,15,735,8820,False,False,False,False,annual,True,0,Company_16,HealthTech,US,2024-12-05,partner,5.0,208.0,5.0,5.0,6.0,4.25,50.166666666666664,0
S-21bd9b,A-65a46c,2024-12-24,,Pro,35,1715,20580,False,False,False,False,annual,True,0,Company_95,HealthTech,US,2023-11-04,event,7.0,442.95,4.0,7.0,8.0,4.0,45.125,0
S-2e0575,A-4814a3,2024-11-06,2024-12-31,Enterprise,87,17313,207756,False,False,False,True,annual,True,1,Company_337,Cybersecurity,IN,2024-09-17,event,2.0,100.23333333333333,0.0,2.0,4.0,4.0,18.75,1
S-1630dd,A-fda07f,2024-09-14,,Pro,34,1666,19992,False,False,False,False,annual,True,0,Company_230,Cybersecurity,FR,2024-08-11,partner,3.0,151.3,2.0,3.0,5.0,4.0,17.8,1
S-9842bb,A-4814a3,2024-10-27,,Enterprise,87,17313,207756,False,False,False,False,monthly,False,0,Company_337,Cybersecurity,IN,2024-09-17,event,5.0,175.55,3.0,5.0,4.0,4.0,18.75,0
S-12ed58,A-1f0ac7,2024-11-14,,Basic,32,608,7296,False,False,False,False,annual,True,0,Company_3,HealthTech,UK,2023-08-27,other,3.0,134.41666666666666,2.0,3.0,2.0,,29.0,1
S-be3ff6,A-de58ca,2023-07-17,,Pro,105,0,0,True,False,False,False,annual,False,0,Company_212,HealthTech,DE,2023-04-13,organic,2.0,197.51666666666668,1.0,2.0,5.0,3.3333333333333335,30.6,1
S-a36281,A-c45b23,2023-12-29,,Basic,8,152,1824,False,False,False,False,monthly,True,0,Company_75,FinTech,UK,2023-12-08,partner,6.0,383.23333333333335,1.0,6.0,3.0,3.0,36.666666666666664,0
S-7d651b,A-4ef964,2024-11-15,,Pro,28,1372,16464,False,False,False,False,monthly,True,0,Company_262,HealthTech,US,2024-03-07,organic,3.0,111.65,6.0,3.0,3.0,4.0,42.666666666666664,1
S-668cdc,A-40de06,2023-11-08,,Pro,28,1372,16464,False,False,False,False,monthly,True,0,Company_369,Cybersecurity,US,2023-05-08,event,4.0,182.5,3.0,4.0,3.0,4.0,40.333333333333336,0
S-3ef584,A-72799b,2023-11-17,,Enterprise,20,3980,47760,False,False,False,False,annual,True,0,Company_394,DevTools,FR,2023-11-13,event,2.0,23.333333333333332,1.0,2.0,2.0,4.5,33.5,1
S-9211e5,A-d4ac0e,2024-10-12,,Enterprise,28,5572,66864,False,False,False,False,annual,True,0,Company_364,DevTools,UK,2024-04-20,ads,4.0,151.3,0.0,4.0,4.0,3.5,21.0,0
S-3ae2dd,A-f45426,2024-08-05,,Basic,57,0,0,True,False,False,False,annual,True,0,Company_172,HealthTech,US,2024-08-05,organic,3.0,240.38333333333333,4.0,2.0,3.0,4.0,17.0,1
S-942caf,A-812c5b,2024-11-07,,Basic,71,1349,16188,False,False,False,False,monthly,True,0,Company_395,DevTools,CA,2024-02-25,organic,11.0,535.0,9.0,11.0,4.0,4.0,27.0,0
S-d71bdd,A-c45b23,2024-05-26,,Enterprise,9,1791,21492,False,False,False,False,annual,False,0,Company_75,FinTech,UK,2023-12-08,partner,3.0,162.36666666666667,0.0,3.0,3.0,3.0,36.666666666666664,1
S-f32731,A-20736a,2024-10-02,,Enterprise,50,0,0,True,False,False,False,monthly,True,0,Company_271,EdTech,IN,2024-03-16,organic,7.0,205.15,4.0,7.0,4.0,3.75,42.25,0
S-911b0a,A-8ed5dd,2023-08-08,,Pro,5,245,2940,False,False,False,False,annual,True,0,Company_222,EdTech,UK,2023-06-29,event,9.0,578.0333333333333,10.0,9.0,6.0,3.75,29.0,0
S-d09309,A-d49cc5,2024-10-09,,Pro,75,3675,44100,False,False,False,False,monthly,True,0,Company_275,Cybersecurity,FR,2023-09-19,event,3.0,151.58333333333334,2.0,3.0,4.0,4.5,32.0,1
S-4260ed,A-4f18f0,2024-07-15,,Basic,24,456,5472,False,False,False,False,annual,True,0,Company_145,DevTools,CA,2024-04-21,other,2.0,133.1,0.0,2.0,5.0,4.0,39.2,1
S-c7e38a,A-2edab2,2024-10-03,,Basic,17,323,3876,False,False,False,False,annual,True,0,Company_301,HealthTech,US,2023-11-17,event,5.0,336.26666666666665,3.0,5.0,4.0,3.0,30.0,0
S-d22c1d,A-337bc1,2024-09-18,,Pro,86,4214,50568,False,False,True,False,monthly,False,0,Company_424,Cybersecurity,US,2023-07-19,organic,9.0,376.71666666666664,7.0,9.0,4.0,4.0,32.5,0
S-aadf83,A-700ade,2024-11-20,2024-12-04,Enterprise,9,1791,21492,False,False,False,True,annual,True,1,Company_472,Cybersecurity,UK,2024-10-31,organic,6.0,198.68333333333334,2.0,6.0,4.0,4.666666666666667,30.25,0
S-096835,A-117171,2024-10-20,,Enterprise,45,0,0,True,False,False,False,monthly,True,0,Company_135,HealthTech,FR,2024-09-12,organic,4.0,146.5,2.0,4.0,6.0,3.6666666666666665,32.5,0
S-8ba96c,A-f6b2fb,2024-06-20,,Enterprise,23,4577,54924,False,False,False,False,annual,True,0,Company_418,DevTools,AU,2024-04-23,event,4.0,196.8,4.0,4.0,5.0,4.0,55.0,0
S-3112d0,A-68f37c,2024-04-11,,Basic,94,1786,21432,False,False,False,False,monthly,True,0,Company_202,HealthTech,US,2023-07-15,ads,2.0,28.5,4.0,2.0,5.0,4.0,20.2,1
S-7ea5d9,A-684255,2024-08-05,,Pro,10,490,5880,False,True,False,False,monthly,True,0,Company_20,FinTech,US,2024-04-14,ads,4.0,236.53333333333333,2.0,4.0,4.0,4.666666666666667,14.25,0
S-c796c1,A-aa9511,2023-10-11,,Pro,23,1127,13524,False,False,False,False,monthly,True,0,Company_203,DevTools,US,2023-10-10,other,5.0,285.8333333333333,0.0,5.0,2.0,4.0,56.5,0
S-0ea795,A-d3c88e,2024-10-27,,Pro,16,784,9408,False,False,False,False,annual,True,0,Company_490,DevTools,US,2024-10-18,event,6.0,310.2,6.0,6.0,3.0,4.0,58.0,0
S-32545c,A-7dacce,2024-11-13,,Enterprise,15,2985,35820,False,False,False,False,annual,False,0,Company_8,Cybersecurity,CA,2024-09-10,event,3.0,205.08333333333334,0.0,3.0,4.0,3.6666666666666665,32.5,1
S-2aaca3,A-751c58,2024-12-18,,Enterprise,26,5174,62088,False,False,False,False,monthly,True,0,Company_393,FinTech,UK,2024-07-18,organic,5.0,426.51666666666665,0.0,5.0,5.0,4.333333333333333,39.6,0
S-6fde5e,A-7c4956,2024-12-20,,Basic,27,513,6156,False,False,False,False,annual,True,0,Company_254,DevTools,US,2023-05-06,ads,8.0,339.21666666666664,5.0,8.0,3.0,4.0,13.666666666666666,0
S-7ccc38,A-2d1036,2024-07-13,,Basic,69,1311,15732,False,False,False,False,annual,False,0,Company_399,FinTech,US,2024-06-14,ads,3.0,123.2,3.0,3.0,5.0,4.6,37.8,1
S-ff9bde,A-8bde0c,2024-12-20,2024-12-22,Pro,12,588,7056,False,False,False,True,monthly,True,1,Company_287,DevTools,US,2024-11-04,organic,4.0,121.73333333333333,4.0,4.0,3.0,4.0,25.666666666666668,0
S-a01d87,A-e5d6ab,2024-06-27,,Basic,9,171,2052,False,False,False,False,annual,True,0,Company_7,EdTech,US,2023-04-15,partner,5.0,310.25,2.0,5.0,3.0,,42.666666666666664,0
S-9ac7cb,A-712f1c,2024-04-19,,Pro,18,882,10584,False,False,False,False,monthly,True,0,Company_331,DevTools,US,2023-12-16,ads,8.0,292.5,5.0,8.0,6.0,4.0,41.666666666666664,0
S-b47d75,A-b2225d,2024-05-13,,Enterprise,47,9353,112236,False,False,False,False,annual,True,0,Company_50,FinTech,US,2024-03-08,ads,3.0,158.96666666666667,8.0,3.0,2.0,3.0,42.0,1
S-d71a1f,A-40a557,2024-11-03,,Pro,16,784,9408,False,True,False,False,annual,True,0,Company_86,Cybersecurity,AU,2023-12-03,partner,3.0,42.083333333333336,0.0,3.0,7.0,3.6666666666666665,30.571428571428573,1
S-08e560,A-de58ca,2023-09-25,2024-01-07,Pro,15,735,8820,False,False,False,True,monthly,True,1,Company_212,HealthTech,DE,2023-04-13,organic,6.0,277.96666666666664,6.0,6.0,5.0,3.3333333333333335,30.6,0
S-46ff9c,A-139c3b,2024-11-27,2024-12-16,Pro,28,1372,16464,False,False,False,True,monthly,True,1,Company_185,HealthTech,US,2024-11-21,organic,2.0,68.66666666666667,3.0,2.0,9.0,4.5,28.444444444444443,1
S-d91f4c,A-1b7577,2024-11-15,2024-11-15,Basic,10,190,2280,False,False,True,True,monthly,True,1,Company_39,Cybersecurity,US,2024-10-27,other,4.0,219.66666666666666,2.0,4.0,5.0,4.0,27.2,0
S-40adae,A-8145a0,2024-01-26,,Basic,10,190,2280,False,False,False,False,monthly,True,0,Company_33,Cybersecurity,AU,2023-04-25,partner,6.0,168.5,1.0,6.0,6.0,4.0,23.666666666666668,0
S-db4e11,A-49b828,2024-08-09,,Pro,14,686,8232,False,False,False,False,monthly,True,0,Company_391,FinTech,IN,2023-05-05,ads,6.0,102.75,6.0,6.0,3.0,3.5,13.666666666666666,0
S-e4a862,A-3ce5b8,2024-10-03,,Enterprise,8,0,0,True,False,False,False,annual,True,0,Company_256,FinTech,IN,2023-09-07,ads,4.0,131.13333333333333,7.0,4.0,10.0,3.7142857142857144,42.5,0
S-e7cb68,A-474ad4,2024-01-29,,Pro,9,441,5292,False,False,False,False,annual,True,0,Company_261,EdTech,US,2023-11-28,organic,5.0,176.8,2.0,5.0,3.0,5.0,33.0,0
S-e093a9,A-80eeb6,2023-08-02,,Pro,22,1078,12936,False,True,False,False,monthly,True,0,Company_402,Cybersecurity,UK,2023-05-09,organic,5.0,176.53333333333333,0.0,5.0,4.0,3.6666666666666665,40.25,0
S-56834c,A-158f4e,2023-08-30,,Pro,61,0,0,True,False,False,False,monthly,True,0,Company_180,FinTech,IN,2023-03-03,other,2.0,129.8,1.0,2.0,5.0,4.333333333333333,27.6,1
S-11d922,A-533452,2024-11-28,,Enterprise,15,2985,35820,False,False,True,False,monthly,True,0,Company_279,DevTools,AU,2024-11-12,organic,10.0,455.26666666666665,5.0,10.0,4.0,4.0,32.75,0
S-58b22d,A-6f50ae,2024-12-31,,Enterprise,19,3781,45372,False,False,False,False,monthly,True,0,Company_466,FinTech,US,2023-09-21,partner,9.0,473.43333333333334,1.0,8.0,5.0,4.5,31.0,0
S-42daaa,A-08e34e,2024-08-07,,Basic,77,1463,17556,False,False,False,False,annual,False,0,Company_32,EdTech,US,2024-06-27,event,6.0,245.98333333333332,1.0,6.0,3.0,3.0,43.0,0
S-fa0d9e,A-726cfa,2024-12-16,,Enterprise,38,7562,90744,False,False,False,False,monthly,False,0,Company_82,DevTools,US,2023-07-01,partner,6.0,380.3,0.0,6.0,3.0,4.0,35.666666666666664,0
S-55c61c,A-8b0451,2024-12-21,,Enterprise,41,8159,97908,False,False,False,False,annual,True,0,Company_245,FinTech,UK,2024-09-16,event,5.0,166.41666666666666,9.0,5.0,7.0,3.5,26.571428571428573,0
S-9917a2,A-ac14bb,2024-02-29,,Pro,26,0,0,True,False,False,False,annual,True,0,Company_15,FinTech,US,2023-09-08,partner,5.0,230.75,3.0,5.0,2.0,4.0,24.5,0
S-154918,A-c1dfe1,2024-09-22,,Basic,26,494,5928,False,False,False,False,monthly,False,0,Company_53,DevTools,DE,2023-08-07,ads,8.0,613.1166666666667,9.0,8.0,3.0,4.0,50.333333333333336,0
S-20152a,A-fabe19,2024-12-20,,Enterprise,33,0,0,True,False,False,False,annual,False,0,Company_97,DevTools,UK,2024-11-11,ads,5.0,222.78333333333333,2.0,5.0,3.0,4.0,40.666666666666664,0
S-f0e08e,A-69b156,2024-09-16,,Enterprise,13,2587,31044,False,False,False,False,monthly,True,0,Company_396,EdTech,US,2023-11-21,other,3.0,211.13333333333333,3.0,3.0,7.0,4.0,32.0,1
S-0896f4,A-781cc0,2024-12-08,,Basic,12,228,2736,False,False,False,False,annual,True,0,Company_499,EdTech,US,2024-09-04,organic,16.0,891.0833333333334,8.0,16.0,4.0,3.6666666666666665,57.5,0
S-328ac2,A-417d2f,2024-10-14,,Pro,4,196,2352,False,False,False,False,annual,False,0,Company_285,Cybersecurity,IN,2023-07-04,partner,3.0,159.65,0.0,3.0,6.0,4.333333333333333,43.5,1
S-4df118,A-86fc1d,2024-10-28,2024-11-02,Basic,26,494,5928,False,True,False,True,monthly,True,1,Company_328,DevTools,UK,2024-07-26,partner,5.0,306.28333333333336,3.0,5.0,5.0,4.0,27.0,0
S-01bbff,A-de24d5,2024-11-17,,Basic,5,95,1140,False,False,False,False,annual,True,0,Company_231,DevTools,US,2024-11-05,other,3.0,114.55,0.0,3.0,7.0,3.0,43.142857142857146,1
S-31d765,A-7dacce,2024-12-04,,Pro,12,0,0,True,True,False,False,annual,True,0,Company_8,Cybersecurity,CA,2024-09-10,event,5.0,127.83333333333333,4.0,5.0,4.0,3.6666666666666665,32.5,0
S-c64b73,A-de58ca,2023-04-20,,Pro,15,735,8820,False,False,False,False,annual,True,0,Company_212,HealthTech,DE,2023-04-13,organic,3.0,74.46666666666667,1.0,3.0,5.0,3.3333333333333335,30.6,1
S-720940,A-2bc93d,2023-07-29,,Basic,20,380,4560,False,True,False,False,monthly,True,0,Company_43,HealthTech,US,2023-03-14,event,6.0,326.85,2.0,6.0,2.0,4.5,12.0,0
S-e753fa,A-a6d261,2024-02-06,,Pro,28,1372,16464,False,True,False,False,annual,True,0,Company_303,FinTech,CA,2023-11-29,other,5.0,110.96666666666667,2.0,5.0,4.0,4.666666666666667,40.0,0
S-755502,A-5a3eb9,2024-05-28,,Enterprise,18,3582,42984,False,False,False,False,annual,True,0,Company_283,DevTools,CA,2023-08-20,other,2.0,201.7,0.0,2.0,3.0,,24.0,1
S-5480a7,A-94d3da,2023-06-05,,Enterprise,41,8159,97908,False,True,False,False,annual,True,0,Company_61,HealthTech,US,2023-05-03,other,4.0,208.4,4.0,4.0,6.0,3.5,26.833333333333332,0
S-db7a77,A-7df7a7,2023-12-13,,Enterprise,15,2985,35820,False,False,False,False,annual,True,0,Company_125,DevTools,US,2023-01-28,organic,6.0,294.8833333333333,2.0,6.0,3.0,4.0,28.0,0
S-6403db,A-37f969,2023-11-02,,Basic,51,969,11628,False,False,False,False,monthly,True,0,Company_150,HealthTech,IN,2023-10-14,partner,1.0,12.8,0.0,1.0,5.0,3.6666666666666665,22.2,1
S-22f096,A-c58f49,2024-10-15,,Enterprise,70,13930,167160,False,False,False,False,monthly,True,0,Company_480,EdTech,US,2024-07-31,other,8.0,269.46666666666664,2.0,8.0,3.0,5.0,36.333333333333336,0
S-20f1bd,A-bb2f49,2024-02-16,,Pro,16,784,9408,False,False,False,False,monthly,True,0,Company_356,Cybersecurity,US,2023-05-28,other,4.0,125.35,4.0,4.0,3.0,4.0,22.333333333333332,0
S-bbff6f,A-df10db,2024-05-19,,Pro,26,1274,15288,False,False,False,False,monthly,True,0,Company_143,DevTools,US,2023-06-06,other,10.0,635.45,2.0,10.0,2.0,3.0,68.5,0
S-3a694d,A-781cc0,2024-11-10,,Pro,20,980,11760,False,False,False,False,monthly,False,0,Company_499,EdTech,US,2024-09-04,organic,4.0,146.03333333333333,2.0,4.0,4.0,3.6666666666666665,57.5,0
S-e1820e,A-0651a4,2024-11-24,,Enterprise,19,3781,45372,False,False,False,False,annual,True,0,Company_255,HealthTech,FR,2024-10-16,organic,3.0,147.06666666666666,0.0,3.0,4.0,4.0,29.25,1
S-67595c,A-508199,2024-02-08,,Basic,27,513,6156,False,False,False,False,annual,False,0,Company_208,FinTech,AU,2024-01-28,event,3.0,128.36666666666667,0.0,3.0,3.0,3.0,50.666666666666664,1
S-17fb4d,A-71615e,2024-07-04,,Enterprise,15,2985,35820,False,False,False,False,monthly,True,0,Company_167,EdTech,US,2024-05-18,organic,3.0,90.83333333333333,2.0,3.0,1.0,,49.0,1
S-f8a794,A-dec005,2023-12-22,,Enterprise,31,6169,74028,False,False,False,False,monthly,True,0,Company_445,HealthTech,US,2023-10-13,partner,4.0,212.01666666666668,5.0,4.0,2.0,3.0,59.0,0
S-dc1c10,A-139c3b,2024-11-28,,Basic,29,551,6612,False,False,False,False,annual,True,0,Company_185,HealthTech,US,2024-11-21,organic,7.0,441.23333333333335,3.0,7.0,9.0,4.5,28.444444444444443,0
S-59d050,A-751c58,2024-10-11,,Pro,45,2205,26460,False,True,False,False,monthly,True,0,Company_393,FinTech,UK,2024-07-18,organic,3.0,101.1,0.0,3.0,5.0,4.333333333333333,39.6,1
S-a3b329,A-3a7284,2024-12-23,,Basic,37,703,8436,False,False,True,False,monthly,False,0,Company_93,FinTech,US,2024-11-17,organic,7.0,457.6166666666667,5.0,7.0,3.0,3.5,56.333333333333336,0
S-2881e0,A-42e5e1,2024-07-21,,Pro,1,49,588,False,False,True,False,annual,True,0,Company_118,DevTools,US,2024-07-09,ads,7.0,279.01666666666665,1.0,7.0,3.0,4.0,29.0,0
S-5d532c,A-cd458b,2024-12-26,,Enterprise,10,1990,23880,False,False,True,False,monthly,True,0,Company_430,DevTools,US,2024-06-15,other,9.0,477.81666666666666,4.0,9.0,5.0,4.6,38.4,0
S-f9c661,A-1e50e0,2024-09-05,,Enterprise,19,3781,45372,False,False,False,False,annual,True,0,Company_415,Cybersecurity,DE,2023-02-21,other,5.0,459.03333333333336,0.0,4.0,2.0,5.0,20.5,0
S-817e4b,A-42b791,2024-10-08,,Enterprise,75,14925,179100,False,False,False,False,annual,False,0,Company_464,FinTech,AU,2024-05-20,event,9.0,435.15,2.0,9.0,3.0,4.0,33.666666666666664,0
S-59be40,A-94f8c9,2024-10-21,,Basic,13,247,2964,False,False,False,False,annual,True,0,Company_51,HealthTech,US,2024-03-29,other,7.0,227.21666666666667,9.0,7.0,3.0,5.0,47.333333333333336,0
S-d82234,A-d77f4c,2024-12-17,2024-12-18,Pro,4,196,2352,False,True,False,True,annual,True,1,Company_470,DevTools,US,2023-09-25,partner,8.0,278.76666666666665,5.0,8.0,2.0,4.0,31.0,0
S-68f388,A-671f31,2024-11-27,,Basic,59,1121,13452,False,False,False,False,monthly,True,0,Company_137,DevTools,US,2024-11-24,ads,0.0,0.0,0.0,0.0,7.0,4.2,33.0,1
S-eae806,A-c37601,2024-12-30,,Enterprise,54,10746,128952,False,False,False,False,monthly,False,0,Company_48,EdTech,US,2024-10-31,partner,8.0,324.0833333333333,5.0,8.0,4.0,3.6666666666666665,42.25,0
S-1f0d7f,A-32728c,2024-05-05,,Basic,20,380,4560,False,False,False,False,annual,True,0,Company_54,DevTools,US,2023-01-03,event,6.0,259.23333333333335,0.0,6.0,2.0,3.5,34.5,0
S-544f34,A-fdfc91,2024-05-09,,Pro,29,1421,17052,False,False,False,False,monthly,True,0,Company_414,Cybersecurity,US,2023-05-06,ads,4.0,228.41666666666666,3.0,4.0,5.0,3.6666666666666665,28.8,0
S-e71203,A-117171,2024-10-02,,Enterprise,45,8955,107460,False,False,True,False,monthly,True,0,Company_135,HealthTech,FR,2024-09-12,organic,5.0,270.1,3.0,5.0,6.0,3.6666666666666665,32.5,0
S-a53eac,A-9077b0,2024-11-18,,Basic,2,0,0,True,False,False,False,monthly,True,0,Company_41,HealthTech,US,2024-08-25,ads,5.0,223.38333333333333,2.0,5.0,3.0,4.333333333333333,40.333333333333336,0
S-efdeae,A-3793ee,2024-10-23,,Enterprise,49,9751,117012,False,False,False,False,monthly,False,0,Company_332,Cybersecurity,CA,2023-03-21,organic,2.0,95.26666666666667,0.0,1.0,4.0,4.0,43.75,1
S-29ccb8,A-eb1312,2024-12-28,,Basic,25,475,5700,False,False,False,False,annual,True,0,Company_322,FinTech,US,2024-09-16,partner,6.0,231.68333333333334,5.0,6.0,1.0,5.0,68.0,0
S-467016,A-e83938,2024-11-28,,Enterprise,7,1393,16716,False,False,False,False,monthly,True,0,Company_111,DevTools,UK,2023-11-21,other,6.0,354.6166666666667,5.0,6.0,4.0,3.0,31.0,0
S-12a13c,A-40a557,2024-12-14,,Enterprise,16,3184,38208,False,False,False,False,monthly,True,0,Company_86,Cybersecurity,AU,2023-12-03,partner,4.0,180.76666666666668,4.0,4.0,7.0,3.6666666666666665,30.571428571428573,0
S-82ffca,A-508199,2024-01-30,,Enterprise,19,3781,45372,False,False,False,False,annual,False,0,Company_208,FinTech,AU,2024-01-28,event,2.0,83.78333333333333,4.0,2.0,3.0,3.0,50.666666666666664,1
S-85b5ce,A-e7a1e2,2024-12-26,,Basic,10,190,2280,False,False,False,False,annual,True,0,Company_295,Cybersecurity,US,2024-06-23,event,0.0,0.0,0.0,0.0,1.0,4.0,45.0,1
S-c1c645,A-443b7c,2024-10-06,,Basic,4,76,912,False,True,False,False,annual,True,0,Company_280,Cybersecurity,US,2024-09-06,other,7.0,409.76666666666665,6.0,7.0,8.0,4.4,29.25,0
S-02984e,A-2e3bad,2024-06-21,,Enterprise,61,12139,145668,False,False,False,False,annual,True,0,Company_108,FinTech,CA,2023-08-13,other,6.0,339.7,0.0,5.0,5.0,3.5,31.4,0
S-15e705,A-adc1f3,2024-12-18,,Pro,9,441,5292,False,False,False,False,annual,True,0,Company_98,Cybersecurity,US,2024-08-05,organic,3.0,111.25,5.0,3.0,3.0,3.5,47.333333333333336,1
S-0a19d1,A-5b4ebb,2024-10-21,,Enterprise,21,4179,50148,False,False,False,False,annual,False,0,Company_69,Cybersecurity,UK,2024-07-10,other,4.0,123.0,2.0,4.0,5.0,4.75,35.4,0
S-d50d25,A-6f50ae,2024-07-13,,Pro,19,931,11172,False,False,False,False,annual,True,0,Company_466,FinTech,US,2023-09-21,partner,7.0,402.4,5.0,7.0,5.0,4.5,31.0,0
S-cb2ad3,A-52dd88,2024-11-13,,Basic,28,532,6384,False,True,False,False,annual,True,0,Company_127,Cybersecurity,US,2023-02-21,ads,5.0,377.78333333333336,6.0,5.0,1.0,,72.0,0
S-15afd8,A-5c046d,2024-12-18,,Enterprise,93,18507,222084,False,False,False,False,annual,True,0,Company_130,EdTech,FR,2024-07-06,partner,5.0,213.18333333333334,1.0,5.0,1.0,3.0,13.0,0
S-e79dbc,A-2e4581,2024-10-30,,Pro,66,0,0,True,False,False,False,monthly,True,0,Company_0,EdTech,US,2024-10-16,partner,6.0,176.3,7.0,6.0,2.0,3.0,23.0,0
S-33200e,A-f5641b,2024-08-06,,Enterprise,31,6169,74028,False,False,False,False,monthly,True,0,Company_382,EdTech,US,2024-03-30,other,2.0,86.7,0.0,2.0,4.0,3.0,47.5,1
S-d5eae3,A-e7a1e2,2024-08-09,,Enterprise,12,2388,28656,False,False,False,False,monthly,False,0,Company_295,Cybersecurity,US,2024-06-23,event,7.0,398.93333333333334,1.0,7.0,1.0,4.0,45.0,0
S-f20079,A-8ae3fc,2024-12-16,,Basic,20,380,4560,False,False,False,False,monthly,True,0,Company_495,DevTools,CA,2024-06-28,ads,3.0,86.7,0.0,3.0,4.0,3.5,39.5,1
S-93622a,A-d4ac0e,2024-05-10,,Basic,156,0,0,True,False,False,False,monthly,True,0,Company_364,DevTools,UK,2024-04-20,ads,5.0,246.48333333333332,1.0,5.0,4.0,3.5,21.0,0
S-c62bb7,A-0a62f5,2024-09-16,,Enterprise,16,3184,38208,False,False,False,False,monthly,True,0,Company_381,FinTech,UK,2024-09-11,partner,7.0,371.3333333333333,0.0,7.0,2.0,,33.5,0
S-6696a0,A-82861f,2024-08-04,,Basic,41,779,9348,False,False,False,False,monthly,True,0,Company_350,DevTools,UK,2024-04-25,organic,7.0,330.21666666666664,1.0,7.0,5.0,3.2,24.4,0
S-510999,A-7da956,2024-06-30,,Enterprise,13,0,0,True,True,False,False,monthly,True,0,Company_141,Cybersecurity,US,2024-06-02,event,10.0,565.25,5.0,10.0,3.0,5.0,32.666666666666664,0
S-255846,A-9a532a,2024-08-28,,Enterprise,33,6567,78804,False,False,False,False,monthly,True,0,Company_333,HealthTech,US,2024-07-06,partner,3.0,147.1,7.0,3.0,2.0,,57.5,1
S-fd8bb6,A-337bc1,2023-08-02,,Pro,30,1470,17640,False,False,False,False,monthly,True,0,Company_424,Cybersecurity,US,2023-07-19,organic,4.0,262.28333333333336,0.0,4.0,4.0,4.0,32.5,0
S-d7461b,A-fa3095,2023-12-17,,Pro,70,3430,41160,False,False,False,False,monthly,True,0,Company_174,FinTech,US,2023-09-03,ads,7.0,404.1166666666667,2.0,7.0,5.0,5.0,49.2,0
S-2361ec,A-c45b23,2024-12-12,2024-12-15,Enterprise,26,5174,62088,False,False,False,True,annual,True,1,Company_75,FinTech,UK,2023-12-08,partner,2.0,126.7,1.0,2.0,3.0,3.0,36.666666666666664,1
S-9c47f6,A-5b1bcd,2024-04-13,,Pro,73,0,0,True,False,False,False,annual,True,0,Company_166,DevTools,US,2023-09-16,organic,4.0,185.13333333333333,2.0,4.0,4.0,4.5,43.25,0
S-c20518,A-b2af2e,2024-10-14,,Enterprise,5,995,11940,False,False,False,False,monthly,True,0,Company_227,Cybersecurity,UK,2024-08-24,event,3.0,162.91666666666666,4.0,3.0,2.0,4.0,39.5,1
S-cdf835,A-f19409,2024-04-17,,Pro,23,1127,13524,False,False,False,False,monthly,False,0,Company_105,DevTools,US,2023-03-16,other,4.0,186.41666666666666,3.0,4.0,3.0,4.0,6.333333333333333,0
S-cde2c6,A-dec005,2024-09-17,,Enterprise,21,4179,50148,False,False,False,False,monthly,True,0,Company_445,HealthTech,US,2023-10-13,partner,5.0,310.7,5.0,5.0,2.0,3.0,59.0,0
S-af6974,A-86cdb4,2024-11-23,,Pro,18,882,10584,False,False,False,False,annual,True,0,Company_250,DevTools,DE,2024-09-22,partner,6.0,358.85,9.0,6.0,5.0,4.333333333333333,26.4,0
S-38c5fd,A-32fb14,2023-11-20,2024-06-28,Basic,26,494,5928,False,False,False,True,annual,True,1,Company_25,DevTools,US,2023-03-07,event,4.0,215.98333333333332,3.0,4.0,5.0,4.5,34.0,0
S-7bf6d8,A-fe79a5,2024-03-23,,Basic,9,0,0,True,False,False,False,annual,True,0,Company_81,HealthTech,IN,2024-02-21,ads,4.0,164.95,4.0,4.0,4.0,5.0,28.5,0
S-ada98e,A-2789e3,2024-10-21,,Basic,11,209,2508,False,True,False,False,annual,True,0,Company_268,FinTech,US,2024-09-14,partner,8.0,409.1666666666667,5.0,8.0,4.0,4.0,47.25,0
S-3a3be9,A-1b707d,2024-05-03,2024-07-14,Basic,8,152,1824,False,False,False,True,annual,True,1,Company_56,Cybersecurity,US,2023-07-14,organic,6.0,204.9,2.0,6.0,3.0,,42.666666666666664,0
S-d4e525,A-7988d1,2024-07-25,,Basic,33,627,7524,False,False,False,False,annual,True,0,Company_90,Cybersecurity,US,2023-12-20,other,4.0,150.1,6.0,4.0,3.0,4.333333333333333,35.333333333333336,0
S-8a6579,A-80eeb6,2024-11-01,,Basic,22,418,5016,False,True,False,False,annual,True,0,Company_402,Cybersecurity,UK,2023-05-09,organic,4.0,120.78333333333333,0.0,4.0,4.0,3.6666666666666665,40.25,0
S-db7a97,A-e60f9d,2024-11-11,,Enterprise,48,9552,114624,False,False,True,False,monthly,True,0,Company_178,FinTech,US,2024-08-26,other,2.0,95.55,3.0,2.0,2.0,,70.5,1
S-699110,A-fda07f,2024-10-01,,Enterprise,27,5373,64476,False,True,False,False,annual,False,0,Company_230,Cybersecurity,FR,2024-08-11,partner,4.0,341.45,1.0,4.0,5.0,4.0,17.8,0
S-f5f52a,A-7641d3,2024-06-18,,Pro,8,392,4704,False,False,False,False,annual,True,0,Company_429,EdTech,US,2023-02-16,partner,3.0,263.31666666666666,7.0,3.0,5.0,4.333333333333333,45.2,1
S-748318,A-726cfa,2024-11-03,,Basic,14,266,3192,False,False,False,False,annual,True,0,Company_82,DevTools,US,2023-07-01,partner,2.0,130.23333333333332,2.0,2.0,3.0,4.0,35.666666666666664,1
S-bb7eef,A-798a3f,2023-12-26,2024-04-24,Basic,31,589,7068,False,True,False,True,annual,True,1,Company_463,DevTools,FR,2023-10-19,other,4.0,242.1,0.0,4.0,5.0,4.0,33.0,0
S-af6536,A-13466a,2024-02-11,2024-10-28,Enterprise,40,7960,95520,False,False,False,True,monthly,True,1,Company_196,DevTools,AU,2023-10-22,event,2.0,29.6,1.0,2.0,3.0,4.333333333333333,32.333333333333336,1
S-5f75b5,A-1b707d,2024-04-13,,Enterprise,19,3781,45372,False,False,False,False,annual,True,0,Company_56,Cybersecurity,US,2023-07-14,organic,7.0,268.0,5.0,6.0,3.0,,42.666666666666664,0
S-6f47c5,A-0b0d6d,2024-12-31,2024-12-31,Enterprise,13,2587,31044,False,False,False,True,annual,True,1,Company_267,DevTools,US,2024-12-30,organic,3.0,125.45,1.0,3.0,5.0,4.0,31.4,1
S-552434,A-7f4db3,2024-08-14,,Pro,79,3871,46452,False,False,False,False,annual,True,0,Company_441,FinTech,US,2023-03-05,other,8.0,352.1666666666667,7.0,8.0,5.0,3.25,16.6,0
S-86615c,A-592832,2024-10-03,,Enterprise,26,5174,62088,False,True,False,False,monthly,True,0,Company_10,Cybersecurity,US,2024-09-25,organic,6.0,488.55,2.0,6.0,3.0,5.0,32.666666666666664,0
S-778307,A-f17767,2023-11-15,,Pro,23,1127,13524,False,False,False,False,monthly,True,0,Company_123,DevTools,US,2023-01-30,event,5.0,242.03333333333333,3.0,5.0,3.0,4.0,36.333333333333336,0
S-1e1853,A-089363,2024-11-25,2024-12-31,Enterprise,26,5174,62088,False,False,False,True,monthly,True,1,Company_387,FinTech,AU,2023-05-06,event,3.0,375.0,2.0,3.0,3.0,3.6666666666666665,35.0,1
S-e371b7,A-310452,2024-12-28,,Enterprise,50,9950,119400,False,False,False,False,monthly,True,0,Company_321,DevTools,FR,2024-12-25,other,5.0,231.2,3.0,5.0,5.0,3.6,34.2,0
S-36885c,A-02cd81,2024-04-07,,Pro,44,0,0,True,False,False,False,annual,True,0,Company_76,HealthTech,IN,2024-03-28,other,2.0,87.9,1.0,2.0,3.0,4.5,17.333333333333332,1
S-304f59,A-625d0b,2024-10-15,,Basic,25,0,0,True,False,False,False,annual,True,0,Company_290,EdTech,AU,2024-09-02,ads,7.0,334.95,7.0,7.0,5.0,3.0,48.4,0
S-3e5d57,A-503d5a,2024-01-24,,Basic,25,0,0,True,False,False,False,annual,True,0,Company_99,FinTech,US,2023-10-21,other,5.0,320.3833333333333,4.0,5.0,9.0,4.0,36.55555555555556,0
S-013f5c,A-40de06,2024-07-16,,Pro,35,0,0,True,False,False,False,annual,True,0,Company_369,Cybersecurity,US,2023-05-08,event,9.0,441.76666666666665,6.0,9.0,3.0,4.0,40.333333333333336,0
S-acb7af,A-8adedc,2024-05-23,,Enterprise,4,0,0,True,False,False,False,annual,True,0,Company_300,EdTech,US,2024-02-11,event,3.0,81.7,0.0,3.0,4.0,4.0,49.25,1
S-9fae95,A-96bbc6,2024-12-08,,Enterprise,56,11144,133728,False,True,False,False,annual,True,0,Company_342,Cybersecurity,US,2024-05-07,organic,5.0,281.65,2.0,5.0,3.0,3.3333333333333335,51.333333333333336,0
S-70cf3c,A-3b5cd1,2024-03-24,,Pro,13,637,7644,False,False,False,False,monthly,True,0,Company_49,FinTech,US,2023-09-12,event,4.0,268.35,0.0,4.0,5.0,4.0,27.4,0
S-d26bbf,A-054577,2024-06-29,,Pro,35,1715,20580,False,False,False,False,monthly,True,0,Company_455,EdTech,UK,2024-04-28,ads,3.0,77.0,2.0,3.0,1.0,4.0,46.0,1
S-f7ef84,A-b11cd0,2023-12-30,,Pro,26,1274,15288,False,False,False,False,annual,True,0,Company_439,DevTools,US,2023-01-20,ads,2.0,86.4,0.0,2.0,4.0,4.0,38.5,1
S-7480e6,A-524364,2024-12-31,,Enterprise,43,8557,102684,False,False,False,False,annual,True,0,Company_388,DevTools,FR,2024-12-31,partner,5.0,220.4,4.0,5.0,3.0,4.333333333333333,47.666666666666664,0
S-b95b76,A-dbc825,2024-05-02,,Pro,19,931,11172,False,False,False,False,monthly,True,0,Company_252,EdTech,FR,2024-01-07,partner,5.0,252.53333333333333,7.0,5.0,6.0,4.0,49.5,0
S-639754,A-034368,2023-12-14,,Basic,19,0,0,True,False,False,False,monthly,True,0,Company_353,EdTech,US,2023-11-05,event,5.0,240.98333333333332,2.0,5.0,5.0,4.0,41.2,0
S-06e3cd,A-42e5e1,2024-10-22,,Basic,22,0,0,True,False,False,False,monthly,True,0,Company_118,DevTools,US,2024-07-09,ads,3.0,118.66666666666667,4.0,3.0,3.0,4.0,29.0,1
S-0e43ee,A-09540c,2024-05-28,,Enterprise,67,13333,159996,False,False,False,False,monthly,True,0,Company_239,Cybersecurity,CA,2023-10-30,event,7.0,500.96666666666664,3.0,7.0,2.0,4.5,28.0,0
S-a408fe,A-02fac6,2024-10-18,,Pro,22,1078,12936,False,True,False,False,monthly,True,0,Company_52,FinTech,US,2023-04-06,event,7.0,382.6333333333333,4.0,7.0,6.0,4.0,23.333333333333332,0
S-916cca,A-e51ec7,2024-10-04,2024-10-31,Basic,3,0,0,True,True,False,True,annual,True,1,Company_113,FinTech,CA,2023-09-23,partner,9.0,427.8833333333333,4.0,9.0,3.0,5.0,37.0,0
S-332e0d,A-3b5cd1,2023-09-30,,Pro,13,0,0,True,False,True,False,monthly,True,0,Company_49,FinTech,US,2023-09-12,event,0.0,0.0,0.0,0.0,5.0,4.0,27.4,1
S-5798f3,A-d77f4c,2024-07-21,,Pro,7,343,4116,False,False,False,False,monthly,False,0,Company_470,DevTools,US,2023-09-25,partner,4.0,282.3833333333333,0.0,4.0,2.0,4.0,31.0,0
S-ea389c,A-df10db,2024-09-08,,Basic,14,266,3192,False,False,False,False,monthly,True,0,Company_143,DevTools,US,2023-06-06,other,4.0,213.75,2.0,4.0,2.0,3.0,68.5,0
S-8932ce,A-fa3095,2024-12-18,,Basic,70,1330,15960,False,False,False,False,monthly,True,0,Company_174,FinTech,US,2023-09-03,ads,2.0,138.91666666666666,3.0,2.0,5.0,5.0,49.2,1
S-14d515,A-eb7c38,2024-07-02,,Enterprise,33,6567,78804,False,False,False,False,monthly,False,0,Company_47,DevTools,AU,2024-02-25,organic,4.0,200.25,1.0,4.0,5.0,4.333333333333333,22.4,0
S-99efdc,A-4e44e8,2024-12-19,,Enterprise,17,3383,40596,False,False,False,False,annual,True,0,Company_22,DevTools,US,2024-08-20,ads,5.0,430.51666666666665,9.0,5.0,3.0,3.3333333333333335,31.333333333333332,0
S-183502,A-4e960a,2024-04-11,,Enterprise,71,14129,169548,False,False,False,False,monthly,True,0,Company_277,FinTech,US,2024-01-17,other,5.0,208.33333333333334,1.0,5.0,6.0,4.0,29.166666666666668,0
S-7ff88c,A-b7ef83,2024-12-30,,Pro,12,588,7056,False,False,False,False,monthly,False,0,Company_474,Cybersecurity,UK,2024-05-29,partner,7.0,318.18333333333334,1.0,7.0,2.0,4.0,47.5,0
S-583674,A-7c5768,2024-09-28,,Pro,6,0,0,True,False,False,False,monthly,True,0,Company_407,HealthTech,UK,2024-03-02,event,5.0,393.18333333333334,3.0,5.0,5.0,4.0,28.8,0
S-6e0386,A-2d4502,2024-09-04,,Enterprise,22,4378,52536,False,False,False,False,monthly,True,0,Company_45,FinTech,IN,2024-04-29,event,6.0,338.73333333333335,3.0,6.0,3.0,5.0,26.333333333333332,0
S-79535e,A-4a4c2d,2024-12-11,,Pro,54,2646,31752,False,False,False,False,monthly,True,0,Company_473,DevTools,US,2023-05-02,event,4.0,293.26666666666665,7.0,4.0,5.0,4.25,42.0,0
S-180ae3,A-cab532,2024-03-25,,Pro,11,539,6468,False,False,False,False,annual,True,0,Company_218,DevTools,FR,2023-04-03,organic,10.0,404.65,6.0,10.0,1.0,4.0,32.0,0
S-31be9c,A-5f2961,2024-12-02,,Basic,55,1045,12540,False,False,False,False,monthly,False,0,Company_284,HealthTech,US,2024-11-22,partner,4.0,177.6,5.0,4.0,1.0,,53.0,0
S-183460,A-310452,2024-12-29,,Basic,9,171,2052,False,False,False,False,annual,True,0,Company_321,DevTools,FR,2024-12-25,other,6.0,244.61666666666667,0.0,6.0,5.0,3.6,34.2,0
S-2b608a,A-adc1f3,2024-09-18,,Basic,16,0,0,True,False,False,False,monthly,True,0,Company_98,Cybersecurity,US,2024-08-05,organic,4.0,252.8,0.0,4.0,3.0,3.5,47.333333333333336,0
S-499ea3,A-c16cf7,2024-10-21,2024-11-12,Enterprise,24,4776,57312,False,False,False,True,monthly,True,1,Company_377,EdTech,US,2024-10-16,event,6.0,216.28333333333333,2.0,6.0,3.0,3.5,48.333333333333336,0
S-a916c8,A-3cc791,2024-04-26,,Basic,12,0,0,True,False,False,False,monthly,False,0,Company_423,EdTech,US,2024-01-10,other,3.0,148.58333333333334,2.0,3.0,6.0,4.25,48.333333333333336,1
S-4e563b,A-10b8f2,2024-04-26,,Basic,103,1957,23484,False,False,False,False,annual,True,0,Company_151,HealthTech,DE,2023-01-11,organic,6.0,263.3333333333333,5.0,6.0,3.0,4.333333333333333,46.333333333333336,0
S-f4e0a6,A-e61e98,2024-08-31,,Basic,19,361,4332,False,False,False,False,monthly,True,0,Company_115,FinTech,US,2023-10-20,partner,8.0,304.26666666666665,1.0,7.0,6.0,4.6,30.333333333333332,0
S-7717d6,A-378b99,2024-12-02,,Enterprise,32,0,0,True,True,False,False,monthly,True,0,Company_60,EdTech,UK,2024-09-01,ads,8.0,487.7,7.0,8.0,6.0,4.5,28.5,0
S-ff4e21,A-7a0d69,2024-11-22,,Pro,6,294,3528,False,True,False,False,annual,True,0,Company_187,DevTools,DE,2024-06-15,ads,6.0,268.65,3.0,6.0,2.0,5.0,29.0,0
S-40b133,A-432483,2023-04-11,,Basic,4,0,0,True,False,False,False,annual,False,0,Company_78,Cybersecurity,US,2023-02-06,ads,2.0,124.0,0.0,2.0,1.0,,51.0,1
S-92f228,A-779e4e,2023-01-09,,Basic,9,171,2052,False,False,False,False,annual,True,0,Company_193,HealthTech,US,2023-01-02,organic,7.0,323.93333333333334,2.0,7.0,5.0,4.0,26.6,0
S-2aec7e,A-ce66f8,2024-05-21,,Basic,29,551,6612,False,False,False,False,annual,True,0,Company_17,EdTech,CA,2023-08-23,event,8.0,344.98333333333335,1.0,8.0,6.0,3.5,41.666666666666664,0
S-78f326,A-4c38bc,2024-04-21,,Basic,36,0,0,True,False,False,False,monthly,True,0,Company_55,HealthTech,UK,2024-03-09,event,5.0,337.23333333333335,3.0,5.0,3.0,3.5,48.333333333333336,0
S-0e12d4,A-a45270,2024-08-02,,Pro,13,637,7644,False,False,False,False,monthly,True,0,Company_37,HealthTech,US,2024-06-24,ads,4.0,151.86666666666667,2.0,4.0,4.0,4.0,64.0,0
S-9093cf,A-8ed5dd,2024-02-18,,Enterprise,30,5970,71640,False,False,False,False,monthly,True,0,Company_222,EdTech,UK,2023-06-29,event,1.0,63.05,2.0,1.0,6.0,3.75,29.0,1
S-db94ad,A-313be3,2024-11-14,,Enterprise,47,0,0,True,False,False,False,annual,True,0,Company_136,EdTech,US,2023-11-15,partner,5.0,277.23333333333335,4.0,5.0,4.0,5.0,22.5,0
S-59edf9,A-427b69,2024-12-16,,Basic,17,323,3876,False,False,False,False,monthly,False,0,Company_453,FinTech,US,2024-08-23,other,8.0,367.68333333333334,6.0,8.0,2.0,3.0,31.5,0
S-e854de,A-18793f,2024-12-25,,Pro,148,7252,87024,False,False,False,False,monthly,True,0,Company_488,EdTech,US,2024-12-18,organic,7.0,432.2,8.0,7.0,5.0,3.8,45.2,0
S-28eeec,A-89ee83,2024-11-29,,Pro,2,98,1176,False,True,False,False,annual,True,0,Company_312,Cybersecurity,US,2024-10-04,organic,5.0,188.75,0.0,5.0,5.0,4.0,21.8,0
S-b93c11,A-9f9299,2024-07-08,,Basic,28,532,6384,False,False,False,False,monthly,False,0,Company_133,FinTech,US,2023-09-02,organic,12.0,819.0,1.0,12.0,5.0,5.0,36.2,0
S-6cb3d7,A-fd7ad3,2024-11-26,2024-12-20,Pro,11,539,6468,False,True,False,True,annual,True,1,Company_100,Cybersecurity,US,2024-11-01,event,7.0,387.8666666666667,5.0,7.0,8.0,4.166666666666667,48.75,0
S-bbdf5c,A-b7ef83,2024-06-21,,Enterprise,8,1592,19104,False,False,False,False,monthly,True,0,Company_474,Cybersecurity,UK,2024-05-29,partner,2.0,36.18333333333333,0.0,2.0,2.0,4.0,47.5,1
S-5b8c4f,A-7c5768,2024-05-05,,Basic,8,152,1824,False,False,False,False,monthly,False,0,Company_407,HealthTech,UK,2024-03-02,event,3.0,133.25,0.0,3.0,5.0,4.0,28.8,1
S-6b9696,A-c16cf7,2024-12-23,,Basic,35,665,7980,False,False,False,False,annual,True,0,Company_377,EdTech,US,2024-10-16,event,6.0,230.93333333333334,4.0,6.0,3.0,3.5,48.333333333333336,0
S-9f009b,A-68f37c,2023-11-30,,Basic,16,0,0,True,False,False,False,monthly,True,0,Company_202,HealthTech,US,2023-07-15,ads,1.0,19.6,2.0,1.0,5.0,4.0,20.2,1
S-8317da,A-d49cc5,2024-12-10,,Basic,50,950,11400,False,False,False,False,monthly,True,0,Company_275,Cybersecurity,FR,2023-09-19,event,7.0,383.56666666666666,4.0,7.0,4.0,4.5,32.0,0
S-d61866,A-f17767,2023-03-22,,Enterprise,6,1194,14328,False,True,False,False,monthly,True,0,Company_123,DevTools,US,2023-01-30,event,5.0,176.25,0.0,5.0,3.0,4.0,36.333333333333336,0
S-0b8b0c,A-f17767,2024-08-03,,Enterprise,1,199,2388,False,False,False,False,monthly,False,0,Company_123,DevTools,US,2023-01-30,event,7.0,372.6666666666667,0.0,7.0,3.0,4.0,36.333333333333336,0
S-084930,A-c1e51e,2024-12-08,,Enterprise,3,597,7164,False,False,False,False,monthly,True,0,Company_173,FinTech,US,2024-10-02,organic,5.0,224.65,2.0,5.0,5.0,3.2,40.0,0
S-2abab6,A-ae052e,2024-01-22,2024-10-29,Pro,39,0,0,True,False,True,True,monthly,True,1,Company_132,FinTech,CA,2023-09-11,other,5.0,473.6166666666667,3.0,5.0,4.0,4.0,31.25,0
S-6b144c,A-3cc791,2024-04-10,,Basic,16,304,3648,False,False,False,False,annual,True,0,Company_423,EdTech,US,2024-01-10,other,7.0,331.0833333333333,7.0,7.0,6.0,4.25,48.333333333333336,0
S-0efc9b,A-4bfa33,2024-12-13,,Basic,12,228,2736,False,False,False,False,monthly,True,0,Company_251,Cybersecurity,US,2024-12-07,event,4.0,84.28333333333333,1.0,4.0,4.0,3.6666666666666665,16.5,0
S-f690e0,A-1f559b,2024-07-25,,Basic,7,133,1596,False,False,False,False,monthly,True,0,Company_357,HealthTech,US,2023-09-04,organic,2.0,20.916666666666668,0.0,2.0,5.0,4.2,50.4,1
S-6ac338,A-2b9d3e,2024-08-29,,Basic,28,532,6384,False,False,False,False,annual,True,0,Company_319,EdTech,US,2023-06-04,partner,7.0,494.65,1.0,7.0,3.0,5.0,34.666666666666664,0
S-f52c97,A-40de06,2024-11-17,,Basic,28,532,6384,False,False,True,False,annual,True,0,Company_369,Cybersecurity,US,2023-05-08,event,8.0,193.6,2.0,8.0,3.0,4.0,40.333333333333336,0
S-8b00ff,A-40906c,2024-06-19,,Enterprise,92,18308,219696,False,False,False,False,annual,True,0,Company_235,EdTech,US,2024-03-27,ads,6.0,315.48333333333335,0.0,6.0,5.0,3.75,29.2,0
S-c7f25a,A-87aa7b,2024-08-10,,Basic,25,475,5700,False,True,False,False,monthly,True,0,Company_433,HealthTech,US,2024-05-16,organic,6.0,349.0833333333333,5.0,6.0,3.0,,27.333333333333332,0
S-dbee03,A-49b828,2023-05-16,,Basic,9,171,2052,False,False,False,False,monthly,True,0,Company_391,FinTech,IN,2023-05-05,ads,5.0,244.16666666666666,3.0,5.0,3.0,3.5,13.666666666666666,0
S-1f15a2,A-7f4db3,2023-04-05,,Basic,39,0,0,True,False,False,False,annual,True,0,Company_441,FinTech,US,2023-03-05,other,7.0,335.06666666666666,2.0,7.0,5.0,3.25,16.6,0
S-3da8ee,A-271f46,2024-11-22,,Enterprise,46,9154,109848,False,False,False,False,monthly,True,0,Company_84,DevTools,US,2023-02-09,event,7.0,368.31666666666666,3.0,7.0,1.0,,36.0,0
S-51dfbc,A-7f8241,2023-09-24,,Pro,34,1666,19992,False,False,False,False,monthly,False,0,Company_42,EdTech,US,2023-03-14,organic,2.0,71.55,8.0,2.0,1.0,3.0,36.0,1
S-027102,A-3c1a3f,2024-09-30,,Enterprise,3,597,7164,False,False,False,False,annual,True,0,Company_224,DevTools,UK,2023-08-26,event,3.0,33.86666666666667,0.0,3.0,4.0,3.5,33.25,1
S-d6f31b,A-b20d99,2024-11-03,,Enterprise,20,3980,47760,False,True,False,False,monthly,True,0,Company_29,HealthTech,IN,2023-09-27,other,7.0,337.26666666666665,2.0,7.0,2.0,3.5,61.5,0
S-b5b39a,A-1f0636,2024-03-17,,Pro,105,0,0,True,False,False,False,annual,True,0,Company_368,EdTech,AU,2024-01-01,partner,3.0,77.16666666666667,1.0,3.0,2.0,3.5,38.5,1
S-7ab956,A-53f4e3,2024-12-03,,Basic,13,247,2964,False,False,False,False,annual,True,0,Company_194,Cybersecurity,UK,2024-06-14,event,2.0,138.08333333333334,1.0,2.0,5.0,4.0,28.6,1
S-0a7396,A-54d94a,2024-02-24,,Pro,27,1323,15876,False,False,True,False,monthly,True,0,Company_385,Cybersecurity,IN,2023-05-01,event,4.0,261.18333333333334,1.0,4.0,4.0,3.5,53.75,0
S-337c84,A-2bc93d,2024-09-22,,Basic,29,551,6612,False,True,False,False,annual,True,0,Company_43,HealthTech,US,2023-03-14,event,3.0,138.9,1.0,3.0,2.0,4.5,12.0,1
S-b8c3e6,A-8ae05d,2024-12-13,,Enterprise,86,0,0,True,False,False,False,monthly,True,0,Company_147,FinTech,IN,2024-04-06,other,4.0,226.83333333333334,4.0,4.0,1.0,4.0,47.0,0
S-cd5968,A-ee42db,2023-10-21,,Pro,13,637,7644,False,False,False,False,monthly,True,0,Company_77,EdTech,DE,2023-04-25,ads,2.0,112.88333333333334,0.0,2.0,4.0,3.0,33.75,1
S-dc3e11,A-2f6a32,2024-12-01,,Pro,19,931,11172,False,False,False,False,monthly,True,0,Company_160,HealthTech,US,2024-08-26,organic,4.0,86.16666666666667,1.0,4.0,2.0,3.5,41.0,0
S-b18409,A-92a3af,2024-10-26,,Pro,25,1225,14700,False,False,False,False,monthly,True,0,Company_259,Cybersecurity,IN,2024-07-07,organic,7.0,364.05,6.0,7.0,4.0,4.0,57.5,0
S-d365af,A-4e44e8,2024-09-01,,Basic,11,209,2508,False,False,False,False,annual,True,0,Company_22,DevTools,US,2024-08-20,ads,2.0,50.85,0.0,2.0,3.0,3.3333333333333335,31.333333333333332,1
S-eaf2e2,A-427b69,2024-10-24,,Pro,17,833,9996,False,False,False,False,annual,False,0,Company_453,FinTech,US,2024-08-23,other,8.0,442.53333333333336,5.0,8.0,2.0,3.0,31.5,0
S-b7482e,A-cbd1a3,2024-12-16,,Basic,34,646,7752,False,False,False,False,annual,True,0,Company_325,DevTools,US,2024-11-25,other,5.0,331.0833333333333,7.0,5.0,4.0,4.0,34.5,0
S-74704b,A-cb5333,2024-12-15,,Pro,33,1617,19404,False,False,False,False,monthly,True,0,Company_370,DevTools,US,2024-03-26,ads,5.0,266.1333333333333,2.0,5.0,4.0,3.0,30.75,0
S-f8e091,A-34d880,2024-10-21,,Enterprise,5,995,11940,False,False,False,False,monthly,True,0,Company_207,Cybersecurity,AU,2024-04-11,ads,6.0,419.1666666666667,2.0,6.0,5.0,3.0,52.2,0
S-41d741,A-65aeb5,2024-08-23,,Basic,28,532,6384,False,False,False,False,annual,True,0,Company_120,DevTools,US,2024-01-25,partner,8.0,344.26666666666665,5.0,8.0,2.0,5.0,42.5,0
S-79e254,A-474ad4,2024-03-23,,Pro,53,2597,31164,False,False,False,False,annual,False,0,Company_261,EdTech,US,2023-11-28,organic,6.0,248.48333333333332,3.0,6.0,3.0,5.0,33.0,0
S-2d21b9,A-b7b7b7,2024-07-12,,Pro,24,1176,14112,False,False,False,False,annual,True,0,Company_338,FinTech,US,2024-06-30,event,4.0,256.5833333333333,1.0,4.0,3.0,5.0,17.0,0
S-d56460,A-d62e02,2024-10-02,,Enterprise,16,3184,38208,False,False,False,False,annual,True,0,Company_420,Cybersecurity,US,2024-08-20,partner,1.0,42.1,0.0,1.0,1.0,4.0,36.0,1
S-8921cb,A-50bb9f,2024-07-22,,Enterprise,35,6965,83580,False,False,False,False,monthly,True,0,Company_373,Cybersecurity,US,2024-07-12,organic,5.0,462.31666666666666,8.0,5.0,7.0,4.0,33.285714285714285,0
S-920d64,A-b7724f,2024-07-21,,Basic,12,228,2736,False,False,False,False,annual,True,0,Company_320,HealthTech,UK,2023-03-28,organic,2.0,34.083333333333336,0.0,2.0,3.0,3.0,28.666666666666668,1
S-ae7a5d,A-22f2df,2024-12-21,,Pro,15,735,8820,False,False,False,False,annual,True,0,Company_106,DevTools,US,2024-12-14,ads,3.0,87.96666666666667,1.0,3.0,5.0,5.0,44.8,1
S-d518e8,A-e4144b,2024-12-06,,Basic,41,0,0,True,False,False,False,monthly,True,0,Company_316,EdTech,UK,2024-10-22,other,4.0,188.46666666666667,3.0,4.0,3.0,4.0,57.0,0
S-3f1bb5,A-7e0a10,2023-12-21,,Basic,46,874,10488,False,False,False,False,annual,True,0,Company_64,FinTech,US,2023-11-18,ads,3.0,96.03333333333333,7.0,3.0,5.0,4.0,39.4,1
S-83ee41,A-ad3abd,2023-04-20,,Basic,44,836,10032,False,False,False,False,annual,True,0,Company_410,FinTech,US,2023-03-03,event,2.0,96.28333333333333,0.0,2.0,3.0,3.0,13.0,1
S-9eeb7e,A-029f69,2024-12-02,,Basic,11,209,2508,False,False,False,False,monthly,False,0,Company_129,Cybersecurity,CA,2024-03-07,event,8.0,459.1333333333333,1.0,8.0,2.0,3.0,42.0,0
S-649bb6,A-9f9299,2024-07-18,,Enterprise,28,5572,66864,False,False,False,False,annual,False,0,Company_133,FinTech,US,2023-09-02,organic,6.0,388.6333333333333,3.0,6.0,5.0,5.0,36.2,0
S-9f8b23,A-118f1c,2024-12-24,2024-12-26,Enterprise,128,25472,305664,False,False,False,True,annual,True,1,Company_492,Cybersecurity,US,2024-10-31,other,6.0,336.7,2.0,6.0,1.0,3.0,64.0,0
S-510009,A-0651a4,2024-11-16,,Enterprise,16,3184,38208,False,False,False,False,monthly,True,0,Company_255,HealthTech,FR,2024-10-16,organic,4.0,149.95,2.0,4.0,4.0,4.0,29.25,0
S-295bac,A-779e4e,2023-07-13,,Enterprise,58,11542,138504,False,False,False,False,monthly,True,0,Company_193,HealthTech,US,2023-01-02,organic,3.0,64.41666666666667,2.0,3.0,5.0,4.0,26.6,1
S-b555de,A-af0cd2,2023-10-04,,Basic,19,361,4332,False,True,False,False,monthly,True,0,Company_204,Cybersecurity,IN,2023-01-03,other,5.0,380.01666666666665,4.0,5.0,3.0,,54.333333333333336,0
S-1f5841,A-b30291,2024-05-08,,Basic,5,95,1140,False,False,False,False,annual,True,0,Company_344,HealthTech,US,2024-04-05,event,7.0,367.15,12.0,7.0,1.0,,16.0,0
S-0d6da2,A-e4144b,2024-11-28,,Enterprise,41,0,0,True,False,False,False,monthly,False,0,Company_316,EdTech,UK,2024-10-22,other,2.0,22.5,0.0,2.0,3.0,4.0,57.0,1
S-5c4dd7,A-0b0d6d,2024-12-31,,Pro,21,1029,12348,False,False,False,False,annual,True,0,Company_267,DevTools,US,2024-12-30,organic,5.0,323.26666666666665,3.0,5.0,5.0,4.0,31.4,0
S-904529,A-fe79a5,2024-03-02,2024-10-02,Basic,19,0,0,True,True,False,True,monthly,True,1,Company_81,HealthTech,IN,2024-02-21,ads,5.0,292.43333333333334,2.0,5.0,4.0,5.0,28.5,0
S-eed91a,A-22d9d2,2024-12-17,2024-12-20,Pro,32,1568,18816,False,False,True,True,monthly,True,1,Company_188,DevTools,FR,2024-03-22,event,4.0,292.8833333333333,0.0,4.0,6.0,4.0,16.0,0
S-71466f,A-d5a319,2024-01-16,,Basic,15,285,3420,False,False,False,False,annual,True,0,Company_158,FinTech,US,2023-05-04,other,5.0,226.3,2.0,5.0,1.0,4.0,17.0,0
S-24d48b,A-7c83a1,2024-05-16,2024-07-29,Pro,12,588,7056,False,False,False,True,annual,True,1,Company_447,Cybersecurity,US,2024-05-06,partner,2.0,132.1,1.0,2.0,4.0,4.0,42.0,1
S-518ce3,A-98a59a,2024-08-01,,Pro,148,0,0,True,False,True,False,annual,True,0,Company_80,FinTech,UK,2023-08-04,partner,6.0,306.45,3.0,6.0,3.0,4.5,37.333333333333336,0
S-0e0ec8,A-cc102e,2024-05-06,,Basic,13,247,2964,False,False,False,False,annual,True,0,Company_443,HealthTech,US,2024-04-15,partner,6.0,352.2,6.0,6.0,4.0,4.333333333333333,33.25,0
S-fe0869,A-d4e0d4,2024-11-16,,Enterprise,117,23283,279396,False,False,False,False,annual,True,0,Company_403,FinTech,US,2024-10-18,other,1.0,76.08333333333333,1.0,1.0,4.0,4.0,39.25,1
S-457294,A-fa3095,2024-06-07,,Enterprise,70,13930,167160,False,False,False,False,monthly,True,0,Company_174,FinTech,US,2023-09-03,ads,2.0,62.81666666666667,0.0,2.0,5.0,5.0,49.2,1
S-3bb28f,A-37f969,2024-01-20,,Enterprise,30,5970,71640,False,True,False,False,monthly,True,0,Company_150,HealthTech,IN,2023-10-14,partner,3.0,290.46666666666664,1.0,3.0,5.0,3.6666666666666665,22.2,1
S-31d8aa,A-96bbc6,2024-05-28,,Pro,39,1911,22932,False,True,False,False,annual,True,0,Company_342,Cybersecurity,US,2024-05-07,organic,7.0,307.18333333333334,5.0,7.0,3.0,3.3333333333333335,51.333333333333336,0
S-29c16b,A-afa505,2024-07-24,2024-10-06,Pro,70,3430,41160,False,False,False,True,monthly,True,1,Company_157,DevTools,US,2023-12-27,partner,2.0,55.88333333333333,1.0,2.0,4.0,3.0,37.25,1
S-b3f2cb,A-812c5b,2024-06-19,,Enterprise,55,0,0,True,False,False,False,monthly,True,0,Company_395,DevTools,CA,2024-02-25,organic,8.0,540.0166666666667,2.0,8.0,4.0,4.0,27.0,0
S-5d6528,A-22d9d2,2024-07-23,,Enterprise,8,1592,19104,False,False,False,False,monthly,True,0,Company_188,DevTools,FR,2024-03-22,event,5.0,144.08333333333334,6.0,5.0,6.0,4.0,16.0,0
S-dbb8b9,A-58b9ff,2024-08-09,,Pro,2,98,1176,False,False,False,False,monthly,False,0,Company_425,DevTools,IN,2024-05-31,partner,3.0,120.71666666666667,2.0,3.0,2.0,4.0,66.0,1
S-9f7ef0,A-b3fe05,2024-10-31,,Enterprise,46,9154,109848,False,False,False,False,monthly,True,0,Company_238,Cybersecurity,CA,2024-05-28,partner,2.0,85.43333333333334,0.0,2.0,4.0,3.0,48.25,1
S-2178f0,A-b30291,2024-09-26,2024-11-02,Basic,5,0,0,True,False,False,True,monthly,True,1,Company_344,HealthTech,US,2024-04-05,event,6.0,296.0833333333333,3.0,6.0,1.0,,16.0,0
S-31cec4,A-34ea2f,2024-10-28,,Basic,8,152,1824,False,False,False,False,monthly,True,0,Company_436,HealthTech,US,2024-08-15,organic,4.0,133.06666666666666,1.0,4.0,8.0,3.8,35.25,0
S-a1426b,A-cc98bc,2023-12-31,,Basic,32,608,7296,False,False,False,False,annual,False,0,Company_469,DevTools,US,2023-05-24,ads,5.0,100.58333333333333,1.0,5.0,3.0,4.0,4.666666666666667,0
S-5ea66d,A-503d5a,2024-12-18,,Enterprise,4,796,9552,False,False,False,False,annual,True,0,Company_99,FinTech,US,2023-10-21,other,3.0,257.73333333333335,4.0,3.0,9.0,4.0,36.55555555555556,1
S-4f9730,A-8adedc,2024-07-21,,Enterprise,25,0,0,True,False,False,False,monthly,True,0,Company_300,EdTech,US,2024-02-11,event,8.0,481.73333333333335,5.0,8.0,4.0,4.0,49.25,0
S-befdf1,A-68f37c,2024-02-27,,Basic,13,247,2964,False,False,False,False,monthly,True,0,Company_202,HealthTech,US,2023-07-15,ads,8.0,350.8,3.0,8.0,5.0,4.0,20.2,0
S-2b504d,A-6a4e2d,2023-07-12,,Enterprise,9,1791,21492,False,False,False,False,annual,True,0,Company_46,EdTech,UK,2023-04-07,partner,5.0,107.48333333333333,6.0,5.0,2.0,4.5,18.5,0
S-4484ae,A-b07346,2024-12-08,,Enterprise,51,10149,121788,False,True,False,False,monthly,True,0,Company_269,HealthTech,US,2024-10-10,partner,4.0,189.91666666666666,1.0,4.0,3.0,3.5,42.333333333333336,0
S-a2e1dd,A-c37cab,2024-08-10,2024-09-29,Enterprise,13,0,0,True,False,False,True,monthly,True,1,Company_278,Cybersecurity,UK,2024-07-29,event,8.0,334.3666666666667,1.0,8.0,4.0,3.75,33.0,0
S-00dea4,A-a6d261,2024-01-14,,Enterprise,15,2985,35820,False,False,False,False,monthly,True,0,Company_303,FinTech,CA,2023-11-29,other,5.0,279.43333333333334,0.0,5.0,4.0,4.666666666666667,40.0,0
S-b73fdf,A-dbc825,2024-04-26,2024-08-07,Basic,19,361,4332,False,False,False,True,annual,True,1,Company_252,EdTech,FR,2024-01-07,partner,4.0,228.2,3.0,4.0,6.0,4.0,49.5,0
S-07e821,A-e61e98,2023-11-09,,Pro,37,1813,21756,False,False,False,False,monthly,True,0,Company_115,FinTech,US,2023-10-20,partner,5.0,94.65,0.0,5.0,6.0,4.6,30.333333333333332,0
S-c8292c,A-cb5333,2024-05-04,,Basic,51,0,0,True,False,False,False,annual,True,0,Company_370,DevTools,US,2024-03-26,ads,2.0,135.3,0.0,2.0,4.0,3.0,30.75,1
S-47b86b,A-524364,2024-12-31,,Pro,11,539,6468,False,False,False,False,monthly,True,0,Company_388,DevTools,FR,2024-12-31,partner,4.0,235.85,4.0,4.0,3.0,4.333333333333333,47.666666666666664,0
S-07976e,A-81edc3,2024-07-12,,Pro,5,245,2940,False,False,False,False,monthly,True,0,Company_236,Cybersecurity,IN,2023-10-30,ads,5.0,270.8,0.0,5.0,3.0,4.0,52.666666666666664,0
S-412125,A-1b9609,2024-01-14,,Basic,16,304,3648,False,False,False,False,monthly,True,0,Company_5,EdTech,IN,2023-10-12,ads,6.0,376.03333333333336,2.0,6.0,4.0,3.0,43.0,0
S-1d15a7,A-1e50e0,2023-03-23,,Enterprise,19,3781,45372,False,True,False,False,monthly,True,0,Company_415,Cybersecurity,DE,2023-02-21,other,1.0,38.85,4.0,1.0,2.0,5.0,20.5,1
S-655049,A-9779ad,2024-10-27,,Basic,40,0,0,True,False,False,False,monthly,False,0,Company_171,Cybersecurity,AU,2024-03-29,event,2.0,98.33333333333333,1.0,2.0,3.0,5.0,20.666666666666668,1
S-9cfabf,A-0f3e88,2023-08-05,,Basic,7,133,1596,False,False,False,False,annual,True,0,Company_428,HealthTech,US,2023-07-23,other,3.0,216.81666666666666,0.0,3.0,3.0,4.5,48.0,1
S-dd80e4,A-0532a9,2024-11-24,,Enterprise,21,4179,50148,False,True,False,False,annual,True,0,Company_170,FinTech,IN,2024-09-25,event,3.0,175.43333333333334,2.0,3.0,8.0,3.0,30.75,1
S-1fb7ac,A-117171,2024-12-14,2024-12-17,Pro,45,2205,26460,False,False,False,True,annual,True,1,Company_135,HealthTech,FR,2024-09-12,organic,5.0,225.55,0.0,5.0,6.0,3.6666666666666665,32.5,0
S-576519,A-cc98bc,2023-05-27,,Enterprise,32,6368,76416,False,False,False,False,monthly,True,0,Company_469,DevTools,US,2023-05-24,ads,5.0,225.8,6.0,5.0,3.0,4.0,4.666666666666667,0
S-b23ec5,A-3be56b,2024-05-01,,Enterprise,18,3582,42984,False,False,True,False,annual,True,0,Company_200,HealthTech,IN,2023-10-26,event,4.0,220.13333333333333,2.0,4.0,4.0,3.5,40.25,0
S-1cb993,A-84ebe4,2023-05-10,,Basic,18,342,4104,False,False,False,False,annual,True,0,Company_68,FinTech,US,2023-03-12,ads,4.0,70.8,3.0,4.0,4.0,4.0,29.5,0
S-c87692,A-dcc2f0,2023-10-02,,Basic,15,285,3420,False,False,False,False,annual,True,0,Company_309,FinTech,UK,2023-07-22,organic,4.0,192.55,1.0,4.0,2.0,,27.0,0
S-2aaa9c,A-4c38bc,2024-12-10,,Pro,36,1764,21168,False,False,False,False,monthly,True,0,Company_55,HealthTech,UK,2024-03-09,event,8.0,521.1666666666666,1.0,8.0,3.0,3.5,48.333333333333336,0
S-8426e7,A-42e5e1,2024-10-18,,Enterprise,22,4378,52536,False,False,False,False,annual,True,0,Company_118,DevTools,US,2024-07-09,ads,9.0,434.8833333333333,9.0,9.0,3.0,4.0,29.0,0
S-ed857b,A-ad64c6,2024-03-07,,Enterprise,12,2388,28656,False,False,False,False,monthly,False,0,Company_175,DevTools,UK,2024-02-23,event,3.0,154.05,8.0,3.0,4.0,5.0,34.0,1
S-2843fe,A-089363,2024-06-26,,Basic,2,0,0,True,False,False,False,monthly,True,0,Company_387,FinTech,AU,2023-05-06,event,7.0,339.2,1.0,7.0,3.0,3.6666666666666665,35.0,0
S-4c8e19,A-659280,2024-11-21,,Basic,17,323,3876,False,False,False,False,monthly,False,0,Company_417,FinTech,IN,2023-11-17,event,5.0,288.65,0.0,5.0,4.0,4.333333333333333,8.0,0
S-b4b084,A-ced9aa,2024-12-21,,Enterprise,5,995,11940,False,False,False,False,monthly,True,0,Company_310,DevTools,US,2024-10-05,other,7.0,342.4,4.0,7.0,7.0,3.0,28.857142857142858,0
S-0802a4,A-a45270,2024-08-24,,Pro,79,3871,46452,False,False,False,False,annual,True,0,Company_37,HealthTech,US,2024-06-24,ads,6.0,208.41666666666666,3.0,6.0,4.0,4.0,64.0,0
S-37879d,A-9779ad,2024-09-17,,Pro,40,1960,23520,False,False,False,False,monthly,False,0,Company_171,Cybersecurity,AU,2024-03-29,event,4.0,157.81666666666666,3.0,4.0,3.0,5.0,20.666666666666668,0
S-8048cc,A-eb7c38,2024-07-04,,Basic,9,171,2052,False,False,True,False,annual,True,0,Company_47,DevTools,AU,2024-02-25,organic,5.0,314.15,2.0,5.0,5.0,4.333333333333333,22.4,0
S-c2a14b,A-526d93,2024-11-08,2024-11-10,Enterprise,43,8557,102684,False,False,False,True,annual,False,1,Company_66,HealthTech,FR,2024-04-14,organic,4.0,243.93333333333334,1.0,4.0,5.0,3.5,51.4,0
S-549340,A-eb1312,2024-09-18,,Pro,25,1225,14700,False,False,False,False,monthly,True,0,Company_322,FinTech,US,2024-09-16,partner,2.0,76.95,0.0,2.0,1.0,5.0,68.0,1
S-83d49e,A-dbc825,2024-07-27,,Pro,19,931,11172,False,False,False,False,annual,True,0,Company_252,EdTech,FR,2024-01-07,partner,5.0,194.71666666666667,2.0,5.0,6.0,4.0,49.5,0
S-2ad954,A-b9f5b1,2023-03-12,,Enterprise,42,0,0,True,False,False,False,monthly,True,0,Company_494,Cybersecurity,US,2023-01-24,other,2.0,73.03333333333333,0.0,2.0,6.0,3.3333333333333335,31.833333333333332,1
S-4e4ef4,A-9ee962,2023-07-09,,Pro,25,1225,14700,False,False,True,False,monthly,True,0,Company_59,HealthTech,US,2023-02-28,ads,6.0,294.8833333333333,8.0,6.0,3.0,4.0,37.0,0
S-a0d68d,A-c58f49,2024-08-10,,Basic,70,1330,15960,False,False,False,False,monthly,True,0,Company_480,EdTech,US,2024-07-31,other,7.0,297.9,5.0,7.0,3.0,5.0,36.333333333333336,0
S-f3f2bd,A-560d27,2024-12-17,,Basic,29,0,0,True,False,False,False,annual,True,0,Company_266,DevTools,US,2024-05-05,organic,4.0,177.26666666666668,2.0,4.0,4.0,3.6666666666666665,30.75,0
S-37a9e3,A-c608c8,2024-06-07,2024-06-29,Enterprise,11,2189,26268,False,False,False,True,monthly,False,1,Company_199,DevTools,DE,2023-04-27,ads,8.0,565.7166666666667,10.0,8.0,2.0,3.0,59.0,0
S-c9d475,A-1986ca,2023-07-06,,Enterprise,20,3980,47760,False,False,False,False,annual,False,0,Company_197,HealthTech,IN,2023-01-30,ads,3.0,196.86666666666667,2.0,3.0,7.0,3.4,36.57142857142857,1
S-646813,A-a45270,2024-09-14,,Enterprise,14,0,0,True,False,False,False,monthly,True,0,Company_37,HealthTech,US,2024-06-24,ads,3.0,49.1,3.0,3.0,4.0,4.0,64.0,1
S-d0bab8,A-94f8c9,2024-06-26,,Basic,74,1406,16872,False,True,False,False,annual,True,0,Company_51,HealthTech,US,2024-03-29,other,1.0,14.1,0.0,1.0,3.0,5.0,47.333333333333336,1
S-57bbae,A-a09355,2024-11-05,,Pro,14,686,8232,False,False,False,False,monthly,True,0,Company_459,FinTech,US,2024-08-10,organic,7.0,339.45,1.0,7.0,5.0,4.0,32.6,0
S-59778a,A-f6b2fb,2024-08-11,,Enterprise,49,9751,117012,False,False,False,False,monthly,True,0,Company_418,DevTools,AU,2024-04-23,event,7.0,444.68333333333334,9.0,7.0,5.0,4.0,55.0,0
S-94c40b,A-7c6b6b,2024-12-06,2024-12-26,Pro,26,1274,15288,False,False,False,True,annual,True,1,Company_223,FinTech,US,2024-11-30,other,4.0,129.61666666666667,3.0,4.0,5.0,4.333333333333333,52.2,0
S-b9c6ce,A-e1462e,2024-10-06,,Enterprise,15,0,0,True,False,False,False,monthly,True,0,Company_217,FinTech,UK,2023-03-12,partner,5.0,208.73333333333332,1.0,5.0,2.0,3.5,39.5,0
S-f1ffee,A-96215d,2024-09-30,,Enterprise,16,3184,38208,False,False,False,False,annual,False,0,Company_318,FinTech,US,2024-08-08,event,7.0,349.5833333333333,4.0,7.0,1.0,3.0,25.0,0
S-cc30c5,A-b78bf8,2024-11-17,,Basic,33,627,7524,False,False,False,False,monthly,True,0,Company_148,DevTools,US,2024-11-15,event,2.0,153.85,0.0,2.0,5.0,4.2,24.2,1
S-9fa60e,A-712426,2024-12-15,,Basic,9,171,2052,False,False,False,False,annual,True,0,Company_155,HealthTech,US,2024-11-10,other,0.0,0.0,0.0,0.0,6.0,4.4,37.333333333333336,1
S-44c2c1,A-2d1036,2024-08-02,,Pro,69,3381,40572,False,False,True,False,annual,True,0,Company_399,FinTech,US,2024-06-14,ads,7.0,424.48333333333335,1.0,7.0,5.0,4.6,37.8,0
S-3d6648,A-e2cd1b,2024-10-05,,Enterprise,15,0,0,True,False,False,False,monthly,True,0,Company_121,DevTools,US,2024-02-04,other,3.0,123.23333333333333,0.0,3.0,5.0,4.0,37.8,1
S-d97fa8,A-508199,2024-02-20,,Basic,19,361,4332,False,False,False,False,monthly,True,0,Company_208,FinTech,AU,2024-01-28,event,6.0,317.53333333333336,1.0,6.0,3.0,3.0,50.666666666666664,0
S-398291,A-acb7f7,2024-07-15,,Enterprise,32,6368,76416,False,False,False,False,monthly,True,0,Company_330,EdTech,US,2024-01-06,ads,4.0,143.2,0.0,4.0,3.0,3.5,41.0,0
S-d7ee6f,A-35083d,2023-08-10,,Enterprise,19,3781,45372,False,True,False,False,annual,True,0,Company_27,HealthTech,IN,2023-04-28,partner,4.0,353.1166666666667,0.0,4.0,4.0,5.0,49.75,0
S-3663bb,A-de24d5,2024-12-19,,Enterprise,5,0,0,True,False,False,False,monthly,True,0,Company_231,DevTools,US,2024-11-05,other,1.0,18.3,1.0,1.0,7.0,3.0,43.142857142857146,1
S-81cd46,A-ced9aa,2024-10-11,,Enterprise,6,1194,14328,False,False,False,False,annual,True,0,Company_310,DevTools,US,2024-10-05,other,5.0,323.46666666666664,5.0,5.0,7.0,3.0,28.857142857142858,0
S-e6678a,A-54ecc2,2023-08-16,,Pro,4,196,2352,False,False,False,False,annual,False,0,Company_289,Cybersecurity,US,2023-06-11,partner,4.0,235.15,3.0,4.0,5.0,5.0,37.4,0
S-69b66d,A-6da850,2024-01-08,,Basic,25,475,5700,False,True,False,False,annual,True,0,Company_293,FinTech,IN,2023-10-07,organic,3.0,114.7,4.0,3.0,5.0,4.0,49.0,1
S-68565b,A-5c046d,2024-12-02,,Basic,93,1767,21204,False,False,False,False,annual,False,0,Company_130,EdTech,FR,2024-07-06,partner,5.0,159.53333333333333,4.0,5.0,1.0,3.0,13.0,0
S-00b0bc,A-089363,2024-12-12,,Enterprise,9,0,0,True,False,False,False,annual,True,0,Company_387,FinTech,AU,2023-05-06,event,1.0,38.4,0.0,1.0,3.0,3.6666666666666665,35.0,1
S-f6ca9e,A-c7ffc2,2024-10-27,,Enterprise,30,5970,71640,False,False,False,False,annual,True,0,Company_392,Cybersecurity,US,2023-01-27,partner,6.0,218.08333333333334,0.0,6.0,2.0,3.0,64.0,0
S-8fd696,A-dec005,2024-11-15,2024-12-03,Enterprise,54,10746,128952,False,False,False,True,annual,False,1,Company_445,HealthTech,US,2023-10-13,partner,6.0,229.63333333333333,6.0,6.0,2.0,3.0,59.0,0
S-71cb15,A-2d4502,2024-12-12,,Enterprise,34,6766,81192,False,False,False,False,annual,True,0,Company_45,FinTech,IN,2024-04-29,event,1.0,27.3,0.0,1.0,3.0,5.0,26.333333333333332,1
S-37dc91,A-a1bbb6,2024-10-04,,Pro,15,0,0,True,False,False,False,annual,True,0,Company_74,DevTools,CA,2023-04-05,organic,2.0,159.06666666666666,0.0,2.0,3.0,4.0,17.666666666666668,1
S-6cf72f,A-a8d89d,2024-09-24,,Basic,17,0,0,True,True,False,False,monthly,True,0,Company_326,EdTech,US,2023-12-08,ads,3.0,184.66666666666666,0.0,3.0,2.0,5.0,44.5,1
S-117d65,A-86902e,2024-11-30,,Basic,34,646,7752,False,False,False,False,annual,True,0,Company_169,HealthTech,IN,2023-05-02,other,3.0,174.8,5.0,3.0,9.0,3.5,40.888888888888886,1
S-529f0c,A-592832,2024-11-28,2024-12-10,Pro,18,0,0,True,False,False,True,monthly,True,1,Company_10,Cybersecurity,US,2024-09-25,organic,5.0,351.55,5.0,5.0,3.0,5.0,32.666666666666664,0
S-3d58c6,A-054577,2024-06-15,,Basic,34,646,7752,False,False,False,False,monthly,True,0,Company_455,EdTech,UK,2024-04-28,ads,5.0,143.91666666666666,5.0,5.0,1.0,4.0,46.0,0
S-b33593,A-7641d3,2023-10-02,,Pro,11,0,0,True,False,False,False,monthly,False,0,Company_429,EdTech,US,2023-02-16,partner,6.0,203.7,1.0,6.0,5.0,4.333333333333333,45.2,0
S-c6287d,A-075038,2024-07-25,,Pro,17,833,9996,False,False,False,False,monthly,True,0,Company_397,HealthTech,UK,2023-05-12,ads,6.0,220.31666666666666,0.0,6.0,2.0,3.0,43.5,0
S-a2cd6a,A-508199,2024-12-11,,Enterprise,19,0,0,True,False,False,False,monthly,True,0,Company_208,FinTech,AU,2024-01-28,event,7.0,524.9666666666667,9.0,7.0,3.0,3.0,50.666666666666664,0
S-30a9dd,A-417d2f,2024-10-30,,Basic,8,0,0,True,False,False,False,annual,True,0,Company_285,Cybersecurity,IN,2023-07-04,partner,5.0,262.81666666666666,0.0,5.0,6.0,4.333333333333333,43.5,0
S-eef0cd,A-600734,2024-01-13,,Pro,29,1421,17052,False,False,False,False,annual,True,0,Company_327,DevTools,US,2023-11-14,organic,8.0,260.6166666666667,0.0,8.0,7.0,3.6666666666666665,52.57142857142857,0
S-15a897,A-d26ab4,2024-11-08,,Enterprise,9,0,0,True,False,False,False,annual,False,0,Company_497,DevTools,UK,2024-11-07,organic,5.0,120.15,2.0,5.0,2.0,4.0,49.5,0
S-9ee11d,A-104f1a,2024-10-11,,Pro,24,1176,14112,False,False,False,False,monthly,True,0,Company_89,Cybersecurity,US,2024-08-17,other,5.0,446.21666666666664,5.0,5.0,5.0,3.75,33.2,0
S-f76252,A-560d27,2024-10-07,,Basic,23,437,5244,False,False,False,False,annual,True,0,Company_266,DevTools,US,2024-05-05,organic,4.0,252.68333333333334,3.0,4.0,4.0,3.6666666666666665,30.75,0
S-d920e7,A-bc4d48,2024-11-28,,Enterprise,35,6965,83580,False,False,False,False,annual,False,0,Company_343,EdTech,US,2024-06-12,ads,4.0,176.2,3.0,4.0,6.0,4.2,41.166666666666664,0
S-75985b,A-3793ee,2023-11-25,,Enterprise,49,0,0,True,False,False,False,monthly,True,0,Company_332,Cybersecurity,CA,2023-03-21,organic,8.0,231.68333333333334,2.0,8.0,4.0,4.0,43.75,0
S-765a5f,A-c9bb3e,2024-04-01,2024-04-02,Pro,35,1715,20580,False,False,False,True,annual,True,1,Company_336,EdTech,US,2024-03-24,ads,5.0,490.81666666666666,3.0,4.0,7.0,4.2,27.714285714285715,0
S-c318ea,A-ccb686,2024-08-17,,Enterprise,10,1990,23880,False,False,False,False,monthly,True,0,Company_491,DevTools,US,2024-01-22,other,4.0,202.68333333333334,1.0,4.0,1.0,4.0,67.0,0
S-964542,A-a8b49c,2024-09-25,,Enterprise,12,2388,28656,False,False,False,False,annual,True,0,Company_72,Cybersecurity,UK,2023-10-06,partner,6.0,303.85,4.0,6.0,1.0,4.0,72.0,0
S-6c4770,A-fa3095,2023-09-18,,Enterprise,70,0,0,True,False,False,False,monthly,True,0,Company_174,FinTech,US,2023-09-03,ads,5.0,338.78333333333336,4.0,5.0,5.0,5.0,49.2,0
S-694277,A-34d880,2024-10-11,,Enterprise,4,796,9552,False,False,False,False,monthly,True,0,Company_207,Cybersecurity,AU,2024-04-11,ads,3.0,88.58333333333333,0.0,3.0,5.0,3.0,52.2,1
S-97fab7,A-8ed5dd,2024-03-27,2024-10-08,Basic,5,95,1140,False,False,False,True,annual,False,1,Company_222,EdTech,UK,2023-06-29,event,6.0,254.31666666666666,13.0,6.0,6.0,3.75,29.0,0
S-fb4fae,A-39b19f,2024-03-25,2024-05-01,Enterprise,41,8159,97908,False,False,False,True,monthly,True,1,Company_176,FinTech,US,2023-02-03,partner,5.0,118.05,1.0,5.0,6.0,4.25,47.833333333333336,0
S-7b211a,A-e5d6ab,2024-11-10,,Pro,32,1568,18816,False,False,False,False,annual,True,0,Company_7,EdTech,US,2023-04-15,partner,4.0,136.36666666666667,0.0,4.0,3.0,,42.666666666666664,0
S-da9362,A-b2225d,2024-05-21,,Basic,47,893,10716,False,False,False,False,annual,True,0,Company_50,FinTech,US,2024-03-08,ads,8.0,363.3,8.0,8.0,2.0,3.0,42.0,0
S-79b038,A-b07b56,2024-11-29,,Basic,25,475,5700,False,False,False,False,annual,True,0,Company_292,DevTools,US,2024-11-08,event,3.0,211.51666666666668,0.0,3.0,4.0,3.0,31.25,1
S-9a6a1b,A-c16b88,2024-03-09,,Pro,23,0,0,True,False,False,False,annual,True,0,Company_431,HealthTech,US,2023-12-02,event,6.0,349.3333333333333,7.0,6.0,3.0,3.0,48.333333333333336,0
S-82348a,A-4e960a,2024-04-02,,Basic,12,0,0,True,False,False,False,annual,False,0,Company_277,FinTech,US,2024-01-17,other,7.0,374.98333333333335,1.0,7.0,6.0,4.0,29.166666666666668,0
S-df0314,A-39ddf4,2024-12-21,,Pro,40,1960,23520,False,False,False,False,monthly,True,0,Company_435,EdTech,US,2024-12-05,partner,6.0,209.3,3.0,6.0,5.0,4.25,23.0,0
S-dd5a4c,A-716841,2024-05-13,,Basic,161,3059,36708,False,False,False,False,annual,True,0,Company_437,FinTech,US,2024-05-06,other,5.0,338.3,4.0,5.0,5.0,4.0,29.8,0
S-54bb4e,A-54d94a,2023-12-16,,Basic,55,1045,12540,False,False,False,False,monthly,True,0,Company_385,Cybersecurity,IN,2023-05-01,event,2.0,86.8,2.0,2.0,4.0,3.5,53.75,1
S-d98caa,A-09316c,2024-12-29,,Enterprise,70,13930,167160,False,False,False,False,annual,True,0,Company_341,FinTech,AU,2024-09-11,organic,3.0,178.83333333333334,2.0,3.0,4.0,3.75,54.75,1
S-eea4ae,A-ffc04f,2024-09-14,,Pro,13,0,0,True,False,False,False,monthly,False,0,Company_307,EdTech,US,2024-06-06,ads,6.0,345.05,1.0,6.0,7.0,4.5,17.714285714285715,0
S-bd02dd,A-eb7fac,2023-12-26,,Pro,12,588,7056,False,False,False,False,monthly,True,0,Company_28,DevTools,US,2023-10-28,organic,3.0,210.48333333333332,4.0,3.0,4.0,4.0,34.0,1
S-6d4050,A-854864,2024-12-09,,Enterprise,20,3980,47760,False,False,False,False,monthly,True,0,Company_38,FinTech,IN,2024-12-07,event,3.0,67.55,2.0,3.0,5.0,4.8,44.2,1
S-3bb329,A-1e1b80,2024-07-21,,Pro,50,2450,29400,False,False,False,False,monthly,True,0,Company_416,FinTech,CA,2023-09-12,other,6.0,413.46666666666664,3.0,6.0,6.0,3.2,43.0,0
S-f639fb,A-9f2731,2024-10-12,,Pro,27,0,0,True,False,False,False,monthly,True,0,Company_24,FinTech,IN,2024-10-04,event,4.0,210.76666666666668,2.0,4.0,0.0,,,0
S-466093,A-883b7d,2024-08-17,,Basic,78,1482,17784,False,False,False,False,annual,True,0,Company_313,Cybersecurity,IN,2024-03-28,other,4.0,192.03333333333333,3.0,4.0,7.0,3.6,25.571428571428573,0
S-8bbfcd,A-eb1312,2024-12-02,,Basic,25,475,5700,False,False,False,False,annual,False,0,Company_322,FinTech,US,2024-09-16,partner,9.0,472.21666666666664,9.0,9.0,1.0,5.0,68.0,0
S-ff23a7,A-35083d,2024-08-04,,Pro,48,0,0,True,False,False,False,monthly,True,0,Company_27,HealthTech,IN,2023-04-28,partner,2.0,46.71666666666667,1.0,2.0,4.0,5.0,49.75,1
S-c92099,A-7f4db3,2024-12-08,2024-12-14,Enterprise,24,4776,57312,False,False,False,True,annual,True,1,Company_441,FinTech,US,2023-03-05,other,6.0,270.8333333333333,2.0,6.0,5.0,3.25,16.6,0
S-188518,A-86fc1d,2024-11-08,,Enterprise,26,0,0,True,False,False,False,monthly,True,0,Company_328,DevTools,UK,2024-07-26,partner,3.0,111.93333333333334,2.0,3.0,5.0,4.0,27.0,1
S-4f8c90,A-32fb14,2024-03-18,,Basic,29,551,6612,False,False,False,False,annual,True,0,Company_25,DevTools,US,2023-03-07,event,6.0,377.1333333333333,1.0,6.0,5.0,4.5,34.0,0
S-495e57,A-bbc346,2024-08-31,2024-10-26,Pro,20,980,11760,False,True,False,True,annual,True,1,Company_138,FinTech,US,2024-08-29,partner,4.0,133.81666666666666,0.0,4.0,3.0,4.5,45.333333333333336,0
S-3fbf9e,A-00bed1,2024-04-06,,Pro,28,1372,16464,False,False,False,False,monthly,True,0,Company_306,Cybersecurity,US,2023-11-14,ads,6.0,324.8333333333333,3.0,6.0,4.0,4.0,31.75,0
S-15be1c,A-b20d99,2024-09-26,,Pro,27,1323,15876,False,False,False,False,monthly,True,0,Company_29,HealthTech,IN,2023-09-27,other,6.0,242.45,3.0,6.0,2.0,3.5,61.5,0
S-a18ab0,A-309e54,2024-12-21,,Pro,15,735,8820,False,False,False,False,monthly,True,0,Company_371,DevTools,US,2024-12-09,other,8.0,504.1333333333333,0.0,8.0,5.0,3.0,23.8,0
S-008cab,A-202b67,2024-05-31,,Pro,11,539,6468,False,False,False,False,monthly,False,0,Company_305,HealthTech,US,2024-03-22,organic,9.0,472.6,8.0,9.0,4.0,4.666666666666667,36.75,0
S-09950d,A-5f2961,2024-11-27,,Enterprise,7,1393,16716,False,False,False,False,annual,True,0,Company_284,HealthTech,US,2024-11-22,partner,7.0,260.6166666666667,4.0,7.0,1.0,,53.0,0
S-8b24a0,A-309e54,2024-12-29,2024-12-30,Pro,33,1617,19404,False,False,False,True,monthly,True,1,Company_371,DevTools,US,2024-12-09,other,3.0,142.93333333333334,3.0,3.0,5.0,3.0,23.8,1
S-648618,A-726cfa,2023-09-07,,Pro,21,1029,12348,False,False,False,False,monthly,False,0,Company_82,DevTools,US,2023-07-01,partner,2.0,99.8,0.0,2.0,3.0,4.0,35.666666666666664,1
S-d9659f,A-aa9511,2024-07-04,,Enterprise,23,4577,54924,False,False,False,False,annual,False,0,Company_203,DevTools,US,2023-10-10,other,7.0,334.21666666666664,3.0,7.0,2.0,4.0,56.5,0
S-ddbad0,A-bad8c1,2023-09-16,,Basic,42,798,9576,False,False,False,False,monthly,True,0,Company_34,FinTech,AU,2023-03-01,organic,3.0,164.23333333333332,0.0,3.0,1.0,4.0,27.0,1
S-1f9da0,A-977ca0,2023-10-15,,Basic,11,209,2508,False,False,False,False,monthly,False,0,Company_232,HealthTech,IN,2023-02-20,partner,7.0,334.65,5.0,7.0,3.0,4.0,64.0,0
S-74f146,A-18793f,2024-12-23,,Pro,148,7252,87024,False,False,False,False,monthly,True,0,Company_488,EdTech,US,2024-12-18,organic,2.0,27.066666666666666,0.0,2.0,5.0,3.8,45.2,1
S-e0179e,A-69fad4,2024-03-24,,Pro,13,0,0,True,False,False,False,monthly,True,0,Company_103,FinTech,UK,2023-04-06,ads,9.0,435.3,8.0,9.0,4.0,3.6666666666666665,43.0,0
S-8055fa,A-09540c,2024-08-03,2024-11-29,Basic,67,1273,15276,False,False,False,True,monthly,True,1,Company_239,Cybersecurity,CA,2023-10-30,event,5.0,165.85,4.0,5.0,2.0,4.5,28.0,0
S-c1446e,A-9289f6,2023-11-15,,Enterprise,22,0,0,True,False,False,False,monthly,True,0,Company_104,EdTech,US,2023-05-31,event,4.0,258.6666666666667,4.0,4.0,6.0,4.333333333333333,37.5,0
S-27e9ad,A-05f0e5,2023-10-18,,Basic,32,608,7296,False,False,False,False,annual,True,0,Company_40,FinTech,US,2023-05-04,partner,8.0,322.9166666666667,1.0,8.0,4.0,4.0,20.0,0
S-c08805,A-6f8ad2,2024-09-03,2024-10-03,Pro,18,882,10584,False,False,False,True,annual,True,1,Company_57,EdTech,IN,2024-07-09,organic,6.0,332.4,1.0,6.0,4.0,4.333333333333333,35.25,0
S-4012d6,A-f92792,2024-10-31,,Pro,15,735,8820,False,True,False,False,annual,True,0,Company_67,FinTech,US,2024-07-04,ads,2.0,25.6,0.0,2.0,2.0,4.0,45.0,1
S-4236fa,A-4437e4,2023-11-17,,Basic,17,323,3876,False,False,False,False,monthly,True,0,Company_192,Cybersecurity,US,2023-09-16,event,2.0,38.6,0.0,2.0,6.0,3.0,34.666666666666664,1
S-a87c2f,A-4ae22a,2024-05-28,2024-10-14,Enterprise,28,5572,66864,False,False,False,True,annual,False,1,Company_229,EdTech,US,2024-05-09,other,3.0,153.01666666666668,5.0,3.0,3.0,3.0,14.333333333333334,1
S-3df6ee,A-afa505,2024-05-10,,Enterprise,70,13930,167160,False,False,False,False,monthly,True,0,Company_157,DevTools,US,2023-12-27,partner,9.0,464.96666666666664,3.0,8.0,4.0,3.0,37.25,0
S-ca9532,A-309e54,2024-12-14,,Enterprise,15,2985,35820,False,False,False,False,annual,True,0,Company_371,DevTools,US,2024-12-09,other,5.0,226.73333333333332,2.0,5.0,5.0,3.0,23.8,0
S-be42e1,A-9f2731,2024-10-22,,Pro,39,0,0,True,False,False,False,annual,True,0,Company_24,FinTech,IN,2024-10-04,event,8.0,585.1333333333333,4.0,8.0,0.0,,,0
S-7d4d45,A-474ad4,2023-12-20,,Basic,17,323,3876,False,False,False,False,annual,True,0,Company_261,EdTech,US,2023-11-28,organic,4.0,188.96666666666667,5.0,4.0,3.0,5.0,33.0,0
S-3c5dab,A-7da956,2024-08-13,,Basic,13,247,2964,False,False,False,False,monthly,True,0,Company_141,Cybersecurity,US,2024-06-02,event,6.0,174.88333333333333,6.0,6.0,3.0,5.0,32.666666666666664,0
S-e43d0d,A-de24d5,2024-11-18,,Enterprise,37,7363,88356,False,False,False,False,annual,True,0,Company_231,DevTools,US,2024-11-05,other,6.0,331.8666666666667,2.0,6.0,7.0,3.0,43.142857142857146,0
S-f5df4a,A-58b9ff,2024-06-26,,Pro,6,294,3528,False,False,False,False,annual,False,0,Company_425,DevTools,IN,2024-05-31,partner,2.0,162.0,0.0,2.0,2.0,4.0,66.0,1
S-9925b9,A-cea1f0,2024-06-01,,Basic,25,475,5700,False,False,True,False,annual,False,0,Company_273,FinTech,US,2024-04-07,event,7.0,330.76666666666665,4.0,7.0,5.0,4.333333333333333,42.2,0
S-1ff580,A-6965e1,2024-12-26,,Enterprise,13,2587,31044,False,False,False,False,monthly,False,0,Company_379,DevTools,US,2024-11-25,organic,4.0,205.58333333333334,2.0,4.0,3.0,3.0,39.0,0
S-f40285,A-bb1eaa,2024-07-28,,Basic,21,399,4788,False,False,False,False,monthly,True,0,Company_468,Cybersecurity,US,2024-06-11,organic,3.0,164.2,3.0,3.0,6.0,4.5,23.5,1
S-c59502,A-bf7919,2024-12-07,,Enterprise,3,597,7164,False,False,False,False,monthly,True,0,Company_426,HealthTech,US,2024-11-27,organic,5.0,290.9,1.0,5.0,2.0,5.0,14.5,0
S-54283b,A-4c56c9,2024-08-27,2024-11-03,Enterprise,49,9751,117012,False,False,False,True,monthly,True,1,Company_449,FinTech,US,2023-12-20,partner,2.0,133.48333333333332,2.0,2.0,5.0,3.75,38.6,1
S-b48787,A-02fac6,2023-10-21,,Pro,22,1078,12936,False,False,False,False,annual,True,0,Company_52,FinTech,US,2023-04-06,event,5.0,360.05,3.0,5.0,6.0,4.0,23.333333333333332,0
S-d859b7,A-66224b,2024-12-30,,Enterprise,92,0,0,True,False,False,False,annual,True,0,Company_87,HealthTech,US,2024-10-18,other,5.0,240.3,0.0,5.0,6.0,3.5,39.833333333333336,0
S-49d73e,A-f44180,2024-06-30,,Enterprise,35,0,0,True,False,False,False,annual,True,0,Company_376,Cybersecurity,UK,2023-02-13,event,1.0,89.0,2.0,1.0,2.0,5.0,46.5,1
S-dfad0a,A-7d514c,2024-09-08,,Basic,17,0,0,True,False,False,False,monthly,True,0,Company_119,HealthTech,DE,2024-02-03,organic,2.0,53.3,1.0,2.0,3.0,5.0,33.333333333333336,1
S-dec1fb,A-297a2d,2023-08-30,,Enterprise,36,7164,85968,False,True,False,False,monthly,False,0,Company_448,HealthTech,UK,2023-05-05,event,6.0,266.03333333333336,3.0,6.0,2.0,3.0,32.5,0
S-90a6c9,A-c37cab,2024-10-18,,Pro,46,0,0,True,False,False,False,monthly,True,0,Company_278,Cybersecurity,UK,2024-07-29,event,3.0,146.78333333333333,3.0,3.0,4.0,3.75,33.0,1
S-e339fb,A-c1e51e,2024-10-31,2024-12-18,Enterprise,14,2786,33432,False,False,False,True,annual,True,1,Company_173,FinTech,US,2024-10-02,organic,3.0,225.05,3.0,3.0,5.0,3.2,40.0,1
S-f4a92a,A-ccb686,2024-02-02,,Pro,14,686,8232,False,False,False,False,annual,False,0,Company_491,DevTools,US,2024-01-22,other,2.0,85.93333333333334,0.0,2.0,1.0,4.0,67.0,1
S-d1f7ad,A-c222ab,2024-10-31,2024-11-29,Basic,32,608,7296,False,False,False,True,annual,False,1,Company_206,Cybersecurity,US,2024-05-10,other,4.0,268.6333333333333,3.0,4.0,4.0,5.0,39.0,0
S-81fc45,A-5a215a,2024-02-05,,Pro,87,0,0,True,False,False,False,annual,True,0,Company_358,EdTech,FR,2024-01-05,other,7.0,452.96666666666664,6.0,7.0,4.0,4.0,29.5,0
S-a25ed2,A-65aeb5,2024-08-19,2024-09-25,Enterprise,9,1791,21492,False,False,False,True,monthly,True,1,Company_120,DevTools,US,2024-01-25,partner,3.0,120.8,3.0,3.0,2.0,5.0,42.5,1
S-51b3ed,A-702032,2024-10-28,,Basic,28,532,6384,False,True,False,False,annual,True,0,Company_186,HealthTech,US,2023-10-03,ads,3.0,209.68333333333334,2.0,3.0,4.0,3.0,26.0,1
S-d604ec,A-67be94,2023-08-29,,Basic,26,494,5928,False,False,False,False,monthly,True,0,Company_276,EdTech,US,2023-04-04,organic,6.0,374.3,1.0,6.0,5.0,4.0,38.6,0
S-864b0c,A-f25509,2024-07-14,,Enterprise,32,6368,76416,False,False,False,False,annual,True,0,Company_92,EdTech,US,2024-03-22,other,4.0,128.18333333333334,2.0,4.0,6.0,4.666666666666667,42.666666666666664,0
S-4c4852,A-71615e,2024-11-06,,Basic,73,0,0,True,False,False,False,monthly,True,0,Company_167,EdTech,US,2024-05-18,organic,1.0,45.1,2.0,1.0,1.0,,49.0,1
S-7576bd,A-354f12,2024-10-18,,Enterprise,9,1791,21492,False,False,False,False,annual,True,0,Company_201,FinTech,US,2024-04-28,ads,3.0,92.81666666666666,0.0,3.0,2.0,,56.5,1
S-b41269,A-e5d6ab,2024-03-23,,Enterprise,15,2985,35820,False,False,False,False,annual,True,0,Company_7,EdTech,US,2023-04-15,partner,3.0,185.93333333333334,2.0,3.0,3.0,,42.666666666666664,1
S-786a36,A-5ed98d,2024-07-18,,Enterprise,24,4776,57312,False,False,False,False,annual,True,0,Company_479,DevTools,US,2024-06-22,partner,3.0,219.98333333333332,3.0,3.0,5.0,5.0,35.8,1
S-264c8a,A-34d880,2024-06-26,,Enterprise,7,0,0,True,False,False,False,monthly,True,0,Company_207,Cybersecurity,AU,2024-04-11,ads,5.0,134.9,6.0,5.0,5.0,3.0,52.2,0
S-196e49,A-0b0d6d,2024-12-30,,Basic,12,228,2736,False,False,False,False,monthly,True,0,Company_267,DevTools,US,2024-12-30,organic,3.0,77.0,0.0,3.0,5.0,4.0,31.4,1
S-cda242,A-71615e,2024-10-10,,Pro,22,1078,12936,False,True,False,False,annual,True,0,Company_167,EdTech,US,2024-05-18,organic,4.0,446.1,3.0,4.0,1.0,,49.0,0
S-c3d6a2,A-7f29a7,2024-12-03,,Basic,41,779,9348,False,False,False,False,annual,True,0,Company_386,Cybersecurity,UK,2024-09-18,event,6.0,472.85,1.0,6.0,1.0,4.0,24.0,0
S-43c737,A-65aeb5,2024-09-01,,Enterprise,9,1791,21492,False,False,False,False,annual,True,0,Company_120,DevTools,US,2024-01-25,partner,2.0,137.98333333333332,0.0,2.0,2.0,5.0,42.5,1
S-021ca9,A-9affe6,2024-10-01,,Basic,18,342,4104,False,False,False,False,monthly,True,0,Company_401,Cybersecurity,US,2023-03-22,other,4.0,304.9,0.0,4.0,3.0,3.0,58.0,0
S-576aec,A-7e0a10,2023-12-07,,Pro,46,2254,27048,False,False,False,False,monthly,False,0,Company_64,FinTech,US,2023-11-18,ads,1.0,87.16666666666667,2.0,1.0,5.0,4.0,39.4,1
S-6485d5,A-ac9111,2024-06-16,,Enterprise,21,4179,50148,False,False,False,False,monthly,True,0,Company_487,HealthTech,US,2023-08-12,event,3.0,146.38333333333333,0.0,3.0,3.0,5.0,24.666666666666668,1
S-de7a48,A-ccc747,2024-10-15,2024-12-30,Pro,23,1127,13524,False,False,False,True,annual,True,1,Company_339,HealthTech,FR,2024-01-12,event,7.0,295.6333333333333,1.0,7.0,4.0,5.0,32.25,0
S-7d5bf1,A-92a3af,2024-09-19,,Enterprise,27,5373,64476,False,False,False,False,monthly,True,0,Company_259,Cybersecurity,IN,2024-07-07,organic,3.0,81.06666666666666,3.0,3.0,4.0,4.0,57.5,1
S-83ee75,A-439b2f,2024-12-27,,Pro,26,1274,15288,False,True,False,False,monthly,True,0,Company_152,DevTools,US,2024-02-21,ads,2.0,56.333333333333336,0.0,2.0,3.0,,18.333333333333332,1
S-5ddeef,A-712f1c,2024-01-28,,Pro,58,0,0,True,False,False,False,annual,False,0,Company_331,DevTools,US,2023-12-16,ads,7.0,378.3833333333333,2.0,7.0,6.0,4.0,41.666666666666664,0
S-25270a,A-de24d5,2024-12-15,,Enterprise,13,2587,31044,False,False,False,False,annual,True,0,Company_231,DevTools,US,2024-11-05,other,5.0,286.68333333333334,2.0,5.0,7.0,3.0,43.142857142857146,0
S-7e09c4,A-118f1c,2024-12-21,2024-12-31,Basic,32,608,7296,False,False,False,True,annual,False,1,Company_492,Cybersecurity,US,2024-10-31,other,6.0,222.66666666666666,1.0,6.0,1.0,3.0,64.0,0
S-9efd1b,A-6a4e2d,2024-04-06,,Basic,20,380,4560,False,False,True,False,monthly,True,0,Company_46,EdTech,UK,2023-04-07,partner,6.0,338.65,0.0,6.0,2.0,4.5,18.5,0
S-b8a3b6,A-e7beab,2024-07-24,,Pro,57,2793,33516,False,False,False,False,annual,True,0,Company_458,EdTech,DE,2023-10-20,organic,4.0,216.61666666666667,1.0,4.0,6.0,4.0,36.666666666666664,0
S-1db3e6,A-c608c8,2024-08-28,,Basic,5,95,1140,False,False,False,False,monthly,True,0,Company_199,DevTools,DE,2023-04-27,ads,5.0,201.91666666666666,5.0,5.0,2.0,3.0,59.0,0
S-17c51e,A-462d45,2024-11-25,2024-12-12,Pro,61,2989,35868,False,False,False,True,annual,True,1,Company_13,Cybersecurity,US,2024-01-15,partner,5.0,214.6,0.0,5.0,4.0,4.0,26.75,0
S-b9fe85,A-2d1036,2024-07-03,,Enterprise,69,13731,164772,False,False,False,False,monthly,True,0,Company_399,FinTech,US,2024-06-14,ads,3.0,118.61666666666666,1.0,3.0,5.0,4.6,37.8,1
S-c62428,A-1f0636,2024-11-17,,Enterprise,105,20895,250740,False,False,False,False,annual,False,0,Company_368,EdTech,AU,2024-01-01,partner,9.0,672.6166666666667,2.0,9.0,2.0,3.5,38.5,0
S-6eeae1,A-c70870,2024-12-29,,Pro,94,4606,55272,False,False,False,False,annual,True,0,Company_253,Cybersecurity,US,2024-10-22,partner,2.0,99.58333333333333,3.0,2.0,5.0,4.0,35.6,1
S-79ef9b,A-4e960a,2024-04-02,,Enterprise,23,4577,54924,False,False,False,False,annual,True,0,Company_277,FinTech,US,2024-01-17,other,6.0,358.1166666666667,2.0,6.0,6.0,4.0,29.166666666666668,0
S-0455a5,A-993085,2024-10-22,2024-11-10,Enterprise,42,8358,100296,False,True,False,True,monthly,False,1,Company_258,HealthTech,US,2023-06-01,ads,4.0,73.71666666666667,4.0,4.0,4.0,3.5,46.5,0
S-ae093b,A-d27f50,2024-11-29,,Enterprise,44,0,0,True,False,False,False,monthly,True,0,Company_163,Cybersecurity,UK,2024-07-20,ads,3.0,102.2,4.0,3.0,4.0,3.75,37.5,1
S-72e73f,A-dbc825,2024-01-26,,Enterprise,19,3781,45372,False,True,False,False,annual,False,0,Company_252,EdTech,FR,2024-01-07,partner,3.0,163.98333333333332,1.0,3.0,6.0,4.0,49.5,1
S-8c118d,A-b179bf,2024-10-27,,Pro,43,0,0,True,False,False,False,monthly,True,0,Company_348,Cybersecurity,IN,2024-10-27,ads,7.0,238.58333333333334,5.0,7.0,6.0,4.0,24.666666666666668,0
S-ab7a04,A-098560,2024-09-05,,Basic,7,133,1596,False,False,False,False,annual,True,0,Company_349,DevTools,UK,2023-10-21,ads,2.0,17.483333333333334,0.0,2.0,2.0,3.0,28.0,1
S-761518,A-00cac8,2024-09-05,,Pro,8,392,4704,False,False,False,False,monthly,True,0,Company_26,HealthTech,AU,2023-09-15,organic,3.0,181.53333333333333,4.0,3.0,2.0,,33.0,1
S-f49f24,A-ccc747,2024-07-14,,Pro,16,784,9408,False,False,False,False,annual,False,0,Company_339,HealthTech,FR,2024-01-12,event,7.0,359.3666666666667,3.0,7.0,4.0,5.0,32.25,0
S-22083e,A-6e7827,2024-12-19,,Pro,17,833,9996,False,False,False,False,annual,True,0,Company_372,DevTools,US,2023-03-26,other,8.0,437.5,3.0,8.0,2.0,3.5,51.0,0
S-c14eeb,A-fce879,2024-09-28,,Basic,33,627,7524,False,False,False,False,monthly,True,0,Company_291,EdTech,UK,2024-09-24,partner,5.0,267.2,10.0,5.0,2.0,4.0,28.0,0
S-804965,A-157070,2024-03-31,,Enterprise,35,6965,83580,False,False,False,False,monthly,True,0,Company_85,FinTech,US,2023-11-09,ads,6.0,263.46666666666664,1.0,6.0,3.0,3.0,42.333333333333336,0
S-19abcf,A-940b8b,2024-09-10,,Pro,17,833,9996,False,False,False,False,annual,True,0,Company_398,HealthTech,DE,2024-03-19,organic,6.0,375.75,11.0,6.0,3.0,4.0,41.333333333333336,0
S-004d19,A-bece89,2024-03-03,,Enterprise,26,5174,62088,False,False,False,False,annual,True,0,Company_128,Cybersecurity,IN,2023-12-01,event,2.0,93.6,0.0,2.0,4.0,4.0,32.5,1
S-11939f,A-40906c,2024-10-14,,Basic,92,1748,20976,False,False,False,False,monthly,True,0,Company_235,EdTech,US,2024-03-27,ads,4.0,255.4,3.0,4.0,5.0,3.75,29.2,0
S-6cea1b,A-158f4e,2024-11-18,,Pro,61,2989,35868,False,False,False,False,monthly,True,0,Company_180,FinTech,IN,2023-03-03,other,2.0,13.733333333333333,0.0,2.0,5.0,4.333333333333333,27.6,1
S-74be40,A-a8d89d,2024-04-12,,Enterprise,13,2587,31044,False,True,False,False,monthly,False,0,Company_326,EdTech,US,2023-12-08,ads,9.0,470.18333333333334,6.0,9.0,2.0,5.0,44.5,0
S-8f9410,A-098560,2024-07-19,,Enterprise,3,597,7164,False,False,False,False,annual,True,0,Company_349,DevTools,UK,2023-10-21,ads,7.0,546.3,7.0,7.0,2.0,3.0,28.0,0
S-395a98,A-c7e58b,2024-07-29,,Basic,16,304,3648,False,False,False,False,monthly,True,0,Company_404,HealthTech,IN,2023-06-25,other,4.0,256.21666666666664,1.0,4.0,5.0,3.5,30.6,0
S-151b22,A-533452,2024-12-18,,Basic,9,171,2052,False,False,False,False,annual,True,0,Company_279,DevTools,AU,2024-11-12,organic,8.0,453.2,1.0,8.0,4.0,4.0,32.75,0
S-6b0789,A-34d880,2024-07-04,,Pro,14,686,8232,False,False,False,False,monthly,True,0,Company_207,Cybersecurity,AU,2024-04-11,ads,7.0,244.56666666666666,3.0,7.0,5.0,3.0,52.2,0
S-f94b9b,A-82861f,2024-10-16,2024-11-08,Pro,41,2009,24108,False,False,False,True,annual,True,1,Company_350,DevTools,UK,2024-04-25,organic,2.0,44.21666666666667,0.0,2.0,5.0,3.2,24.4,1
S-0e068c,A-40de06,2024-09-13,,Basic,60,1140,13680,False,False,False,False,annual,True,0,Company_369,Cybersecurity,US,2023-05-08,event,3.0,64.46666666666667,0.0,3.0,3.0,4.0,40.333333333333336,1
S-212fc4,A-c608c8,2023-10-15,,Enterprise,6,1194,14328,False,False,False,False,monthly,True,0,Company_199,DevTools,DE,2023-04-27,ads,4.0,265.78333333333336,1.0,4.0,2.0,3.0,59.0,0
S-eec056,A-c222ab,2024-10-07,,Basic,32,608,7296,False,True,False,False,monthly,True,0,Company_206,Cybersecurity,US,2024-05-10,other,9.0,566.1666666666666,4.0,9.0,4.0,5.0,39.0,0
S-28e360,A-ad64c6,2024-11-20,,Enterprise,28,5572,66864,False,False,False,False,annual,True,0,Company_175,DevTools,UK,2024-02-23,event,3.0,134.15,2.0,3.0,4.0,5.0,34.0,1
S-52119f,A-02fac6,2023-11-20,,Enterprise,22,4378,52536,False,False,False,False,monthly,True,0,Company_52,FinTech,US,2023-04-06,event,9.0,602.6833333333333,2.0,9.0,6.0,4.0,23.333333333333332,0
S-008f3c,A-e98302,2024-12-23,2024-12-28,Pro,58,2842,34104,False,False,False,True,annual,True,1,Company_286,EdTech,US,2023-12-26,ads,1.0,32.5,0.0,1.0,9.0,4.142857142857143,44.44444444444444,1
S-82c91a,A-462d45,2024-12-10,,Pro,30,1470,17640,False,False,False,False,annual,True,0,Company_13,Cybersecurity,US,2024-01-15,partner,5.0,308.81666666666666,1.0,5.0,4.0,4.0,26.75,0
S-fcab86,A-9f0b68,2024-08-04,,Enterprise,17,3383,40596,False,False,False,False,annual,True,0,Company_489,EdTech,US,2024-04-28,ads,5.0,102.71666666666667,0.0,5.0,3.0,3.0,30.333333333333332,0
S-92b77f,A-7dacce,2024-11-27,,Pro,12,588,7056,False,False,False,False,annual,False,0,Company_8,Cybersecurity,CA,2024-09-10,event,7.0,528.0666666666667,6.0,7.0,4.0,3.6666666666666665,32.5,0
S-099dbc,A-812c5b,2024-07-21,,Pro,55,2695,32340,False,False,False,False,monthly,True,0,Company_395,DevTools,CA,2024-02-25,organic,7.0,243.8,2.0,7.0,4.0,4.0,27.0,0
S-da7f1f,A-1f0ac7,2023-12-04,,Pro,24,1176,14112,False,False,False,False,monthly,False,0,Company_3,HealthTech,UK,2023-08-27,other,6.0,173.95,4.0,6.0,2.0,,29.0,0
S-62641a,A-4c56c9,2024-11-29,2024-12-03,Enterprise,18,3582,42984,False,False,False,True,monthly,False,1,Company_449,FinTech,US,2023-12-20,partner,6.0,360.23333333333335,2.0,6.0,5.0,3.75,38.6,0
S-2c3b6d,A-a2485e,2024-12-05,,Enterprise,17,3383,40596,False,False,False,False,annual,True,0,Company_467,FinTech,US,2024-08-04,event,4.0,198.1,3.0,4.0,0.0,,,0
S-3e0c24,A-271f46,2023-03-29,,Basic,38,722,8664,False,False,False,False,annual,True,0,Company_84,DevTools,US,2023-02-09,event,2.0,46.7,0.0,2.0,1.0,,36.0,1
S-9d7fa9,A-a865bd,2024-01-17,,Pro,38,1862,22344,False,False,False,False,monthly,True,0,Company_297,Cybersecurity,US,2023-09-19,organic,4.0,244.06666666666666,2.0,4.0,2.0,3.0,31.5,0
S-9f13f8,A-f3ff05,2024-10-07,,Basic,2,38,456,False,False,False,False,annual,True,0,Company_44,FinTech,IN,2024-07-06,other,6.0,429.0833333333333,1.0,6.0,3.0,3.5,42.666666666666664,0
S-0359cf,A-afa505,2024-02-10,,Pro,70,0,0,True,False,False,False,annual,False,0,Company_157,DevTools,US,2023-12-27,partner,6.0,396.2,1.0,6.0,4.0,3.0,37.25,0
S-f29976,A-977ca0,2023-06-10,,Pro,6,0,0,True,False,False,False,annual,True,0,Company_232,HealthTech,IN,2023-02-20,partner,6.0,407.78333333333336,0.0,6.0,3.0,4.0,64.0,0
S-23281c,A-69fad4,2023-07-24,,Basic,15,285,3420,False,False,False,False,monthly,True,0,Company_103,FinTech,UK,2023-04-06,ads,8.0,529.85,3.0,8.0,4.0,3.6666666666666665,43.0,0
S-b4536d,A-7a0d69,2024-11-20,,Basic,20,380,4560,False,False,False,False,annual,True,0,Company_187,DevTools,DE,2024-06-15,ads,2.0,89.15,0.0,2.0,2.0,5.0,29.0,1
S-e5a001,A-922109,2024-10-20,,Basic,9,0,0,True,False,False,False,monthly,True,0,Company_243,Cybersecurity,US,2024-01-26,ads,3.0,191.0,0.0,3.0,3.0,3.0,25.333333333333332,1
S-d56a2c,A-751bd4,2024-10-29,,Pro,35,0,0,True,False,False,False,annual,True,0,Company_408,Cybersecurity,UK,2024-07-12,partner,8.0,443.31666666666666,0.0,8.0,6.0,4.25,23.166666666666668,0
S-5ab139,A-30b4ca,2024-05-24,,Enterprise,86,17114,205368,False,False,False,False,annual,True,0,Company_23,EdTech,IN,2024-05-20,organic,6.0,438.81666666666666,4.0,6.0,3.0,4.0,57.666666666666664,0
S-1e5fd7,A-ac9111,2024-10-18,,Basic,21,399,4788,False,False,False,False,monthly,True,0,Company_487,HealthTech,US,2023-08-12,event,6.0,380.9166666666667,1.0,6.0,3.0,5.0,24.666666666666668,0
S-1c7a41,A-4f18f0,2024-12-20,,Basic,24,456,5472,False,False,False,False,monthly,True,0,Company_145,DevTools,CA,2024-04-21,other,3.0,198.35,0.0,3.0,5.0,4.0,39.2,1
S-b7feb8,A-075038,2024-05-08,,Basic,37,703,8436,False,False,False,False,annual,False,0,Company_397,HealthTech,UK,2023-05-12,ads,4.0,190.31666666666666,1.0,4.0,2.0,3.0,43.5,0
S-b89456,A-13466a,2024-09-01,2024-12-31,Enterprise,4,796,9552,False,False,False,True,monthly,True,1,Company_196,DevTools,AU,2023-10-22,event,5.0,330.28333333333336,8.0,5.0,3.0,4.333333333333333,32.333333333333336,0
S-e93577,A-bb2f49,2024-11-14,,Pro,85,4165,49980,False,True,False,False,monthly,True,0,Company_356,Cybersecurity,US,2023-05-28,other,4.0,215.21666666666667,3.0,4.0,3.0,4.0,22.333333333333332,0
S-69a2d8,A-dcc2f0,2023-12-03,,Pro,15,735,8820,False,False,False,False,monthly,True,0,Company_309,FinTech,UK,2023-07-22,organic,3.0,136.23333333333332,0.0,3.0,2.0,,27.0,1
S-00fb6e,A-c16101,2024-10-22,,Basic,13,247,2964,False,False,False,False,monthly,True,0,Company_139,EdTech,IN,2024-09-06,other,5.0,295.23333333333335,0.0,5.0,4.0,5.0,28.0,0
S-26bc22,A-59f724,2024-07-23,,Enterprise,3,597,7164,False,True,False,False,annual,False,0,Company_432,HealthTech,US,2023-11-03,other,5.0,202.76666666666668,2.0,5.0,4.0,4.25,19.25,0
S-77ba64,A-bd4513,2024-11-16,,Basic,66,1254,15048,False,True,False,False,annual,True,0,Company_205,DevTools,AU,2024-11-06,event,4.0,249.43333333333334,1.0,4.0,3.0,4.666666666666667,42.0,0
S-6f04a4,A-417d2f,2024-09-14,,Pro,4,196,2352,False,False,False,False,monthly,True,0,Company_285,Cybersecurity,IN,2023-07-04,partner,3.0,104.63333333333334,0.0,3.0,6.0,4.333333333333333,43.5,1
S-0268ba,A-9f0b68,2024-07-20,,Enterprise,33,6567,78804,False,False,False,False,annual,True,0,Company_489,EdTech,US,2024-04-28,ads,7.0,282.1666666666667,5.0,7.0,3.0,3.0,30.333333333333332,0
S-0abd10,A-016043,2024-11-23,2024-12-21,Enterprise,24,4776,57312,False,True,False,True,annual,True,1,Company_405,EdTech,CA,2024-07-31,organic,4.0,138.0,5.0,4.0,3.0,4.0,30.333333333333332,0
S-dab0d8,A-439b2f,2024-05-16,,Basic,6,114,1368,False,False,False,False,annual,True,0,Company_152,DevTools,US,2024-02-21,ads,3.0,210.13333333333333,0.0,3.0,3.0,,18.333333333333332,1
S-046595,A-ed510f,2023-12-28,,Enterprise,42,8358,100296,False,True,False,False,annual,True,0,Company_361,Cybersecurity,IN,2023-01-17,partner,7.0,362.0833333333333,4.0,7.0,9.0,4.0,44.55555555555556,0
S-5aaf6f,A-6965e1,2024-12-12,,Enterprise,13,2587,31044,False,False,False,False,annual,True,0,Company_379,DevTools,US,2024-11-25,organic,3.0,166.1,3.0,3.0,3.0,3.0,39.0,1
S-a10469,A-5247b3,2024-10-14,,Pro,16,784,9408,False,False,False,False,annual,True,0,Company_375,FinTech,UK,2024-03-12,partner,2.0,157.23333333333332,0.0,2.0,5.0,4.0,45.8,1
S-cbf8e8,A-d4e0d4,2024-11-23,,Basic,117,2223,26676,False,False,False,False,monthly,True,0,Company_403,FinTech,US,2024-10-18,other,8.0,355.96666666666664,3.0,8.0,4.0,4.0,39.25,0
S-a0e1dc,A-712426,2024-12-19,,Basic,119,2261,27132,False,False,False,False,monthly,True,0,Company_155,HealthTech,US,2024-11-10,other,9.0,411.73333333333335,9.0,9.0,6.0,4.4,37.333333333333336,0
S-127d0b,A-1e50e0,2024-05-04,,Pro,19,931,11172,False,False,False,False,monthly,True,0,Company_415,Cybersecurity,DE,2023-02-21,other,3.0,79.61666666666666,4.0,3.0,2.0,5.0,20.5,1
S-2fed82,A-5b4ebb,2024-07-11,,Basic,21,399,4788,False,False,False,False,monthly,True,0,Company_69,Cybersecurity,UK,2024-07-10,other,4.0,280.9,0.0,4.0,5.0,4.75,35.4,0
S-2f07f6,A-9208f0,2024-03-20,,Pro,49,0,0,True,False,False,False,monthly,False,0,Company_79,EdTech,US,2023-05-11,organic,9.0,241.43333333333334,7.0,9.0,8.0,3.3333333333333335,41.25,0
S-448b6d,A-8adedc,2024-06-08,,Basic,19,361,4332,False,False,False,False,monthly,False,0,Company_300,EdTech,US,2024-02-11,event,4.0,193.01666666666668,4.0,4.0,4.0,4.0,49.25,0
S-c61dc9,A-f92792,2024-12-15,,Basic,19,361,4332,False,False,False,False,annual,False,0,Company_67,FinTech,US,2024-07-04,ads,3.0,88.3,0.0,3.0,2.0,4.0,45.0,1
S-a7ad50,A-82d8a6,2024-12-18,,Basic,18,342,4104,False,False,False,False,monthly,True,0,Company_444,Cybersecurity,UK,2024-11-28,ads,4.0,205.28333333333333,7.0,4.0,5.0,3.5,42.2,0
S-b037c5,A-0a282f,2024-10-07,,Pro,20,980,11760,False,False,True,False,annual,True,0,Company_2,DevTools,US,2024-08-27,organic,7.0,387.56666666666666,4.0,7.0,3.0,4.666666666666667,43.666666666666664,0
S-bdd2e4,A-ce66f8,2024-05-16,,Basic,29,551,6612,False,False,False,False,annual,True,0,Company_17,EdTech,CA,2023-08-23,event,8.0,268.96666666666664,9.0,8.0,6.0,3.5,41.666666666666664,0
S-8d89a8,A-5f2961,2024-12-03,,Enterprise,16,3184,38208,False,False,False,False,monthly,True,0,Company_284,HealthTech,US,2024-11-22,partner,4.0,174.4,1.0,4.0,1.0,,53.0,0
S-00bb84,A-4f18f0,2024-07-07,,Pro,24,1176,14112,False,False,False,False,annual,True,0,Company_145,DevTools,CA,2024-04-21,other,8.0,338.65,5.0,8.0,5.0,4.0,39.2,0
S-c5bec0,A-1986ca,2024-09-21,,Enterprise,20,3980,47760,False,False,False,False,annual,True,0,Company_197,HealthTech,IN,2023-01-30,ads,5.0,223.51666666666668,4.0,5.0,7.0,3.4,36.57142857142857,0
S-e6029e,A-9174e0,2024-12-19,,Enterprise,37,7363,88356,False,False,False,False,monthly,True,0,Company_73,Cybersecurity,US,2024-12-04,partner,7.0,458.1166666666667,11.0,7.0,2.0,5.0,39.0,0
S-f8008a,A-eb2fdc,2024-07-07,,Enterprise,31,6169,74028,False,False,False,False,annual,True,0,Company_216,DevTools,AU,2023-11-21,organic,2.0,192.85,0.0,2.0,5.0,4.5,33.6,1
S-db89df,A-1f0636,2024-05-29,,Enterprise,105,20895,250740,False,True,False,False,annual,True,0,Company_368,EdTech,AU,2024-01-01,partner,0.0,0.0,0.0,0.0,2.0,3.5,38.5,1
S-700036,A-02cd81,2024-03-31,,Basic,44,836,10032,False,False,False,False,annual,True,0,Company_76,HealthTech,IN,2024-03-28,other,7.0,343.93333333333334,3.0,7.0,3.0,4.5,17.333333333333332,0
S-7925f0,A-87aa7b,2024-09-24,,Enterprise,24,4776,57312,False,False,False,False,monthly,True,0,Company_433,HealthTech,US,2024-05-16,organic,5.0,240.65,3.0,5.0,3.0,,27.333333333333332,0
S-1877a6,A-d77f4c,2024-03-31,,Pro,6,294,3528,False,False,False,False,monthly,True,0,Company_470,DevTools,US,2023-09-25,partner,4.0,222.28333333333333,3.0,4.0,2.0,4.0,31.0,0
S-6b6cd7,A-d792a6,2023-04-04,,Enterprise,6,0,0,True,False,False,False,monthly,True,0,Company_486,DevTools,US,2023-01-23,organic,3.0,156.46666666666667,0.0,3.0,5.0,4.0,40.6,1
S-3ed1f5,A-7920cc,2024-02-19,,Enterprise,39,7761,93132,False,False,False,False,monthly,True,0,Company_412,Cybersecurity,FR,2023-11-23,ads,1.0,33.3,2.0,1.0,7.0,4.333333333333333,32.857142857142854,1
S-cf59a0,A-c16cf7,2024-11-02,,Basic,18,0,0,True,False,False,False,monthly,True,0,Company_377,EdTech,US,2024-10-16,event,2.0,119.43333333333334,1.0,2.0,3.0,3.5,48.333333333333336,1
S-78e1c6,A-7e0a10,2024-02-28,,Enterprise,46,9154,109848,False,False,False,False,monthly,False,0,Company_64,FinTech,US,2023-11-18,ads,7.0,353.3,3.0,7.0,5.0,4.0,39.4,0
S-ce5636,A-4c56c9,2024-11-14,,Basic,30,0,0,True,False,False,False,annual,True,0,Company_449,FinTech,US,2023-12-20,partner,3.0,216.7,6.0,3.0,5.0,3.75,38.6,1
S-0c9600,A-2b9d3e,2023-09-06,,Basic,11,209,2508,False,False,False,False,annual,True,0,Company_319,EdTech,US,2023-06-04,partner,2.0,164.23333333333332,0.0,2.0,3.0,5.0,34.666666666666664,1
S-0a6b6b,A-d42431,2024-06-11,,Basic,22,418,5016,False,False,True,False,monthly,True,0,Company_378,FinTech,FR,2024-06-09,ads,5.0,278.95,1.0,5.0,4.0,4.0,24.25,0
S-054897,A-de58ca,2024-01-06,,Pro,15,735,8820,False,False,False,False,monthly,False,0,Company_212,HealthTech,DE,2023-04-13,organic,6.0,199.31666666666666,2.0,6.0,5.0,3.3333333333333335,30.6,0
S-b81c82,A-9289f6,2024-12-17,,Pro,25,1225,14700,False,True,False,False,annual,False,0,Company_104,EdTech,US,2023-05-31,event,3.0,174.68333333333334,2.0,3.0,6.0,4.333333333333333,37.5,1
S-c9eecb,A-6c093d,2024-10-10,,Basic,9,171,2052,False,False,False,False,annual,True,0,Company_12,DevTools,US,2023-04-14,partner,5.0,239.68333333333334,0.0,5.0,3.0,5.0,40.333333333333336,0
S-2c53ad,A-c222ab,2024-09-19,,Enterprise,32,6368,76416,False,False,False,False,monthly,True,0,Company_206,Cybersecurity,US,2024-05-10,other,7.0,348.75,5.0,7.0,4.0,5.0,39.0,0
S-9eb2c5,A-bb3bd4,2024-09-16,,Basic,23,437,5244,False,True,False,False,monthly,True,0,Company_340,HealthTech,US,2024-01-27,ads,6.0,219.7,3.0,6.0,11.0,4.142857142857143,32.72727272727273,0
S-d0c339,A-31ab9a,2024-08-29,,Pro,19,0,0,True,False,False,False,annual,True,0,Company_460,FinTech,DE,2024-03-03,organic,7.0,418.6666666666667,5.0,7.0,7.0,3.5,43.142857142857146,0
S-6f43f7,A-e36807,2024-07-22,,Enterprise,14,2786,33432,False,False,False,False,annual,True,0,Company_164,EdTech,AU,2024-05-17,other,4.0,180.13333333333333,0.0,4.0,2.0,4.5,41.0,0
S-d43ad9,A-8bde0c,2024-12-14,,Pro,13,637,7644,False,False,False,False,annual,False,0,Company_287,DevTools,US,2024-11-04,organic,7.0,284.4,1.0,7.0,3.0,4.0,25.666666666666668,0
S-b04174,A-5b4ebb,2024-10-15,,Basic,21,399,4788,False,False,False,False,monthly,True,0,Company_69,Cybersecurity,UK,2024-07-10,other,9.0,365.75,5.0,9.0,5.0,4.75,35.4,0
S-62aa3c,A-5b1bcd,2023-11-27,,Enterprise,73,14527,174324,False,True,False,False,monthly,True,0,Company_166,DevTools,US,2023-09-16,organic,5.0,333.78333333333336,2.0,5.0,4.0,4.5,43.25,0
S-d88b25,A-474ad4,2024-12-29,,Enterprise,24,4776,57312,False,False,False,False,annual,False,0,Company_261,EdTech,US,2023-11-28,organic,1.0,4.95,0.0,1.0,3.0,5.0,33.0,1
S-14a685,A-692f18,2024-07-29,,Enterprise,7,1393,16716,False,False,False,False,monthly,False,0,Company_195,EdTech,US,2024-03-28,other,5.0,241.53333333333333,1.0,5.0,2.0,5.0,37.5,0
S-4977c8,A-3be56b,2023-11-22,2024-02-23,Enterprise,3,0,0,True,False,False,True,annual,False,1,Company_200,HealthTech,IN,2023-10-26,event,4.0,169.16666666666666,3.0,4.0,4.0,3.5,40.25,0
S-2e1ceb,A-ccb686,2024-03-23,,Enterprise,12,0,0,True,True,False,False,annual,False,0,Company_491,DevTools,US,2024-01-22,other,9.0,437.65,8.0,9.0,1.0,4.0,67.0,0
S-59f0a6,A-104f1a,2024-09-02,2024-11-28,Pro,123,6027,72324,False,False,False,True,monthly,False,1,Company_89,Cybersecurity,US,2024-08-17,other,7.0,315.1,2.0,7.0,5.0,3.75,33.2,0
S-66106d,A-186a44,2024-11-02,,Enterprise,20,0,0,True,False,False,False,monthly,False,0,Company_101,HealthTech,US,2023-08-07,ads,6.0,265.73333333333335,0.0,6.0,7.0,3.5,38.285714285714285,0
S-510e07,A-b7ef83,2024-10-20,,Enterprise,2,398,4776,False,True,False,False,monthly,True,0,Company_474,Cybersecurity,UK,2024-05-29,partner,7.0,428.51666666666665,4.0,7.0,2.0,4.0,47.5,0
S-b7d99d,A-9f0b68,2024-11-28,,Basic,14,266,3192,False,False,False,False,annual,True,0,Company_489,EdTech,US,2024-04-28,ads,2.0,146.08333333333334,0.0,2.0,3.0,3.0,30.333333333333332,1
S-debbee,A-3a7284,2024-11-28,2024-12-11,Basic,73,1387,16644,False,False,False,True,annual,True,1,Company_93,FinTech,US,2024-11-17,organic,4.0,175.91666666666666,0.0,4.0,3.0,3.5,56.333333333333336,0
S-c348d2,A-4a267b,2024-06-17,,Basic,25,475,5700,False,False,False,False,annual,True,0,Company_451,FinTech,US,2024-05-05,other,6.0,310.8,0.0,6.0,4.0,4.333333333333333,16.25,0
S-d0259a,A-4e0e85,2024-02-22,,Enterprise,6,1194,14328,False,False,False,False,monthly,True,0,Company_409,DevTools,US,2023-09-08,organic,4.0,239.36666666666667,0.0,4.0,2.0,5.0,53.0,0
S-5f1d80,A-600734,2024-04-17,,Basic,29,551,6612,False,False,False,False,monthly,True,0,Company_327,DevTools,US,2023-11-14,organic,7.0,253.41666666666666,3.0,7.0,7.0,3.6666666666666665,52.57142857142857,0
S-f132ab,A-e2cd1b,2024-04-29,,Pro,15,735,8820,False,False,False,False,annual,True,0,Company_121,DevTools,US,2024-02-04,other,5.0,188.15,3.0,5.0,5.0,4.0,37.8,0
S-d1fb2e,A-3f9cc0,2024-08-04,,Enterprise,30,5970,71640,False,False,False,False,monthly,True,0,Company_359,HealthTech,US,2024-06-03,event,10.0,643.5333333333333,4.0,10.0,5.0,4.5,34.8,0
S-26da35,A-d27f50,2024-12-09,,Pro,44,2156,25872,False,True,False,False,annual,True,0,Company_163,Cybersecurity,UK,2024-07-20,ads,5.0,304.3333333333333,3.0,5.0,4.0,3.75,37.5,0
S-c92850,A-05d3b3,2023-09-30,,Pro,22,1078,12936,False,False,False,False,annual,True,0,Company_213,DevTools,AU,2023-05-28,ads,6.0,410.6333333333333,2.0,6.0,6.0,4.333333333333333,31.5,0
S-64ddbc,A-c16cf7,2024-12-18,,Basic,13,247,2964,False,False,False,False,monthly,True,0,Company_377,EdTech,US,2024-10-16,event,12.0,514.5333333333333,7.0,12.0,3.0,3.5,48.333333333333336,0
S-ef3aa2,A-5a92e7,2024-09-19,,Pro,9,441,5292,False,False,False,False,monthly,False,0,Company_413,HealthTech,US,2024-06-11,ads,7.0,491.15,7.0,7.0,7.0,4.4,45.0,0
S-0e43ad,A-cc8c8f,2024-06-21,,Enterprise,28,5572,66864,False,True,False,False,annual,True,0,Company_482,DevTools,US,2024-06-16,ads,5.0,222.25,5.0,5.0,2.0,3.5,14.5,0
S-54df4c,A-9f9299,2024-11-18,,Pro,28,1372,16464,False,False,False,False,annual,True,0,Company_133,FinTech,US,2023-09-02,organic,1.0,34.833333333333336,0.0,1.0,5.0,5.0,36.2,1
S-d8165b,A-89ee83,2024-10-18,,Basic,38,722,8664,False,False,False,False,annual,True,0,Company_312,Cybersecurity,US,2024-10-04,organic,7.0,399.21666666666664,4.0,7.0,5.0,4.0,21.8,0
S-67b7bf,A-dcc2f0,2024-10-13,,Basic,15,285,3420,False,False,False,False,monthly,False,0,Company_309,FinTech,UK,2023-07-22,organic,7.0,285.3333333333333,4.0,7.0,2.0,,27.0,0
S-e6ad38,A-b07b56,2024-11-19,,Pro,25,1225,14700,False,False,False,False,monthly,True,0,Company_292,DevTools,US,2024-11-08,event,6.0,306.48333333333335,4.0,6.0,4.0,3.0,31.25,0
S-55a520,A-726cfa,2023-08-26,,Pro,30,1470,17640,False,False,False,False,monthly,True,0,Company_82,DevTools,US,2023-07-01,partner,4.0,162.8,1.0,4.0,3.0,4.0,35.666666666666664,0
S-83a9a4,A-09316c,2024-11-26,,Pro,70,3430,41160,False,True,False,False,annual,True,0,Company_341,FinTech,AU,2024-09-11,organic,1.0,73.46666666666667,0.0,1.0,4.0,3.75,54.75,1
S-efeb9b,A-1f0636,2024-02-27,,Basic,105,0,0,True,True,False,False,annual,True,0,Company_368,EdTech,AU,2024-01-01,partner,7.0,334.3333333333333,1.0,7.0,2.0,3.5,38.5,0
S-240a09,A-5c9849,2024-12-30,,Pro,19,931,11172,False,True,False,False,monthly,False,0,Company_362,EdTech,IN,2024-11-03,partner,7.0,412.23333333333335,11.0,7.0,4.0,,59.5,0
S-f52fd6,A-f1f639,2024-09-19,,Enterprise,9,1791,21492,False,False,False,False,monthly,True,0,Company_296,EdTech,US,2023-02-26,ads,5.0,271.06666666666666,8.0,5.0,7.0,4.8,20.0,0
S-1a2fbc,A-526d93,2024-06-29,,Basic,45,855,10260,False,False,False,False,monthly,True,0,Company_66,HealthTech,FR,2024-04-14,organic,5.0,199.01666666666668,2.0,5.0,5.0,3.5,51.4,0
S-8738af,A-84ebe4,2024-03-19,,Pro,34,1666,19992,False,False,False,False,monthly,True,0,Company_68,FinTech,US,2023-03-12,ads,4.0,256.05,1.0,4.0,4.0,4.0,29.5,0
S-af1def,A-443b7c,2024-09-30,,Basic,36,684,8208,False,False,False,False,monthly,False,0,Company_280,Cybersecurity,US,2024-09-06,other,5.0,167.93333333333334,3.0,5.0,8.0,4.4,29.25,0
S-7889d9,A-bcbe98,2024-08-09,,Pro,46,2254,27048,False,False,False,False,annual,True,0,Company_452,Cybersecurity,US,2024-07-29,other,7.0,394.35,7.0,7.0,7.0,4.0,38.285714285714285,0
S-a72188,A-ced9aa,2024-12-31,,Pro,3,147,1764,False,False,False,False,annual,True,0,Company_310,DevTools,US,2024-10-05,other,4.0,154.08333333333334,5.0,4.0,7.0,3.0,28.857142857142858,0
S-0ffab0,A-e60f9d,2024-10-18,,Enterprise,58,11542,138504,False,False,False,False,annual,True,0,Company_178,FinTech,US,2024-08-26,other,1.0,26.9,0.0,1.0,2.0,,70.5,1
S-5f4afc,A-09316c,2024-11-15,,Pro,70,3430,41160,False,False,False,False,monthly,True,0,Company_341,FinTech,AU,2024-09-11,organic,6.0,310.3666666666667,8.0,6.0,4.0,3.75,54.75,0
S-3f18be,A-e2cd1b,2024-12-26,,Enterprise,16,3184,38208,False,False,False,False,annual,True,0,Company_121,DevTools,US,2024-02-04,other,3.0,36.25,3.0,3.0,5.0,4.0,37.8,1
S-e133a5,A-4a4c2d,2023-07-03,2024-01-25,Basic,54,1026,12312,False,False,False,True,monthly,True,1,Company_473,DevTools,US,2023-05-02,event,3.0,155.46666666666667,5.0,3.0,5.0,4.25,42.0,1
S-15662a,A-019782,2024-02-22,,Basic,11,0,0,True,False,False,False,annual,True,0,Company_142,DevTools,FR,2023-04-19,event,3.0,80.41666666666667,3.0,3.0,2.0,3.0,10.0,1
S-84dd93,A-acb7f7,2024-02-16,,Enterprise,32,6368,76416,False,False,False,False,annual,True,0,Company_330,EdTech,US,2024-01-06,ads,6.0,308.81666666666666,2.0,6.0,3.0,3.5,41.0,0
S-bafe35,A-1b707d,2024-10-27,,Basic,41,779,9348,False,False,False,False,annual,False,0,Company_56,Cybersecurity,US,2023-07-14,organic,8.0,272.23333333333335,4.0,8.0,3.0,,42.666666666666664,0
S-f1778c,A-1d5444,2024-04-10,,Basic,24,456,5472,False,False,False,False,monthly,True,0,Company_427,Cybersecurity,US,2024-01-18,partner,7.0,358.03333333333336,10.0,7.0,2.0,4.0,30.0,0
S-85b7d7,A-d40bf7,2024-12-27,,Basic,59,0,0,True,False,False,False,monthly,False,0,Company_11,FinTech,IN,2024-11-08,organic,5.0,315.96666666666664,2.0,5.0,2.0,5.0,20.5,0
S-df147d,A-940b8b,2024-09-13,,Enterprise,10,0,0,True,False,False,False,monthly,True,0,Company_398,HealthTech,DE,2024-03-19,organic,5.0,127.25,2.0,5.0,3.0,4.0,41.333333333333336,0
S-4ff3ae,A-eb7c38,2024-07-29,,Basic,5,95,1140,False,True,False,False,annual,True,0,Company_47,DevTools,AU,2024-02-25,organic,2.0,112.21666666666667,0.0,2.0,5.0,4.333333333333333,22.4,1
S-808efb,A-7da956,2024-11-16,,Enterprise,15,2985,35820,False,False,True,False,monthly,True,0,Company_141,Cybersecurity,US,2024-06-02,event,1.0,59.0,2.0,1.0,3.0,5.0,32.666666666666664,1
S-208e33,A-b20d99,2024-08-05,,Basic,20,380,4560,False,False,False,False,monthly,True,0,Company_29,HealthTech,IN,2023-09-27,other,3.0,80.56666666666666,3.0,3.0,2.0,3.5,61.5,1
S-a0f5ac,A-e7a1e2,2024-10-07,,Pro,13,637,7644,False,False,False,False,monthly,True,0,Company_295,Cybersecurity,US,2024-06-23,event,4.0,216.56666666666666,2.0,4.0,1.0,4.0,45.0,0
S-7079c2,A-039727,2024-12-15,,Enterprise,25,4975,59700,False,False,True,False,annual,True,0,Company_107,EdTech,AU,2024-11-02,organic,5.0,266.85,1.0,5.0,0.0,,,0
S-8789b0,A-eb7c38,2024-04-23,2024-08-02,Basic,9,171,2052,False,True,False,True,monthly,False,1,Company_47,DevTools,AU,2024-02-25,organic,5.0,311.56666666666666,4.0,5.0,5.0,4.333333333333333,22.4,0
S-b3cae6,A-6a7c9d,2024-11-12,,Enterprise,26,5174,62088,False,False,False,False,monthly,True,0,Company_324,Cybersecurity,US,2024-10-24,organic,4.0,328.53333333333336,2.0,4.0,3.0,4.0,34.333333333333336,0
S-23f506,A-9ee962,2023-09-28,2023-11-27,Basic,9,0,0,True,True,False,True,annual,True,1,Company_59,HealthTech,US,2023-02-28,ads,1.0,124.8,0.0,1.0,3.0,4.0,37.0,1
S-5b9330,A-f03140,2024-07-17,,Enterprise,27,5373,64476,False,False,True,False,monthly,True,0,Company_209,DevTools,IN,2023-11-22,event,2.0,135.0,3.0,2.0,7.0,3.6666666666666665,36.0,1
S-03ac49,A-35083d,2023-08-23,,Enterprise,19,3781,45372,False,False,False,False,monthly,True,0,Company_27,HealthTech,IN,2023-04-28,partner,3.0,78.8,2.0,3.0,4.0,5.0,49.75,1
S-ffce65,A-9ee962,2023-06-23,,Pro,9,441,5292,False,True,False,False,annual,True,0,Company_59,HealthTech,US,2023-02-28,ads,8.0,467.23333333333335,0.0,8.0,3.0,4.0,37.0,0
S-847173,A-c1dfe1,2023-12-17,,Basic,33,627,7524,False,False,False,False,monthly,True,0,Company_53,DevTools,DE,2023-08-07,ads,4.0,139.5,4.0,4.0,3.0,4.0,50.333333333333336,0
S-32e8fa,A-94d3da,2023-06-04,2023-10-21,Pro,41,2009,24108,False,False,False,True,annual,True,1,Company_61,HealthTech,US,2023-05-03,other,4.0,272.81666666666666,3.0,4.0,6.0,3.5,26.833333333333332,0
S-b70eef,A-b7b7b7,2024-11-12,,Pro,24,0,0,True,False,False,False,monthly,True,0,Company_338,FinTech,US,2024-06-30,event,5.0,138.18333333333334,5.0,5.0,3.0,5.0,17.0,0
S-e1db7e,A-186a44,2024-03-13,,Basic,20,380,4560,False,False,False,False,annual,True,0,Company_101,HealthTech,US,2023-08-07,ads,3.0,152.23333333333332,0.0,3.0,7.0,3.5,38.285714285714285,1
S-887d48,A-b07b56,2024-11-20,,Pro,25,1225,14700,False,False,False,False,annual,True,0,Company_292,DevTools,US,2024-11-08,event,5.0,165.06666666666666,0.0,5.0,4.0,3.0,31.25,0
S-4b26c5,A-f45426,2024-09-27,2024-09-28,Enterprise,9,1791,21492,False,False,False,True,monthly,True,1,Company_172,HealthTech,US,2024-08-05,organic,7.0,217.06666666666666,4.0,7.0,3.0,4.0,17.0,0
S-004eb4,A-ab438f,2024-12-05,,Enterprise,13,2587,31044,False,False,False,False,annual,True,0,Company_233,Cybersecurity,US,2024-09-13,ads,8.0,352.65,2.0,8.0,2.0,3.5,33.5,0
S-da7360,A-075038,2024-10-26,,Basic,42,798,9576,False,False,False,False,monthly,True,0,Company_397,HealthTech,UK,2023-05-12,ads,5.0,249.55,3.0,5.0,2.0,3.0,43.5,0
S-22c66b,A-49b828,2024-02-17,,Basic,24,456,5472,False,False,False,False,monthly,True,0,Company_391,FinTech,IN,2023-05-05,ads,4.0,252.43333333333334,0.0,4.0,3.0,3.5,13.666666666666666,0
S-c844bd,A-6a4e2d,2024-01-23,2024-11-03,Basic,9,171,2052,False,True,False,True,annual,True,1,Company_46,EdTech,UK,2023-04-07,partner,7.0,274.25,8.0,7.0,2.0,4.5,18.5,0
S-bbc0f7,A-b7724f,2024-09-15,,Basic,1,19,228,False,False,False,False,annual,True,0,Company_320,HealthTech,UK,2023-03-28,organic,5.0,152.03333333333333,5.0,5.0,3.0,3.0,28.666666666666668,0
S-2f9bef,A-cc1d8d,2024-12-08,,Enterprise,5,995,11940,False,False,False,False,annual,True,0,Company_440,FinTech,US,2024-12-08,other,6.0,340.1166666666667,3.0,6.0,5.0,4.5,30.2,0
S-6717d6,A-84ebe4,2023-08-12,,Enterprise,21,4179,50148,False,False,False,False,annual,False,0,Company_68,FinTech,US,2023-03-12,ads,2.0,87.76666666666667,1.0,2.0,4.0,4.0,29.5,1
S-17bedf,A-4437e4,2023-11-20,2024-09-17,Basic,3,0,0,True,False,False,True,monthly,True,1,Company_192,Cybersecurity,US,2023-09-16,event,4.0,82.83333333333333,5.0,4.0,6.0,3.0,34.666666666666664,0
S-88f1be,A-5a215a,2024-07-10,,Pro,87,4263,51156,False,True,False,False,annual,True,0,Company_358,EdTech,FR,2024-01-05,other,5.0,271.51666666666665,5.0,5.0,4.0,4.0,29.5,0
S-b3613a,A-7641d3,2023-04-24,,Enterprise,8,1592,19104,False,False,False,False,monthly,True,0,Company_429,EdTech,US,2023-02-16,partner,5.0,361.8333333333333,5.0,5.0,5.0,4.333333333333333,45.2,0
S-885aa7,A-7920cc,2024-03-11,,Enterprise,54,10746,128952,False,False,False,False,annual,True,0,Company_412,Cybersecurity,FR,2023-11-23,ads,7.0,400.75,1.0,7.0,7.0,4.333333333333333,32.857142857142854,0
S-2c64e6,A-118d55,2024-12-24,,Basic,15,285,3420,False,False,False,False,monthly,False,0,Company_65,Cybersecurity,US,2024-10-22,organic,9.0,412.28333333333336,6.0,9.0,5.0,4.333333333333333,24.2,0
S-891976,A-95b24a,2024-09-12,,Basic,38,722,8664,False,True,False,False,monthly,True,0,Company_117,FinTech,US,2023-06-06,event,6.0,270.7,4.0,5.0,5.0,4.25,21.2,0
S-9bc272,A-7da956,2024-07-20,,Pro,13,637,7644,False,False,False,False,annual,True,0,Company_141,Cybersecurity,US,2024-06-02,event,8.0,422.55,10.0,8.0,3.0,5.0,32.666666666666664,0
S-2636a7,A-1f7acb,2024-07-05,,Enterprise,64,12736,152832,False,False,True,False,annual,True,0,Company_281,FinTech,UK,2023-08-06,ads,6.0,438.8666666666667,7.0,6.0,7.0,4.4,41.714285714285715,0
S-3f48a5,A-0cc442,2024-10-04,,Basic,45,855,10260,False,False,False,False,monthly,False,0,Company_198,EdTech,US,2024-07-18,organic,5.0,276.28333333333336,2.0,5.0,3.0,3.0,37.0,0
S-58239c,A-87aa7b,2024-05-22,,Pro,24,1176,14112,False,False,False,False,monthly,True,0,Company_433,HealthTech,US,2024-05-16,organic,7.0,371.93333333333334,3.0,7.0,3.0,,27.333333333333332,0
S-e6571c,A-0be015,2024-11-03,2024-11-12,Basic,19,361,4332,False,False,False,True,annual,True,1,Company_454,FinTech,US,2024-10-15,event,3.0,138.76666666666668,0.0,3.0,7.0,4.2,40.285714285714285,1
S-66569a,A-19b2c8,2023-07-31,,Pro,20,980,11760,False,False,False,False,monthly,False,0,Company_476,DevTools,IN,2023-06-06,other,8.0,461.26666666666665,4.0,8.0,3.0,4.666666666666667,29.333333333333332,0
S-e1444a,A-139c3b,2024-12-30,,Basic,21,0,0,True,False,False,False,annual,True,0,Company_185,HealthTech,US,2024-11-21,organic,7.0,529.9,2.0,7.0,9.0,4.5,28.444444444444443,0
S-9f7b07,A-42e5e1,2024-11-28,,Pro,10,490,5880,False,False,False,False,annual,False,0,Company_118,DevTools,US,2024-07-09,ads,2.0,30.066666666666666,4.0,2.0,3.0,4.0,29.0,1
S-9f8593,A-396e5f,2024-10-23,,Enterprise,2,0,0,True,False,False,False,monthly,True,0,Company_30,Cybersecurity,CA,2024-10-02,other,7.0,289.6333333333333,3.0,7.0,5.0,4.0,24.8,0
S-ef2990,A-76fa4d,2024-11-29,,Pro,69,3381,40572,False,False,False,False,annual,True,0,Company_226,HealthTech,US,2024-11-24,event,7.0,232.48333333333332,8.0,7.0,5.0,4.5,33.4,0
S-66b994,A-7f4db3,2024-10-29,,Basic,23,0,0,True,False,True,False,annual,True,0,Company_441,FinTech,US,2023-03-05,other,3.0,244.61666666666667,1.0,3.0,5.0,3.25,16.6,1
S-8b64df,A-92a333,2023-08-04,,Basic,9,171,2052,False,False,True,False,annual,True,0,Company_116,FinTech,US,2023-03-24,event,5.0,297.6166666666667,8.0,5.0,4.0,,23.25,0
S-f57b2b,A-20736a,2024-05-09,,Pro,50,2450,29400,False,False,False,False,annual,True,0,Company_271,EdTech,IN,2024-03-16,organic,5.0,244.46666666666667,2.0,5.0,4.0,3.75,42.25,0
S-c41b43,A-9f9299,2024-11-17,,Basic,28,532,6384,False,False,False,False,monthly,True,0,Company_133,FinTech,US,2023-09-02,organic,4.0,134.7,5.0,4.0,5.0,5.0,36.2,0
S-a3455c,A-e51ec7,2024-09-16,,Enterprise,2,0,0,True,False,False,False,annual,True,0,Company_113,FinTech,CA,2023-09-23,partner,5.0,253.48333333333332,2.0,5.0,3.0,5.0,37.0,0
S-479d9a,A-463db0,2024-12-12,,Basic,37,703,8436,False,False,False,False,monthly,True,0,Company_16,HealthTech,US,2024-12-05,partner,7.0,476.1666666666667,2.0,7.0,6.0,4.25,50.166666666666664,0
S-fa03a5,A-7dacce,2024-11-27,,Pro,12,588,7056,False,False,False,False,annual,True,0,Company_8,Cybersecurity,CA,2024-09-10,event,3.0,123.4,6.0,3.0,4.0,3.6666666666666665,32.5,1
S-10ab8d,A-9f0b68,2024-09-02,,Enterprise,13,2587,31044,False,False,False,False,annual,False,0,Company_489,EdTech,US,2024-04-28,ads,2.0,79.26666666666667,3.0,2.0,3.0,3.0,30.333333333333332,1
S-1ade0b,A-22d9d2,2024-10-24,,Pro,92,4508,54096,False,True,False,False,monthly,False,0,Company_188,DevTools,FR,2024-03-22,event,6.0,271.46666666666664,4.0,6.0,6.0,4.0,16.0,0
S-a9ca9b,A-b9eed8,2024-10-06,,Enterprise,17,3383,40596,False,False,False,False,annual,True,0,Company_189,Cybersecurity,US,2024-02-23,organic,5.0,132.38333333333333,5.0,5.0,5.0,3.75,29.2,0
S-efe3f6,A-dfbd31,2024-04-27,,Pro,17,833,9996,False,False,False,False,monthly,True,0,Company_190,DevTools,UK,2023-12-04,partner,3.0,109.85,0.0,3.0,6.0,4.25,29.666666666666668,1
S-20f505,A-e1b9cd,2023-11-05,,Pro,78,3822,45864,False,False,False,False,annual,True,0,Company_484,DevTools,US,2023-02-26,event,4.0,75.63333333333334,2.0,4.0,1.0,3.0,35.0,0
S-ab3ad8,A-cd458b,2024-07-12,,Basic,10,190,2280,False,False,False,False,annual,True,0,Company_430,DevTools,US,2024-06-15,other,7.0,427.4,5.0,7.0,5.0,4.6,38.4,0
S-d3bd2f,A-81edc3,2024-06-08,,Basic,24,456,5472,False,False,False,False,monthly,True,0,Company_236,Cybersecurity,IN,2023-10-30,ads,5.0,271.6666666666667,0.0,5.0,3.0,4.0,52.666666666666664,0
S-c8a3f6,A-4e44e8,2024-09-04,,Basic,6,114,1368,False,False,False,False,monthly,False,0,Company_22,DevTools,US,2024-08-20,ads,7.0,270.31666666666666,3.0,7.0,3.0,3.3333333333333335,31.333333333333332,0
S-5cda31,A-832ec2,2024-03-04,,Basic,5,95,1140,False,False,False,False,annual,False,0,Company_19,FinTech,UK,2023-11-19,event,8.0,355.78333333333336,5.0,8.0,3.0,4.0,26.0,0
S-34cfad,A-5a3eb9,2023-12-15,,Basic,29,551,6612,False,False,False,False,annual,True,0,Company_283,DevTools,CA,2023-08-20,other,3.0,141.5,2.0,3.0,3.0,,24.0,1
S-bb84b1,A-af0cd2,2023-10-12,,Basic,30,570,6840,False,False,False,False,annual,True,0,Company_204,Cybersecurity,IN,2023-01-03,other,9.0,556.3166666666667,4.0,9.0,3.0,,54.333333333333336,0
S-73cd99,A-726cfa,2024-09-06,,Enterprise,11,0,0,True,False,False,False,monthly,True,0,Company_82,DevTools,US,2023-07-01,partner,12.0,497.95,7.0,12.0,3.0,4.0,35.666666666666664,0
S-6bc703,A-c37cab,2024-08-01,,Enterprise,13,2587,31044,False,False,False,False,monthly,True,0,Company_278,Cybersecurity,UK,2024-07-29,event,5.0,332.6666666666667,3.0,5.0,4.0,3.75,33.0,0
S-9b5676,A-1e50e0,2024-03-02,,Pro,98,4802,57624,False,False,False,False,monthly,False,0,Company_415,Cybersecurity,DE,2023-02-21,other,5.0,165.41666666666666,5.0,5.0,2.0,5.0,20.5,0
S-d30d10,A-c45b23,2024-10-06,,Basic,7,133,1596,False,False,False,False,monthly,False,0,Company_75,FinTech,UK,2023-12-08,partner,2.0,105.76666666666667,0.0,2.0,3.0,3.0,36.666666666666664,1
S-b3f236,A-712533,2024-07-15,,Enterprise,18,3582,42984,False,False,False,False,monthly,True,0,Company_498,EdTech,US,2023-07-31,organic,7.0,379.85,5.0,7.0,5.0,3.75,37.4,0
S-929a7c,A-328bd0,2023-08-10,,Basic,28,0,0,True,False,False,False,monthly,True,0,Company_237,HealthTech,AU,2023-05-16,partner,6.0,245.46666666666667,2.0,6.0,5.0,3.6666666666666665,46.0,0
S-f9092a,A-f03140,2024-07-10,,Basic,38,722,8664,False,False,False,False,monthly,True,0,Company_209,DevTools,IN,2023-11-22,event,2.0,157.23333333333332,1.0,2.0,7.0,3.6666666666666665,36.0,1
S-c5d797,A-35083d,2024-08-13,,Enterprise,19,3781,45372,False,False,False,False,monthly,True,0,Company_27,HealthTech,IN,2023-04-28,partner,2.0,54.9,0.0,2.0,4.0,5.0,49.75,1
S-99af79,A-0532a9,2024-10-05,,Basic,19,361,4332,False,False,False,False,annual,False,0,Company_170,FinTech,IN,2024-09-25,event,4.0,341.46666666666664,3.0,4.0,8.0,3.0,30.75,0
S-ce932b,A-a1b80b,2024-08-24,,Pro,16,784,9408,False,False,False,False,annual,False,0,Company_184,HealthTech,US,2023-11-27,organic,7.0,459.9166666666667,7.0,7.0,4.0,4.0,41.0,0
S-1f2b1a,A-544d0a,2024-06-22,,Pro,6,294,3528,False,False,False,False,monthly,True,0,Company_153,DevTools,US,2024-05-02,organic,11.0,529.45,4.0,11.0,2.0,4.0,38.5,0
S-a14c42,A-4d1e75,2024-10-10,,Basic,20,380,4560,False,False,False,False,monthly,True,0,Company_58,DevTools,US,2024-08-21,other,2.0,44.666666666666664,1.0,2.0,2.0,4.0,15.0,1
S-147ad7,A-54ecc2,2024-08-29,,Basic,4,76,912,False,False,False,False,annual,True,0,Company_289,Cybersecurity,US,2023-06-11,partner,7.0,479.3833333333333,5.0,7.0,5.0,5.0,37.4,0
S-69fb37,A-e4bf56,2024-12-12,,Pro,17,833,9996,False,False,False,False,annual,True,0,Company_272,HealthTech,IN,2024-10-28,ads,8.0,371.3833333333333,0.0,8.0,8.0,3.6666666666666665,29.125,0
S-d90352,A-f9cc74,2024-12-05,,Enterprise,30,0,0,True,True,False,False,annual,True,0,Company_360,DevTools,FR,2024-10-12,partner,2.0,159.06666666666666,2.0,2.0,6.0,4.0,49.833333333333336,1
S-a9a5a1,A-7c4956,2023-06-05,,Basic,9,171,2052,False,False,False,False,monthly,False,0,Company_254,DevTools,US,2023-05-06,ads,1.0,0.8,3.0,1.0,3.0,4.0,13.666666666666666,1
S-daf6b3,A-8bde0c,2024-11-04,,Pro,12,588,7056,False,False,False,False,monthly,True,0,Company_287,DevTools,US,2024-11-04,organic,4.0,304.8833333333333,4.0,4.0,3.0,4.0,25.666666666666668,0
S-03bfa3,A-bc4d48,2024-12-27,,Basic,35,665,7980,False,False,False,False,annual,True,0,Company_343,EdTech,US,2024-06-12,ads,6.0,242.85,0.0,6.0,6.0,4.2,41.166666666666664,0
S-de3170,A-98a59a,2024-10-27,,Pro,56,2744,32928,False,False,False,False,annual,True,0,Company_80,FinTech,UK,2023-08-04,partner,4.0,104.98333333333333,2.0,4.0,3.0,4.5,37.333333333333336,0
S-cfbb85,A-054577,2024-08-06,,Pro,16,784,9408,False,True,False,False,monthly,False,0,Company_455,EdTech,UK,2024-04-28,ads,5.0,178.03333333333333,0.0,5.0,1.0,4.0,46.0,0
S-42f3be,A-05f0e5,2024-04-29,,Enterprise,32,6368,76416,False,False,False,False,monthly,True,0,Company_40,FinTech,US,2023-05-04,partner,6.0,351.8,8.0,6.0,4.0,4.0,20.0,0
S-c04755,A-2789e3,2024-10-14,,Basic,11,209,2508,False,False,False,False,annual,True,0,Company_268,FinTech,US,2024-09-14,partner,6.0,193.81666666666666,0.0,6.0,4.0,4.0,47.25,0
S-bfca66,A-10b8da,2023-06-09,,Basic,14,266,3192,False,False,False,False,annual,False,0,Company_9,DevTools,US,2023-05-08,partner,6.0,320.73333333333335,0.0,6.0,3.0,3.5,31.333333333333332,0
S-cdf625,A-c222ab,2024-08-24,,Pro,32,1568,18816,False,False,False,False,monthly,True,0,Company_206,Cybersecurity,US,2024-05-10,other,5.0,194.45,3.0,5.0,4.0,5.0,39.0,0
S-d8f67e,A-f97b9a,2024-06-11,,Enterprise,36,7164,85968,False,False,False,False,monthly,True,0,Company_159,FinTech,US,2023-07-09,event,5.0,222.21666666666667,6.0,5.0,7.0,3.6666666666666665,31.714285714285715,0
S-80af39,A-7f29a7,2024-09-26,,Basic,41,779,9348,False,False,False,False,monthly,True,0,Company_386,Cybersecurity,UK,2024-09-18,event,7.0,356.1666666666667,9.0,7.0,1.0,4.0,24.0,0
S-11034a,A-9bfc9f,2024-07-11,,Pro,53,2597,31164,False,True,True,False,annual,True,0,Company_228,DevTools,CA,2023-09-14,ads,4.0,225.16666666666666,0.0,4.0,6.0,3.3333333333333335,35.333333333333336,0
S-40d3aa,A-9badbd,2024-08-22,,Basic,103,1957,23484,False,False,False,False,monthly,True,0,Company_63,Cybersecurity,DE,2024-06-19,ads,3.0,112.88333333333334,1.0,3.0,5.0,5.0,30.2,1
S-679640,A-b44e3e,2024-06-25,,Enterprise,40,7960,95520,False,False,False,False,monthly,False,0,Company_383,Cybersecurity,UK,2024-02-12,ads,6.0,454.6333333333333,2.0,6.0,3.0,4.333333333333333,40.0,0
S-cb853a,A-c37cab,2024-12-17,,Basic,23,437,5244,False,False,False,False,annual,True,0,Company_278,Cybersecurity,UK,2024-07-29,event,5.0,231.46666666666667,2.0,5.0,4.0,3.75,33.0,0
S-f553b5,A-6da850,2023-10-08,,Pro,34,1666,19992,False,True,False,False,monthly,True,0,Company_293,FinTech,IN,2023-10-07,organic,3.0,172.66666666666666,4.0,3.0,5.0,4.0,49.0,1
S-fb0905,A-09316c,2024-12-10,,Basic,70,1330,15960,False,False,False,False,annual,True,0,Company_341,FinTech,AU,2024-09-11,organic,2.0,133.21666666666667,0.0,2.0,4.0,3.75,54.75,1
S-0fc73c,A-9affe6,2023-09-14,,Basic,56,1064,12768,False,False,False,False,annual,True,0,Company_401,Cybersecurity,US,2023-03-22,other,6.0,201.91666666666666,4.0,6.0,3.0,3.0,58.0,0
S-7e7a73,A-89ee83,2024-12-20,,Enterprise,16,3184,38208,False,False,False,False,monthly,True,0,Company_312,Cybersecurity,US,2024-10-04,organic,7.0,412.73333333333335,0.0,7.0,5.0,4.0,21.8,0
S-2dc98b,A-5a92e7,2024-11-08,,Pro,9,441,5292,False,False,False,False,annual,True,0,Company_413,HealthTech,US,2024-06-11,ads,7.0,298.76666666666665,11.0,7.0,7.0,4.4,45.0,0
S-16f4a2,A-e08cd3,2024-11-10,,Enterprise,67,13333,159996,False,False,False,False,annual,True,0,Company_475,FinTech,US,2024-09-21,ads,2.0,66.55,0.0,2.0,8.0,4.0,30.375,1
S-6630bc,A-600734,2024-03-07,,Enterprise,29,5771,69252,False,False,False,False,monthly,True,0,Company_327,DevTools,US,2023-11-14,organic,4.0,80.23333333333333,4.0,4.0,7.0,3.6666666666666665,52.57142857142857,0
S-bd2ab2,A-186a44,2024-11-23,,Enterprise,47,9353,112236,False,False,False,False,annual,True,0,Company_101,HealthTech,US,2023-08-07,ads,1.0,85.66666666666667,0.0,1.0,7.0,3.5,38.285714285714285,1
S-97bc99,A-82861f,2024-05-25,,Pro,46,2254,27048,False,False,False,False,annual,True,0,Company_350,DevTools,UK,2024-04-25,organic,5.0,236.66666666666666,2.0,5.0,5.0,3.2,24.4,0
S-0c0ddf,A-65c341,2024-10-05,,Enterprise,11,2189,26268,False,False,False,False,annual,True,0,Company_308,FinTech,US,2023-12-26,ads,7.0,455.56666666666666,6.0,7.0,5.0,4.0,41.4,0
S-f45fe3,A-02fac6,2024-05-30,,Pro,59,2891,34692,False,False,False,False,monthly,True,0,Company_52,FinTech,US,2023-04-06,event,3.0,188.91666666666666,1.0,3.0,6.0,4.0,23.333333333333332,1
S-936fa3,A-02cd81,2024-07-16,,Pro,44,2156,25872,False,False,False,False,annual,True,0,Company_76,HealthTech,IN,2024-03-28,other,1.0,54.6,0.0,1.0,3.0,4.5,17.333333333333332,1
S-82df6c,A-ac9111,2023-09-06,,Pro,41,2009,24108,False,False,True,False,annual,True,0,Company_487,HealthTech,US,2023-08-12,event,8.0,470.1,7.0,8.0,3.0,5.0,24.666666666666668,0
S-a83bc2,A-b07b56,2024-11-25,,Basic,25,475,5700,False,False,False,False,monthly,False,0,Company_292,DevTools,US,2024-11-08,event,4.0,231.13333333333333,8.0,4.0,4.0,3.0,31.25,0
S-69a7ce,A-58b9ff,2024-07-14,,Pro,6,294,3528,False,False,False,False,annual,True,0,Company_425,DevTools,IN,2024-05-31,partner,7.0,494.35,0.0,7.0,2.0,4.0,66.0,0
S-522a6f,A-3a7284,2024-11-30,,Enterprise,39,7761,93132,False,False,False,False,annual,True,0,Company_93,FinTech,US,2024-11-17,organic,8.0,394.6166666666667,1.0,8.0,3.0,3.5,56.333333333333336,0
S-1a04fe,A-4e631b,2024-05-13,,Enterprise,22,4378,52536,False,True,False,False,annual,True,0,Company_298,FinTech,US,2024-03-16,other,2.0,70.61666666666666,1.0,2.0,2.0,4.0,24.5,1
S-d22ebe,A-5a92e7,2024-06-14,,Basic,9,171,2052,False,False,False,False,annual,True,0,Company_413,HealthTech,US,2024-06-11,ads,6.0,319.5833333333333,10.0,6.0,7.0,4.4,45.0,0
S-fa781b,A-271f46,2024-04-25,,Enterprise,38,0,0,True,False,False,False,monthly,True,0,Company_84,DevTools,US,2023-02-09,event,3.0,203.2,1.0,3.0,1.0,,36.0,1
S-718116,A-462d45,2024-05-03,,Pro,11,539,6468,False,False,True,False,monthly,True,0,Company_13,Cybersecurity,US,2024-01-15,partner,8.0,220.35,2.0,8.0,4.0,4.0,26.75,0
S-ce5fb5,A-fd9422,2024-11-25,,Enterprise,58,0,0,True,False,False,False,monthly,True,0,Company_263,Cybersecurity,US,2024-04-04,organic,5.0,155.33333333333334,1.0,5.0,6.0,3.5,44.333333333333336,0
S-2ebd06,A-32728c,2023-04-04,,Pro,20,980,11760,False,False,False,False,monthly,True,0,Company_54,DevTools,US,2023-01-03,event,7.0,348.8333333333333,1.0,7.0,2.0,3.5,34.5,0
S-03a939,A-cd458b,2024-07-25,,Enterprise,26,5174,62088,False,False,False,False,monthly,True,0,Company_430,DevTools,US,2024-06-15,other,2.0,58.5,0.0,2.0,5.0,4.6,38.4,1
S-fc65aa,A-eb1312,2024-12-27,,Enterprise,25,4975,59700,False,False,False,False,annual,True,0,Company_322,FinTech,US,2024-09-16,partner,7.0,412.01666666666665,0.0,7.0,1.0,5.0,68.0,0
S-6d9231,A-c37601,2024-12-24,,Enterprise,12,2388,28656,False,False,False,False,monthly,True,0,Company_48,EdTech,US,2024-10-31,partner,3.0,119.01666666666667,0.0,3.0,4.0,3.6666666666666665,42.25,1
S-4b15c4,A-65aeb5,2024-08-01,,Enterprise,18,3582,42984,False,False,False,False,annual,True,0,Company_120,DevTools,US,2024-01-25,partner,5.0,278.68333333333334,4.0,5.0,2.0,5.0,42.5,0
S-66f0d0,A-0158bb,2024-06-28,,Basic,35,665,7980,False,False,False,False,monthly,True,0,Company_461,FinTech,DE,2024-05-22,partner,9.0,596.75,4.0,9.0,1.0,3.0,32.0,0
S-95aaf8,A-781cc0,2024-10-30,,Basic,12,228,2736,False,False,False,False,annual,True,0,Company_499,EdTech,US,2024-09-04,organic,8.0,326.9,4.0,8.0,4.0,3.6666666666666665,57.5,0
S-3a2aee,A-e08cd3,2024-12-14,,Enterprise,67,0,0,True,False,False,False,monthly,True,0,Company_475,FinTech,US,2024-09-21,ads,0.0,0.0,0.0,0.0,8.0,4.0,30.375,1
S-66a834,A-659280,2023-12-23,,Enterprise,31,6169,74028,False,False,False,False,annual,False,0,Company_417,FinTech,IN,2023-11-17,event,6.0,393.8833333333333,3.0,6.0,4.0,4.333333333333333,8.0,0
S-e9b437,A-0f7d77,2024-11-30,,Pro,11,539,6468,False,False,False,False,monthly,True,0,Company_457,FinTech,IN,2024-10-28,partner,5.0,275.76666666666665,1.0,5.0,5.0,5.0,27.2,0
S-61a647,A-726cfa,2023-11-01,,Pro,11,539,6468,False,False,False,False,annual,True,0,Company_82,DevTools,US,2023-07-01,partner,3.0,156.43333333333334,0.0,3.0,3.0,4.0,35.666666666666664,1
S-ef2703,A-0b0d6d,2024-12-30,,Enterprise,36,7164,85968,False,False,False,False,annual,True,0,Company_267,DevTools,US,2024-12-30,organic,1.0,55.05,1.0,1.0,5.0,4.0,31.4,1
S-c288ef,A-d26ab4,2024-12-09,,Pro,9,0,0,True,False,False,False,annual,True,0,Company_497,DevTools,UK,2024-11-07,organic,5.0,136.53333333333333,4.0,5.0,2.0,4.0,49.5,0
S-91e96a,A-970c97,2024-03-06,,Enterprise,14,2786,33432,False,False,True,False,monthly,False,0,Company_477,HealthTech,DE,2024-03-01,other,4.0,310.35,1.0,4.0,1.0,5.0,61.0,0
S-453f00,A-45ce7a,2023-08-18,2024-05-20,Pro,16,784,9408,False,True,True,True,monthly,True,1,Company_31,FinTech,US,2023-07-23,ads,4.0,183.23333333333332,3.0,4.0,5.0,3.6666666666666665,45.4,0
S-812d97,A-249769,2024-08-24,,Pro,19,0,0,True,False,False,False,annual,True,0,Company_214,Cybersecurity,US,2024-04-25,event,4.0,107.3,0.0,4.0,2.0,4.0,39.5,0
S-39a5a7,A-09316c,2024-09-22,,Basic,70,1330,15960,False,False,False,False,monthly,True,0,Company_341,FinTech,AU,2024-09-11,organic,6.0,193.08333333333334,1.0,6.0,4.0,3.75,54.75,0
S-1c06f3,A-53f4e3,2024-11-05,,Basic,13,247,2964,False,False,False,False,annual,True,0,Company_194,Cybersecurity,UK,2024-06-14,event,4.0,223.18333333333334,6.0,4.0,5.0,4.0,28.6,0
S-c6ff41,A-443f6f,2024-12-19,,Basic,38,722,8664,False,False,False,False,monthly,True,0,Company_304,Cybersecurity,US,2024-12-07,organic,2.0,9.733333333333333,1.0,2.0,4.0,4.666666666666667,28.0,1
S-108caf,A-6dee43,2023-10-31,,Enterprise,12,2388,28656,False,False,False,False,annual,True,0,Company_478,FinTech,UK,2023-08-12,other,4.0,221.18333333333334,3.0,4.0,5.0,4.333333333333333,44.2,0
S-644316,A-cdf020,2024-10-07,,Enterprise,23,4577,54924,False,True,False,False,annual,True,0,Company_345,DevTools,AU,2023-08-16,organic,4.0,211.55,2.0,4.0,4.0,4.0,29.5,0
S-d54349,A-016043,2024-09-11,,Enterprise,20,3980,47760,False,False,False,False,annual,True,0,Company_405,EdTech,CA,2024-07-31,organic,6.0,332.48333333333335,6.0,6.0,3.0,4.0,30.333333333333332,0
S-10a1b5,A-e98302,2024-09-09,,Basic,34,646,7752,False,False,False,False,annual,False,0,Company_286,EdTech,US,2023-12-26,ads,8.0,413.0,7.0,8.0,9.0,4.142857142857143,44.44444444444444,0
S-93fa71,A-309e54,2024-12-21,,Enterprise,59,11741,140892,False,False,True,False,annual,True,0,Company_371,DevTools,US,2024-12-09,other,2.0,146.71666666666667,1.0,2.0,5.0,3.0,23.8,1
S-550202,A-bb3bd4,2024-12-17,,Basic,23,437,5244,False,False,False,False,annual,True,0,Company_340,HealthTech,US,2024-01-27,ads,5.0,376.48333333333335,0.0,5.0,11.0,4.142857142857143,32.72727272727273,0
S-07399c,A-4e44e8,2024-11-18,,Basic,29,551,6612,False,False,False,False,monthly,True,0,Company_22,DevTools,US,2024-08-20,ads,5.0,283.46666666666664,3.0,5.0,3.0,3.3333333333333335,31.333333333333332,0
S-f4e174,A-ae052e,2024-12-17,,Basic,39,0,0,True,False,False,False,annual,True,0,Company_132,FinTech,CA,2023-09-11,other,7.0,263.28333333333336,1.0,7.0,4.0,4.0,31.25,0
S-3b5eb3,A-6f8ad2,2024-10-07,2024-10-12,Pro,70,0,0,True,True,False,True,annual,True,1,Company_57,EdTech,IN,2024-07-09,organic,9.0,357.71666666666664,5.0,9.0,4.0,4.333333333333333,35.25,0
S-08c8e1,A-31ab9a,2024-12-10,,Enterprise,14,2786,33432,False,False,False,False,monthly,True,0,Company_460,FinTech,DE,2024-03-03,organic,7.0,518.9833333333333,7.0,7.0,7.0,3.5,43.142857142857146,0
S-6b977f,A-7988d1,2024-08-25,,Pro,33,1617,19404,False,False,False,False,monthly,False,0,Company_90,Cybersecurity,US,2023-12-20,other,7.0,313.6666666666667,1.0,7.0,3.0,4.333333333333333,35.333333333333336,0
S-c1f8e1,A-0532a9,2024-12-26,,Pro,19,931,11172,False,True,False,False,annual,False,0,Company_170,FinTech,IN,2024-09-25,event,6.0,349.76666666666665,3.0,6.0,8.0,3.0,30.75,0
S-9030e0,A-32728c,2024-04-18,,Enterprise,20,0,0,True,True,False,False,annual,True,0,Company_54,DevTools,US,2023-01-03,event,3.0,77.95,3.0,3.0,2.0,3.5,34.5,1
S-02d6c8,A-3a7284,2024-12-05,,Enterprise,31,6169,74028,False,False,False,False,monthly,True,0,Company_93,FinTech,US,2024-11-17,organic,5.0,317.21666666666664,0.0,5.0,3.0,3.5,56.333333333333336,0
S-599207,A-427b69,2024-12-08,,Enterprise,17,3383,40596,False,False,False,False,annual,True,0,Company_453,FinTech,US,2024-08-23,other,4.0,177.93333333333334,1.0,4.0,2.0,3.0,31.5,0
S-5d8b88,A-1d5444,2024-11-25,,Pro,24,1176,14112,False,False,False,False,annual,True,0,Company_427,Cybersecurity,US,2024-01-18,partner,7.0,289.98333333333335,5.0,7.0,2.0,4.0,30.0,0
S-ac01fb,A-533452,2024-11-27,,Enterprise,14,0,0,True,False,False,False,annual,True,0,Company_279,DevTools,AU,2024-11-12,organic,5.0,159.55,5.0,5.0,4.0,4.0,32.75,0
S-b7ef4c,A-5ed98d,2024-11-25,,Pro,28,1372,16464,False,False,False,False,monthly,False,0,Company_479,DevTools,US,2024-06-22,partner,4.0,242.18333333333334,3.0,4.0,5.0,5.0,35.8,0
S-9f0371,A-313be3,2024-07-03,,Enterprise,47,0,0,True,False,False,False,annual,True,0,Company_136,EdTech,US,2023-11-15,partner,3.0,153.3,2.0,3.0,4.0,5.0,22.5,1
S-d914d8,A-ee42db,2023-06-30,,Pro,13,0,0,True,False,True,False,monthly,True,0,Company_77,EdTech,DE,2023-04-25,ads,10.0,381.4166666666667,9.0,10.0,4.0,3.0,33.75,0
S-67c131,A-432483,2024-09-02,2024-09-15,Pro,13,637,7644,False,False,False,True,annual,True,1,Company_78,Cybersecurity,US,2023-02-06,ads,7.0,463.1166666666667,4.0,7.0,1.0,,51.0,0
S-263c1e,A-a8b49c,2023-12-26,,Pro,16,0,0,True,False,False,False,monthly,True,0,Company_72,Cybersecurity,UK,2023-10-06,partner,4.0,311.95,1.0,4.0,1.0,4.0,72.0,0
S-76b964,A-39868b,2024-10-11,,Pro,9,441,5292,False,True,False,False,monthly,False,0,Company_422,FinTech,AU,2024-03-17,partner,5.0,300.1666666666667,2.0,5.0,6.0,4.25,39.0,0
S-d4d459,A-2e4581,2024-12-19,,Enterprise,29,5771,69252,False,False,False,False,monthly,True,0,Company_0,EdTech,US,2024-10-16,partner,2.0,73.0,5.0,2.0,2.0,3.0,23.0,1
S-b45a10,A-313be3,2024-08-14,,Pro,56,2744,32928,False,False,False,False,monthly,False,0,Company_136,EdTech,US,2023-11-15,partner,7.0,251.13333333333333,6.0,7.0,4.0,5.0,22.5,0
S-1b0848,A-dcc3f1,2024-01-17,,Pro,51,2499,29988,False,False,False,False,monthly,True,0,Company_314,HealthTech,US,2023-12-27,event,5.0,253.0,2.0,5.0,9.0,3.8,35.666666666666664,0
S-00ab51,A-ae052e,2024-03-31,,Pro,39,1911,22932,False,True,False,False,monthly,True,0,Company_132,FinTech,CA,2023-09-11,other,4.0,222.9,2.0,4.0,4.0,4.0,31.25,0
S-1ccdd4,A-54d94a,2024-10-21,,Pro,27,1323,15876,False,False,False,False,monthly,True,0,Company_385,Cybersecurity,IN,2023-05-01,event,10.0,371.0,6.0,10.0,4.0,3.5,53.75,0
S-302119,A-e1462e,2023-04-03,,Enterprise,15,2985,35820,False,False,True,False,monthly,True,0,Company_217,FinTech,UK,2023-03-12,partner,4.0,126.55,0.0,4.0,2.0,3.5,39.5,0
S-65e749,A-2d4502,2024-07-14,,Basic,61,1159,13908,False,False,False,False,monthly,False,0,Company_45,FinTech,IN,2024-04-29,event,3.0,206.71666666666667,0.0,3.0,3.0,5.0,26.333333333333332,1
S-05b1b6,A-337bc1,2023-11-11,,Enterprise,34,6766,81192,False,False,False,False,monthly,True,0,Company_424,Cybersecurity,US,2023-07-19,organic,4.0,260.8833333333333,4.0,4.0,4.0,4.0,32.5,0
S-f2da7f,A-1619f8,2024-11-05,,Enterprise,29,5771,69252,False,False,False,False,monthly,True,0,Company_183,DevTools,US,2024-05-20,organic,6.0,367.1666666666667,11.0,6.0,3.0,5.0,42.0,0
S-d71fe9,A-d62e02,2024-10-11,,Enterprise,6,1194,14328,False,False,False,False,annual,True,0,Company_420,Cybersecurity,US,2024-08-20,partner,5.0,438.05,2.0,5.0,1.0,4.0,36.0,0
S-f69fca,A-4c38bc,2024-07-06,,Basic,36,684,8208,False,False,False,False,annual,True,0,Company_55,HealthTech,UK,2024-03-09,event,5.0,250.76666666666668,0.0,5.0,3.0,3.5,48.333333333333336,0
S-5b322c,A-1f0636,2024-07-27,,Basic,105,1995,23940,False,False,False,False,annual,True,0,Company_368,EdTech,AU,2024-01-01,partner,7.0,289.1333333333333,3.0,7.0,2.0,3.5,38.5,0
S-392e05,A-65a46c,2024-03-10,,Basic,45,855,10260,False,False,False,False,annual,True,0,Company_95,HealthTech,US,2023-11-04,event,6.0,299.1666666666667,5.0,6.0,8.0,4.0,45.125,0
S-fd3d2d,A-e36807,2024-10-06,,Enterprise,40,0,0,True,False,False,False,monthly,True,0,Company_164,EdTech,AU,2024-05-17,other,4.0,192.55,3.0,4.0,2.0,4.5,41.0,0
S-8ddc89,A-bd4513,2024-11-27,,Enterprise,50,9950,119400,False,False,False,False,monthly,True,0,Company_205,DevTools,AU,2024-11-06,event,3.0,148.41666666666666,4.0,3.0,3.0,4.666666666666667,42.0,1
S-07c0da,A-068fc6,2024-01-02,,Pro,35,0,0,True,False,False,False,annual,True,0,Company_465,EdTech,US,2023-07-17,event,4.0,284.1333333333333,3.0,4.0,5.0,4.333333333333333,38.8,0
S-d1dbf7,A-3b37d9,2023-12-02,,Pro,28,0,0,True,False,False,False,monthly,True,0,Company_384,FinTech,US,2023-01-27,event,2.0,29.866666666666667,0.0,2.0,5.0,4.5,36.0,1
S-e57fb8,A-96e141,2023-10-14,,Enterprise,40,0,0,True,False,False,False,monthly,True,0,Company_134,DevTools,UK,2023-08-12,partner,5.0,82.13333333333334,1.0,5.0,5.0,4.333333333333333,32.8,0
S-b71cfb,A-9123ac,2024-05-10,,Enterprise,15,0,0,True,False,True,False,monthly,True,0,Company_219,Cybersecurity,DE,2023-06-20,organic,2.0,122.76666666666667,0.0,2.0,6.0,4.2,38.833333333333336,1
S-a7da97,A-5790f4,2024-12-25,,Enterprise,63,12537,150444,False,False,False,False,annual,False,0,Company_446,FinTech,UK,2024-12-22,event,4.0,156.95,1.0,4.0,4.0,4.0,44.0,0
S-4b005c,A-50f3f7,2024-01-05,,Enterprise,45,8955,107460,False,False,False,False,annual,True,0,Company_140,HealthTech,US,2023-12-22,partner,2.0,132.95,0.0,2.0,6.0,5.0,37.833333333333336,1
S-605115,A-bd4513,2024-12-30,,Basic,50,950,11400,False,False,False,False,annual,True,0,Company_205,DevTools,AU,2024-11-06,event,6.0,210.23333333333332,9.0,6.0,3.0,4.666666666666667,42.0,0
S-fcbd92,A-7f29a7,2024-12-21,,Pro,41,2009,24108,False,False,False,False,monthly,True,0,Company_386,Cybersecurity,UK,2024-09-18,event,9.0,222.68333333333334,3.0,9.0,1.0,4.0,24.0,0
S-d9e0d1,A-812c5b,2024-11-15,,Basic,55,1045,12540,False,False,False,False,annual,True,0,Company_395,DevTools,CA,2024-02-25,organic,8.0,389.23333333333335,0.0,8.0,4.0,4.0,27.0,0
S-869978,A-443f6f,2024-12-24,,Enterprise,19,3781,45372,False,False,False,False,monthly,False,0,Company_304,Cybersecurity,US,2024-12-07,organic,7.0,264.28333333333336,6.0,7.0,4.0,4.666666666666667,28.0,0
S-5daabf,A-533452,2024-12-16,,Enterprise,9,1791,21492,False,True,True,False,monthly,True,0,Company_279,DevTools,AU,2024-11-12,organic,5.0,288.03333333333336,3.0,5.0,4.0,4.0,32.75,0
S-c0352b,A-cc102e,2024-11-06,,Pro,13,637,7644,False,False,False,False,monthly,False,0,Company_443,HealthTech,US,2024-04-15,partner,5.0,149.8,7.0,5.0,4.0,4.333333333333333,33.25,0
S-a648e7,A-3b5cd1,2024-01-29,,Basic,13,247,2964,False,False,False,False,annual,False,0,Company_49,FinTech,US,2023-09-12,event,6.0,263.1,6.0,6.0,5.0,4.0,27.4,0
S-618471,A-bbc346,2024-10-20,,Enterprise,45,8955,107460,False,False,False,False,monthly,True,0,Company_138,FinTech,US,2024-08-29,partner,4.0,233.95,2.0,4.0,3.0,4.5,45.333333333333336,0
S-a16038,A-d4e0d4,2024-11-15,,Pro,117,5733,68796,False,False,False,False,monthly,True,0,Company_403,FinTech,US,2024-10-18,other,5.0,332.23333333333335,6.0,5.0,4.0,4.0,39.25,0
S-b805b2,A-d77f4c,2024-04-13,,Enterprise,8,1592,19104,False,False,False,False,annual,False,0,Company_470,DevTools,US,2023-09-25,partner,2.0,115.73333333333333,0.0,2.0,2.0,4.0,31.0,1
S-b04b73,A-e1b9cd,2023-11-24,2024-06-27,Enterprise,40,7960,95520,False,False,False,True,monthly,True,1,Company_484,DevTools,US,2023-02-26,event,3.0,244.55,1.0,3.0,1.0,3.0,35.0,1
S-ed4475,A-1f559b,2024-06-27,,Pro,12,588,7056,False,False,False,False,annual,True,0,Company_357,HealthTech,US,2023-09-04,organic,3.0,144.73333333333332,5.0,3.0,5.0,4.2,50.4,1
S-5a1d20,A-f97b9a,2024-12-08,,Pro,16,784,9408,False,False,False,False,annual,True,0,Company_159,FinTech,US,2023-07-09,event,7.0,329.4166666666667,3.0,7.0,7.0,3.6666666666666665,31.714285714285715,0
S-c65456,A-a33200,2024-09-26,,Pro,29,1421,17052,False,False,False,False,annual,True,0,Company_352,HealthTech,US,2024-09-15,partner,4.0,268.75,1.0,4.0,3.0,4.5,36.333333333333336,0
S-7fbc53,A-2edab2,2024-03-29,,Pro,17,833,9996,False,False,False,False,monthly,False,0,Company_301,HealthTech,US,2023-11-17,event,5.0,300.2,0.0,5.0,4.0,3.0,30.0,0
S-0d33fc,A-1b707d,2023-11-18,,Enterprise,16,3184,38208,False,False,False,False,monthly,True,0,Company_56,Cybersecurity,US,2023-07-14,organic,3.0,228.58333333333334,0.0,3.0,3.0,,42.666666666666664,1
S-db3e30,A-40de06,2023-11-08,,Basic,28,532,6384,False,False,False,False,annual,True,0,Company_369,Cybersecurity,US,2023-05-08,event,6.0,254.23333333333332,5.0,6.0,3.0,4.0,40.333333333333336,0
S-966ce7,A-a1b80b,2024-04-01,,Enterprise,16,3184,38208,False,False,False,False,annual,True,0,Company_184,HealthTech,US,2023-11-27,organic,3.0,192.31666666666666,1.0,3.0,4.0,4.0,41.0,1
S-41ea32,A-054577,2024-10-22,2024-12-05,Basic,24,456,5472,False,False,False,True,monthly,True,1,Company_455,EdTech,UK,2024-04-28,ads,7.0,178.13333333333333,5.0,7.0,1.0,4.0,46.0,0
S-57800a,A-f446b6,2024-09-08,,Basic,5,95,1140,False,False,False,False,annual,True,0,Company_36,DevTools,DE,2023-05-12,ads,3.0,117.0,0.0,3.0,8.0,4.25,30.75,1
S-daf6aa,A-098560,2024-10-27,,Basic,40,760,9120,False,False,False,False,monthly,True,0,Company_349,DevTools,UK,2023-10-21,ads,4.0,294.85,1.0,4.0,2.0,3.0,28.0,0
S-615a8a,A-bf7919,2024-12-31,,Enterprise,11,0,0,True,False,False,False,annual,False,0,Company_426,HealthTech,US,2024-11-27,organic,6.0,163.33333333333334,3.0,6.0,2.0,5.0,14.5,0
S-a892fd,A-22f2df,2024-12-27,,Pro,8,392,4704,False,False,False,False,monthly,False,0,Company_106,DevTools,US,2024-12-14,ads,2.0,139.03333333333333,4.0,2.0,5.0,5.0,44.8,1
S-2b2532,A-410e86,2024-12-25,,Enterprise,24,4776,57312,False,False,False,False,monthly,False,0,Company_210,FinTech,US,2024-11-10,organic,3.0,167.11666666666667,1.0,3.0,5.0,3.5,42.6,1
S-54daa5,A-94f8c9,2024-12-17,,Enterprise,36,7164,85968,False,False,False,False,annual,True,0,Company_51,HealthTech,US,2024-03-29,other,7.0,230.41666666666666,4.0,7.0,3.0,5.0,47.333333333333336,0
S-85320b,A-71615e,2024-08-21,,Enterprise,15,0,0,True,True,False,False,monthly,True,0,Company_167,EdTech,US,2024-05-18,organic,9.0,423.95,7.0,9.0,1.0,,49.0,0
S-317bed,A-53f4e3,2024-10-16,,Basic,18,342,4104,False,False,False,False,monthly,False,0,Company_194,Cybersecurity,UK,2024-06-14,event,3.0,174.0,0.0,3.0,5.0,4.0,28.6,1
S-4fc62f,A-6c093d,2024-12-12,,Enterprise,7,0,0,True,False,False,False,annual,True,0,Company_12,DevTools,US,2023-04-14,partner,3.0,252.96666666666667,3.0,3.0,3.0,5.0,40.333333333333336,1
S-fb10b8,A-5a92e7,2024-07-15,,Pro,43,2107,25284,False,False,False,False,annual,True,0,Company_413,HealthTech,US,2024-06-11,ads,4.0,78.68333333333334,4.0,4.0,7.0,4.4,45.0,0
S-0fc72f,A-faa28c,2024-02-23,,Pro,65,3185,38220,False,True,False,False,annual,True,0,Company_91,HealthTech,US,2024-01-30,organic,3.0,157.25,1.0,3.0,4.0,4.666666666666667,52.25,1
S-55834e,A-4437e4,2024-08-30,,Pro,4,0,0,True,False,False,False,annual,True,0,Company_192,Cybersecurity,US,2023-09-16,event,5.0,259.6666666666667,6.0,5.0,6.0,3.0,34.666666666666664,0
S-09d706,A-6e08f3,2024-07-20,,Pro,8,392,4704,False,False,True,False,monthly,True,0,Company_220,Cybersecurity,US,2023-02-27,event,3.0,167.28333333333333,0.0,3.0,2.0,3.5,36.5,1
S-738d4a,A-71615e,2024-12-06,,Pro,15,735,8820,False,False,False,False,annual,True,0,Company_167,EdTech,US,2024-05-18,organic,4.0,200.53333333333333,2.0,4.0,1.0,,49.0,0
S-207191,A-726cfa,2023-07-15,,Pro,20,980,11760,False,False,False,False,annual,True,0,Company_82,DevTools,US,2023-07-01,partner,5.0,310.31666666666666,1.0,5.0,3.0,4.0,35.666666666666664,0
S-ff5ff8,A-eb2fdc,2024-05-25,,Pro,31,1519,18228,False,False,False,False,annual,True,0,Company_216,DevTools,AU,2023-11-21,organic,5.0,358.31666666666666,1.0,5.0,5.0,4.5,33.6,0
S-99c1c7,A-fa3095,2024-06-04,,Basic,70,1330,15960,False,False,False,False,annual,True,0,Company_174,FinTech,US,2023-09-03,ads,3.0,203.63333333333333,0.0,3.0,5.0,5.0,49.2,1
S-d5aded,A-0f6450,2024-12-29,,Pro,28,1372,16464,False,False,False,False,monthly,True,0,Company_400,FinTech,US,2024-12-27,other,9.0,642.8166666666667,3.0,9.0,8.0,3.8333333333333335,29.75,0
S-b1e72a,A-adc1f3,2024-12-12,,Enterprise,12,2388,28656,False,False,False,False,monthly,True,0,Company_98,Cybersecurity,US,2024-08-05,organic,8.0,431.45,5.0,8.0,3.0,3.5,47.333333333333336,0
S-1898b3,A-e1462e,2023-07-23,,Basic,28,0,0,True,False,False,False,annual,True,0,Company_217,FinTech,UK,2023-03-12,partner,4.0,243.55,5.0,4.0,2.0,3.5,39.5,0
S-76eded,A-ae052e,2024-10-24,2024-12-11,Pro,39,1911,22932,False,False,False,True,monthly,True,1,Company_132,FinTech,CA,2023-09-11,other,1.0,21.466666666666665,2.0,1.0,4.0,4.0,31.25,1
S-3d2ebb,A-716841,2024-10-15,,Basic,45,855,10260,False,False,False,False,annual,True,0,Company_437,FinTech,US,2024-05-06,other,6.0,312.81666666666666,3.0,6.0,5.0,4.0,29.8,0
S-1299be,A-f45426,2024-10-18,,Basic,9,171,2052,False,False,True,False,monthly,False,0,Company_172,HealthTech,US,2024-08-05,organic,5.0,276.43333333333334,4.0,5.0,3.0,4.0,17.0,0
S-59d90a,A-aa9511,2024-08-28,2024-11-13,Pro,29,0,0,True,False,False,True,annual,True,1,Company_203,DevTools,US,2023-10-10,other,6.0,234.78333333333333,3.0,6.0,2.0,4.0,56.5,0
S-1f505e,A-95b24a,2023-07-30,,Basic,38,722,8664,False,True,False,False,annual,True,0,Company_117,FinTech,US,2023-06-06,event,5.0,222.2,0.0,5.0,5.0,4.25,21.2,0
S-ed1eb5,A-726cfa,2024-01-08,,Basic,15,285,3420,False,True,False,False,monthly,True,0,Company_82,DevTools,US,2023-07-01,partner,3.0,64.08333333333333,1.0,3.0,3.0,4.0,35.666666666666664,1
S-950c4e,A-ee42db,2024-02-20,,Basic,24,456,5472,False,False,False,False,annual,True,0,Company_77,EdTech,DE,2023-04-25,ads,5.0,213.58333333333334,4.0,5.0,4.0,3.0,33.75,0
S-d34b17,A-9123ac,2024-10-21,,Enterprise,18,3582,42984,False,False,False,False,annual,True,0,Company_219,Cybersecurity,DE,2023-06-20,organic,3.0,250.93333333333334,2.0,3.0,6.0,4.2,38.833333333333336,1
S-f33b5f,A-f97b9a,2024-08-22,,Basic,65,0,0,True,False,False,False,annual,True,0,Company_159,FinTech,US,2023-07-09,event,6.0,338.8666666666667,2.0,6.0,7.0,3.6666666666666665,31.714285714285715,0
S-505db5,A-883b7d,2024-05-01,,Pro,53,2597,31164,False,False,False,False,monthly,True,0,Company_313,Cybersecurity,IN,2024-03-28,other,9.0,224.15,7.0,9.0,7.0,3.6,25.571428571428573,0
S-db56d2,A-c1dfe1,2023-10-26,2024-03-17,Basic,26,494,5928,False,False,False,True,monthly,False,1,Company_53,DevTools,DE,2023-08-07,ads,4.0,227.8,1.0,4.0,3.0,4.0,50.333333333333336,0
S-075ffc,A-eb7c38,2024-09-02,2024-12-15,Enterprise,15,2985,35820,False,False,False,True,annual,True,1,Company_47,DevTools,AU,2024-02-25,organic,2.0,154.16666666666666,0.0,2.0,5.0,4.333333333333333,22.4,1
S-b59bff,A-cea1f0,2024-12-27,,Enterprise,8,1592,19104,False,False,False,False,annual,False,0,Company_273,FinTech,US,2024-04-07,event,3.0,202.25,1.0,3.0,5.0,4.333333333333333,42.2,1
S-3ae8d8,A-396e5f,2024-10-02,,Enterprise,7,1393,16716,False,True,False,False,monthly,True,0,Company_30,Cybersecurity,CA,2024-10-02,other,5.0,168.91666666666666,0.0,5.0,5.0,4.0,24.8,0
S-62b7cf,A-4c38bc,2024-11-06,,Enterprise,36,7164,85968,False,True,False,False,annual,True,0,Company_55,HealthTech,UK,2024-03-09,event,6.0,297.18333333333334,2.0,6.0,3.0,3.5,48.333333333333336,0
S-91ec54,A-331424,2024-11-04,,Pro,11,0,0,True,False,False,False,monthly,False,0,Company_246,DevTools,US,2023-11-06,organic,2.0,64.55,2.0,2.0,2.0,,24.5,1
S-4f43fd,A-fd7ad3,2024-12-26,,Basic,29,551,6612,False,False,False,False,monthly,True,0,Company_100,Cybersecurity,US,2024-11-01,event,6.0,407.53333333333336,4.0,6.0,8.0,4.166666666666667,48.75,0
S-0dd555,A-e7a1e2,2024-11-22,,Pro,33,1617,19404,False,False,False,False,annual,False,0,Company_295,Cybersecurity,US,2024-06-23,event,8.0,507.1666666666667,3.0,8.0,1.0,4.0,45.0,0
S-36f8c0,A-19b2c8,2023-06-19,,Pro,33,1617,19404,False,False,False,False,annual,True,0,Company_476,DevTools,IN,2023-06-06,other,1.0,2.6666666666666665,0.0,1.0,3.0,4.666666666666667,29.333333333333332,1
S-204d42,A-5b4ebb,2024-10-22,,Pro,21,1029,12348,False,False,False,False,monthly,True,0,Company_69,Cybersecurity,UK,2024-07-10,other,8.0,352.48333333333335,3.0,8.0,5.0,4.75,35.4,0
S-770f21,A-a8d89d,2024-07-12,,Basic,35,665,7980,False,False,False,False,monthly,True,0,Company_326,EdTech,US,2023-12-08,ads,6.0,369.0,4.0,6.0,2.0,5.0,44.5,0
S-14b7f3,A-50bb9f,2024-08-09,,Basic,5,95,1140,False,False,False,False,monthly,True,0,Company_373,Cybersecurity,US,2024-07-12,organic,6.0,279.8333333333333,0.0,6.0,7.0,4.0,33.285714285714285,0
S-34512a,A-9289f6,2024-11-22,,Pro,1,49,588,False,False,False,False,monthly,True,0,Company_104,EdTech,US,2023-05-31,event,5.0,251.71666666666667,1.0,5.0,6.0,4.333333333333333,37.5,0
S-e22519,A-f44180,2024-06-17,,Pro,14,686,8232,False,False,False,False,monthly,True,0,Company_376,Cybersecurity,UK,2023-02-13,event,7.0,390.93333333333334,1.0,6.0,2.0,5.0,46.5,0
S-c419d6,A-6e08f3,2024-02-16,,Enterprise,24,4776,57312,False,False,False,False,annual,False,0,Company_220,Cybersecurity,US,2023-02-27,event,3.0,195.35,2.0,3.0,2.0,3.5,36.5,1
S-dc9874,A-cc102e,2024-05-09,2024-09-27,Pro,42,2058,24696,False,False,False,True,annual,True,1,Company_443,HealthTech,US,2024-04-15,partner,4.0,83.56666666666666,1.0,4.0,4.0,4.333333333333333,33.25,0
S-2d3096,A-712533,2024-01-19,,Pro,22,1078,12936,False,False,False,False,annual,True,0,Company_498,EdTech,US,2023-07-31,organic,6.0,355.1333333333333,4.0,6.0,5.0,3.75,37.4,0
S-9d727d,A-ac85cd,2024-12-09,2024-12-18,Basic,53,0,0,True,False,False,True,monthly,True,1,Company_485,EdTech,US,2024-07-31,partner,4.0,96.35,0.0,4.0,3.0,3.5,33.666666666666664,0
S-78cb5f,A-9badbd,2024-12-07,,Enterprise,7,1393,16716,False,False,False,False,monthly,True,0,Company_63,Cybersecurity,DE,2024-06-19,ads,2.0,125.63333333333334,0.0,2.0,5.0,5.0,30.2,1
S-3b0fbb,A-bd4708,2024-10-12,,Pro,59,0,0,True,False,False,False,annual,False,0,Company_257,FinTech,US,2024-07-21,ads,2.0,208.38333333333333,0.0,2.0,4.0,3.5,24.0,1
S-4eabfc,A-751bd4,2024-09-18,,Basic,10,190,2280,False,False,False,False,monthly,True,0,Company_408,Cybersecurity,UK,2024-07-12,partner,2.0,100.5,0.0,2.0,6.0,4.25,23.166666666666668,1
S-35752e,A-e6afc1,2024-05-08,,Pro,1,49,588,False,False,False,False,annual,True,0,Company_346,DevTools,US,2023-02-24,ads,6.0,180.76666666666668,1.0,6.0,0.0,,,0
S-e56037,A-2ebb4b,2024-05-25,,Pro,41,2009,24108,False,True,False,False,annual,True,0,Company_334,HealthTech,US,2023-05-15,ads,6.0,300.4166666666667,5.0,6.0,2.0,3.0,43.5,0
S-c545c8,A-c1e51e,2024-10-20,,Basic,7,133,1596,False,False,True,False,monthly,True,0,Company_173,FinTech,US,2024-10-02,organic,5.0,273.45,2.0,5.0,5.0,3.2,40.0,0
S-10f143,A-6f8ad2,2024-08-13,,Basic,8,152,1824,False,False,False,False,monthly,True,0,Company_57,EdTech,IN,2024-07-09,organic,4.0,150.35,1.0,4.0,4.0,4.333333333333333,35.25,0
S-8669e4,A-6dee43,2024-08-11,2024-10-23,Pro,55,2695,32340,False,False,False,True,annual,False,1,Company_478,FinTech,UK,2023-08-12,other,2.0,91.46666666666667,2.0,2.0,5.0,4.333333333333333,44.2,1
S-0337da,A-098560,2024-09-02,,Enterprise,29,5771,69252,False,False,False,False,monthly,True,0,Company_349,DevTools,UK,2023-10-21,ads,9.0,659.55,1.0,9.0,2.0,3.0,28.0,0
S-fe77d4,A-fda07f,2024-12-01,,Pro,16,784,9408,False,True,False,False,monthly,True,0,Company_230,Cybersecurity,FR,2024-08-11,partner,10.0,589.55,6.0,10.0,5.0,4.0,17.8,0
S-ac2157,A-5a184f,2024-04-14,,Enterprise,14,2786,33432,False,False,False,False,monthly,True,0,Company_124,DevTools,DE,2023-06-19,other,4.0,195.61666666666667,1.0,4.0,3.0,4.333333333333333,15.333333333333334,0
S-f180b5,A-86cdb4,2024-10-13,,Basic,17,323,3876,False,False,False,False,monthly,True,0,Company_250,DevTools,DE,2024-09-22,partner,5.0,142.35,6.0,5.0,5.0,4.333333333333333,26.4,0
S-8442d1,A-82d8a6,2024-12-22,2024-12-24,Enterprise,21,0,0,True,False,False,True,monthly,True,1,Company_444,Cybersecurity,UK,2024-11-28,ads,6.0,208.43333333333334,10.0,6.0,5.0,3.5,42.2,0
S-f3e5f9,A-a09355,2024-12-09,,Pro,26,1274,15288,False,False,False,False,monthly,True,0,Company_459,FinTech,US,2024-08-10,organic,5.0,271.31666666666666,2.0,4.0,5.0,4.0,32.6,0
S-6b1de8,A-6843f2,2024-12-27,,Basic,21,399,4788,False,False,False,False,monthly,True,0,Company_335,HealthTech,CA,2024-12-10,ads,6.0,254.38333333333333,0.0,6.0,2.0,3.0,36.5,0
S-c7621b,A-ced9aa,2024-11-23,2024-11-25,Basic,19,361,4332,False,False,False,True,annual,True,1,Company_310,DevTools,US,2024-10-05,other,5.0,311.31666666666666,1.0,5.0,7.0,3.0,28.857142857142858,0
S-973625,A-794a0b,2023-12-18,,Basic,23,437,5244,False,False,False,False,annual,False,0,Company_168,HealthTech,DE,2023-06-02,organic,3.0,52.15,3.0,3.0,0.0,,,0
S-7425f9,A-3d957b,2024-07-30,,Pro,29,1421,17052,False,True,False,False,monthly,True,0,Company_311,HealthTech,UK,2024-04-04,other,0.0,0.0,0.0,0.0,3.0,3.0,41.333333333333336,1
S-9d8ac4,A-313be3,2024-09-29,,Basic,47,0,0,True,False,False,False,annual,True,0,Company_136,EdTech,US,2023-11-15,partner,7.0,344.05,3.0,6.0,4.0,5.0,22.5,0
S-1a20b6,A-1e6fc3,2024-04-01,,Pro,5,245,2940,False,False,False,False,monthly,True,0,Company_434,EdTech,FR,2023-12-06,other,6.0,375.78333333333336,5.0,6.0,5.0,3.6666666666666665,23.8,0
S-a3791c,A-c4ea60,2024-12-17,,Enterprise,18,3582,42984,False,False,False,False,monthly,True,0,Company_18,FinTech,DE,2023-03-09,other,4.0,113.85,0.0,4.0,5.0,3.6,36.0,0
S-f9cb96,A-fd9422,2024-05-09,,Enterprise,58,11542,138504,False,True,False,False,annual,True,0,Company_263,Cybersecurity,US,2024-04-04,organic,4.0,309.73333333333335,4.0,4.0,6.0,3.5,44.333333333333336,0
S-5450af,A-b48f73,2024-12-13,,Enterprise,80,15920,191040,False,False,False,False,annual,False,0,Company_225,EdTech,AU,2024-11-13,event,7.0,239.6,5.0,7.0,3.0,4.0,28.666666666666668,0
S-641794,A-fd9422,2024-05-08,,Pro,58,0,0,True,False,False,False,annual,True,0,Company_263,Cybersecurity,US,2024-04-04,organic,2.0,146.85,0.0,2.0,6.0,3.5,44.333333333333336,1
S-7fb77e,A-91e948,2023-11-10,,Pro,41,2009,24108,False,True,False,False,annual,True,0,Company_88,EdTech,AU,2023-01-29,partner,4.0,99.76666666666667,0.0,4.0,0.0,,,0
S-30008c,A-cc98bc,2024-05-26,,Pro,54,2646,31752,False,True,False,False,annual,True,0,Company_469,DevTools,US,2023-05-24,ads,4.0,180.75,5.0,4.0,3.0,4.0,4.666666666666667,0
S-e8f8c0,A-cab532,2023-05-27,,Enterprise,25,4975,59700,False,False,False,False,monthly,True,0,Company_218,DevTools,FR,2023-04-03,organic,4.0,121.55,0.0,4.0,1.0,4.0,32.0,0
S-9828eb,A-cb6cc6,2024-10-01,,Pro,25,1225,14700,False,False,False,False,monthly,True,0,Company_419,DevTools,US,2023-04-03,ads,4.0,236.9,4.0,4.0,3.0,3.5,16.333333333333332,0
S-d75e1f,A-922109,2024-11-29,,Enterprise,4,796,9552,False,False,False,False,monthly,False,0,Company_243,Cybersecurity,US,2024-01-26,ads,8.0,458.85,5.0,8.0,3.0,3.0,25.333333333333332,0
S-7077ab,A-fda07f,2024-12-30,,Basic,14,266,3192,False,False,False,False,monthly,True,0,Company_230,Cybersecurity,FR,2024-08-11,partner,11.0,594.55,6.0,11.0,5.0,4.0,17.8,0
S-aa751f,A-86fc1d,2024-10-16,,Basic,37,703,8436,False,False,False,False,monthly,True,0,Company_328,DevTools,UK,2024-07-26,partner,3.0,147.6,2.0,3.0,5.0,4.0,27.0,1
S-08a3ca,A-c45b23,2024-09-07,,Pro,25,0,0,True,False,False,False,annual,True,0,Company_75,FinTech,UK,2023-12-08,partner,4.0,234.0,2.0,4.0,3.0,3.0,36.666666666666664,0
S-886184,A-7c83a1,2024-09-20,,Enterprise,17,0,0,True,False,False,False,annual,True,0,Company_447,Cybersecurity,US,2024-05-06,partner,7.0,335.6,4.0,7.0,4.0,4.0,42.0,0
S-46a7eb,A-e19ff6,2024-10-05,,Enterprise,43,0,0,True,False,False,False,monthly,True,0,Company_411,Cybersecurity,UK,2023-07-28,partner,5.0,243.11666666666667,0.0,5.0,3.0,4.666666666666667,30.666666666666668,0
S-482e5b,A-427b69,2024-09-07,,Pro,18,882,10584,False,False,False,False,annual,True,0,Company_453,FinTech,US,2024-08-23,other,11.0,562.4833333333333,3.0,11.0,2.0,3.0,31.5,0
S-632acf,A-331424,2024-08-28,,Enterprise,11,2189,26268,False,False,False,False,monthly,True,0,Company_246,DevTools,US,2023-11-06,organic,2.0,149.1,1.0,2.0,2.0,,24.5,1
S-712e69,A-0f3e88,2024-11-24,,Basic,17,323,3876,False,False,False,False,annual,True,0,Company_428,HealthTech,US,2023-07-23,other,6.0,310.6666666666667,2.0,6.0,3.0,4.5,48.0,0
S-f8d74d,A-7641d3,2024-05-21,,Enterprise,14,2786,33432,False,False,False,False,monthly,False,0,Company_429,EdTech,US,2023-02-16,partner,5.0,278.26666666666665,3.0,5.0,5.0,4.333333333333333,45.2,0
S-c2c197,A-029f69,2024-09-15,2024-09-19,Basic,15,285,3420,False,False,False,True,monthly,False,1,Company_129,Cybersecurity,CA,2024-03-07,event,6.0,177.61666666666667,3.0,6.0,2.0,3.0,42.0,0
S-e2981a,A-7f4db3,2024-11-06,,Enterprise,18,3582,42984,False,False,False,False,annual,True,0,Company_441,FinTech,US,2023-03-05,other,3.0,105.55,3.0,3.0,5.0,3.25,16.6,1
S-fae195,A-a7bd4b,2023-10-31,,Basic,22,418,5016,False,True,False,False,annual,False,0,Company_363,Cybersecurity,US,2023-02-15,ads,7.0,461.8833333333333,2.0,7.0,6.0,3.25,36.833333333333336,0
S-a8a1e8,A-f92792,2024-08-25,,Enterprise,35,6965,83580,False,False,False,False,monthly,True,0,Company_67,FinTech,US,2024-07-04,ads,1.0,34.86666666666667,0.0,1.0,2.0,4.0,45.0,1
S-d471c6,A-a6d261,2024-07-16,,Basic,9,171,2052,False,False,False,False,monthly,True,0,Company_303,FinTech,CA,2023-11-29,other,4.0,159.21666666666667,1.0,4.0,4.0,4.666666666666667,40.0,0
S-465825,A-e2cd1b,2024-11-20,,Basic,18,342,4104,False,True,False,False,monthly,True,0,Company_121,DevTools,US,2024-02-04,other,5.0,240.03333333333333,0.0,5.0,5.0,4.0,37.8,0
S-c59b3b,A-781cc0,2024-09-18,,Enterprise,12,2388,28656,False,False,False,False,annual,True,0,Company_499,EdTech,US,2024-09-04,organic,7.0,403.8666666666667,5.0,7.0,4.0,3.6666666666666665,57.5,0
S-7e8bd4,A-ac14bb,2024-03-26,,Basic,27,513,6156,False,False,False,False,monthly,True,0,Company_15,FinTech,US,2023-09-08,partner,5.0,328.2,1.0,5.0,2.0,4.0,24.5,0
S-92ae0a,A-91e948,2024-07-11,,Enterprise,41,8159,97908,False,True,False,False,monthly,True,0,Company_88,EdTech,AU,2023-01-29,partner,10.0,622.25,10.0,10.0,0.0,,,0
S-180859,A-d4ac0e,2024-08-06,,Basic,18,342,4104,False,False,False,False,monthly,True,0,Company_364,DevTools,UK,2024-04-20,ads,2.0,71.16666666666667,1.0,2.0,4.0,3.5,21.0,1
S-3c8e09,A-e351e1,2024-10-01,,Basic,33,627,7524,False,False,False,False,monthly,True,0,Company_62,EdTech,US,2024-09-26,other,4.0,263.81666666666666,4.0,4.0,4.0,3.75,17.0,0
S-306a99,A-3a5ad8,2024-03-31,,Basic,9,0,0,True,False,False,False,monthly,True,0,Company_94,HealthTech,US,2023-12-05,organic,1.0,1.4166666666666667,0.0,1.0,4.0,4.5,44.75,1
S-0bdf55,A-7dacce,2024-09-18,,Enterprise,13,2587,31044,False,False,False,False,annual,False,0,Company_8,Cybersecurity,CA,2024-09-10,event,6.0,232.05,2.0,6.0,4.0,3.6666666666666665,32.5,0
S-cc771c,A-81edc3,2024-06-08,,Pro,41,2009,24108,False,True,False,False,monthly,False,0,Company_236,Cybersecurity,IN,2023-10-30,ads,9.0,478.6166666666667,15.0,9.0,3.0,4.0,52.666666666666664,0
S-af6284,A-30b4ca,2024-05-27,,Enterprise,86,17114,205368,False,False,False,False,annual,True,0,Company_23,EdTech,IN,2024-05-20,organic,9.0,480.53333333333336,1.0,9.0,3.0,4.0,57.666666666666664,0
S-e92512,A-0dbdc6,2024-03-13,,Basic,30,570,6840,False,False,False,False,monthly,True,0,Company_366,Cybersecurity,DE,2023-02-12,other,4.0,225.23333333333332,0.0,4.0,4.0,5.0,47.0,0
S-87d801,A-443b7c,2024-09-16,,Pro,5,245,2940,False,False,False,False,monthly,True,0,Company_280,Cybersecurity,US,2024-09-06,other,5.0,147.9,3.0,5.0,8.0,4.4,29.25,0
S-74bda1,A-dfbd31,2024-06-17,,Basic,14,0,0,True,False,False,False,annual,False,0,Company_190,DevTools,UK,2023-12-04,partner,3.0,186.23333333333332,3.0,3.0,6.0,4.25,29.666666666666668,1
S-fcb954,A-45ce7a,2024-03-19,,Enterprise,16,3184,38208,False,False,False,False,annual,True,0,Company_31,FinTech,US,2023-07-23,ads,8.0,315.18333333333334,7.0,8.0,5.0,3.6666666666666665,45.4,0
S-a44d30,A-e08cd3,2024-10-31,,Enterprise,67,13333,159996,False,False,False,False,monthly,True,0,Company_475,FinTech,US,2024-09-21,ads,10.0,632.35,7.0,10.0,8.0,4.0,30.375,0
S-a4a6c9,A-86fc1d,2024-08-16,,Enterprise,28,5572,66864,False,True,False,False,monthly,True,0,Company_328,DevTools,UK,2024-07-26,partner,3.0,138.65,4.0,3.0,5.0,4.0,27.0,1
S-ff2510,A-80eeb6,2024-09-14,,Pro,46,0,0,True,True,True,False,annual,True,0,Company_402,Cybersecurity,UK,2023-05-09,organic,8.0,415.1333333333333,8.0,8.0,4.0,3.6666666666666665,40.25,0
S-1c54b6,A-0f6450,2024-12-31,,Enterprise,28,5572,66864,False,False,False,False,monthly,False,0,Company_400,FinTech,US,2024-12-27,other,5.0,153.7,7.0,5.0,8.0,3.8333333333333335,29.75,0
S-90a14e,A-503d5a,2024-03-30,,Pro,4,196,2352,False,False,False,False,annual,False,0,Company_99,FinTech,US,2023-10-21,other,5.0,372.8333333333333,0.0,5.0,9.0,4.0,36.55555555555556,0
S-b4cd75,A-cc102e,2024-09-23,,Enterprise,13,2587,31044,False,False,False,False,monthly,False,0,Company_443,HealthTech,US,2024-04-15,partner,2.0,62.45,3.0,2.0,4.0,4.333333333333333,33.25,1
S-10bf4d,A-ce66f8,2023-08-24,,Basic,29,551,6612,False,False,False,False,monthly,True,0,Company_17,EdTech,CA,2023-08-23,event,6.0,394.71666666666664,4.0,6.0,6.0,3.5,41.666666666666664,0
S-7e8699,A-e89151,2024-11-14,,Pro,31,1519,18228,False,False,False,False,monthly,True,0,Company_234,FinTech,UK,2023-09-14,organic,12.0,756.8833333333333,2.0,12.0,2.0,5.0,41.5,0
S-726749,A-43a9e3,2024-02-22,,Pro,18,882,10584,False,True,False,False,annual,True,0,Company_1,FinTech,IN,2023-08-17,other,8.0,239.35,0.0,8.0,3.0,4.0,38.0,0
S-d2932e,A-ac9111,2024-08-26,,Enterprise,21,4179,50148,False,False,False,False,annual,False,0,Company_487,HealthTech,US,2023-08-12,event,3.0,223.75,1.0,3.0,3.0,5.0,24.666666666666668,1
S-72a3e2,A-3c1a3f,2024-10-26,,Basic,7,133,1596,False,False,False,False,annual,False,0,Company_224,DevTools,UK,2023-08-26,event,2.0,135.0,0.0,2.0,4.0,3.5,33.25,1
S-763b53,A-592832,2024-12-22,,Basic,18,342,4104,False,False,False,False,annual,False,0,Company_10,Cybersecurity,US,2024-09-25,organic,5.0,287.1666666666667,2.0,5.0,3.0,5.0,32.666666666666664,0
S-8b4074,A-d922bf,2024-12-10,,Enterprise,9,1791,21492,False,False,False,False,annual,True,0,Company_221,HealthTech,US,2023-09-08,ads,5.0,200.46666666666667,0.0,4.0,7.0,3.3333333333333335,39.142857142857146,0
S-37d427,A-eb2fdc,2024-04-06,,Basic,31,589,7068,False,False,False,False,monthly,True,0,Company_216,DevTools,AU,2023-11-21,organic,4.0,324.3,0.0,4.0,5.0,4.5,33.6,0
S-1784ce,A-a0ca4e,2024-09-25,,Pro,49,2401,28812,False,False,False,False,annual,True,0,Company_6,Cybersecurity,US,2024-03-08,ads,0.0,0.0,0.0,0.0,6.0,3.8,39.166666666666664,1
S-c913f8,A-82d8a6,2024-12-03,,Enterprise,68,13532,162384,False,False,False,False,monthly,True,0,Company_444,Cybersecurity,UK,2024-11-28,ads,4.0,149.26666666666668,1.0,4.0,5.0,3.5,42.2,0
S-67acc8,A-f9cc74,2024-11-09,,Pro,30,0,0,True,False,False,False,monthly,True,0,Company_360,DevTools,FR,2024-10-12,partner,5.0,230.95,2.0,5.0,6.0,4.0,49.833333333333336,0
S-1a93b8,A-5a92e7,2024-10-03,,Enterprise,19,0,0,True,False,False,False,annual,False,0,Company_413,HealthTech,US,2024-06-11,ads,3.0,252.31666666666666,4.0,3.0,7.0,4.4,45.0,1
S-cc3f3d,A-94f8c9,2024-10-19,,Enterprise,17,3383,40596,False,False,False,False,annual,False,0,Company_51,HealthTech,US,2024-03-29,other,4.0,228.33333333333334,3.0,4.0,3.0,5.0,47.333333333333336,0
S-66bae1,A-812c5b,2024-10-22,,Basic,55,1045,12540,False,False,False,False,monthly,True,0,Company_395,DevTools,CA,2024-02-25,organic,13.0,623.3666666666667,7.0,13.0,4.0,4.0,27.0,0
S-0aed9e,A-22d9d2,2024-06-29,,Pro,8,392,4704,False,False,False,False,annual,True,0,Company_188,DevTools,FR,2024-03-22,event,5.0,370.75,2.0,5.0,6.0,4.0,16.0,0
S-fa92c5,A-443b7c,2024-10-01,,Pro,84,4116,49392,False,False,False,False,monthly,True,0,Company_280,Cybersecurity,US,2024-09-06,other,4.0,295.78333333333336,2.0,4.0,8.0,4.4,29.25,0
S-fee9c9,A-779e4e,2024-07-02,,Enterprise,6,1194,14328,False,False,False,False,annual,False,0,Company_193,HealthTech,US,2023-01-02,organic,3.0,108.58333333333333,0.0,3.0,5.0,4.0,26.6,1
S-2d0d53,A-fe79a5,2024-09-06,,Enterprise,23,4577,54924,False,False,False,False,annual,True,0,Company_81,HealthTech,IN,2024-02-21,ads,5.0,287.81666666666666,1.0,5.0,4.0,5.0,28.5,0
S-e0a991,A-9affe6,2023-04-06,,Enterprise,7,1393,16716,False,False,False,False,monthly,True,0,Company_401,Cybersecurity,US,2023-03-22,other,3.0,202.45,0.0,3.0,3.0,3.0,58.0,1
S-58b1a2,A-67be94,2024-06-20,,Enterprise,52,10348,124176,False,False,False,False,monthly,True,0,Company_276,EdTech,US,2023-04-04,organic,4.0,331.23333333333335,0.0,4.0,5.0,4.0,38.6,0
S-f6a70a,A-2446e3,2024-10-06,,Enterprise,27,5373,64476,False,True,False,False,annual,True,0,Company_241,EdTech,IN,2024-01-10,organic,5.0,317.7,0.0,5.0,3.0,4.0,28.666666666666668,0
S-9c9700,A-0f6450,2024-12-31,,Basic,28,532,6384,False,False,False,False,annual,True,0,Company_400,FinTech,US,2024-12-27,other,4.0,266.3,3.0,4.0,8.0,3.8333333333333335,29.75,0
S-65ec6b,A-ac14bb,2024-03-15,2024-10-20,Enterprise,35,6965,83580,False,False,False,True,monthly,True,1,Company_15,FinTech,US,2023-09-08,partner,7.0,344.56666666666666,9.0,7.0,2.0,4.0,24.5,0
S-99a404,A-139c3b,2024-12-20,,Basic,10,190,2280,False,False,False,False,annual,True,0,Company_185,HealthTech,US,2024-11-21,organic,6.0,409.5,1.0,6.0,9.0,4.5,28.444444444444443,0
S-532502,A-a09355,2024-11-14,,Basic,14,266,3192,False,False,False,False,monthly,True,0,Company_459,FinTech,US,2024-08-10,organic,5.0,155.06666666666666,5.0,5.0,5.0,4.0,32.6,0
S-77befa,A-7e0a10,2023-11-29,,Basic,46,874,10488,False,False,False,False,monthly,False,0,Company_64,FinTech,US,2023-11-18,ads,3.0,190.8,0.0,3.0,5.0,4.0,39.4,1
S-aa78ed,A-6e08f3,2024-02-29,,Pro,18,0,0,True,True,False,False,monthly,False,0,Company_220,Cybersecurity,US,2023-02-27,event,5.0,296.3,2.0,5.0,2.0,3.5,36.5,0
S-e781ba,A-53f4e3,2024-06-17,,Pro,19,931,11172,False,False,False,False,monthly,False,0,Company_194,Cybersecurity,UK,2024-06-14,event,4.0,180.1,1.0,4.0,5.0,4.0,28.6,0
S-61fa27,A-5a3eb9,2024-10-30,,Basic,21,399,4788,False,False,False,False,annual,False,0,Company_283,DevTools,CA,2023-08-20,other,7.0,446.78333333333336,4.0,7.0,3.0,,24.0,0
S-4f5c94,A-6dee43,2023-10-22,,Basic,6,114,1368,False,False,False,False,annual,True,0,Company_478,FinTech,UK,2023-08-12,other,4.0,110.65,0.0,4.0,5.0,4.333333333333333,44.2,0
S-4a0cb3,A-a1b80b,2024-05-16,2024-08-04,Enterprise,22,0,0,True,False,False,True,monthly,True,1,Company_184,HealthTech,US,2023-11-27,organic,6.0,385.55,2.0,6.0,4.0,4.0,41.0,0
S-77c880,A-40906c,2024-12-01,,Pro,92,4508,54096,False,False,False,False,annual,True,0,Company_235,EdTech,US,2024-03-27,ads,5.0,264.1,5.0,5.0,5.0,3.75,29.2,0
S-f8ee6e,A-ed510f,2023-04-19,,Enterprise,42,0,0,True,False,False,False,monthly,True,0,Company_361,Cybersecurity,IN,2023-01-17,partner,5.0,295.6666666666667,1.0,5.0,9.0,4.0,44.55555555555556,0
S-c7b793,A-90a8c8,2024-11-07,,Pro,23,1127,13524,False,False,False,False,monthly,True,0,Company_249,FinTech,AU,2024-08-24,organic,8.0,492.28333333333336,5.0,8.0,4.0,3.25,45.0,0
S-e7f571,A-9affe6,2023-06-06,2024-12-11,Basic,7,133,1596,False,False,False,True,monthly,True,1,Company_401,Cybersecurity,US,2023-03-22,other,4.0,134.88333333333333,5.0,4.0,3.0,3.0,58.0,0
S-611bf8,A-df10db,2023-09-08,,Enterprise,2,398,4776,False,False,False,False,annual,True,0,Company_143,DevTools,US,2023-06-06,other,7.0,350.8333333333333,4.0,7.0,2.0,3.0,68.5,0
S-f3979e,A-9c18c4,2023-12-15,,Pro,11,539,6468,False,False,False,False,annual,True,0,Company_481,HealthTech,US,2023-07-27,ads,4.0,200.4,2.0,4.0,4.0,4.0,42.25,0
S-409beb,A-7988d1,2024-03-12,,Basic,33,0,0,True,False,False,False,annual,True,0,Company_90,Cybersecurity,US,2023-12-20,other,8.0,275.46666666666664,5.0,8.0,3.0,4.333333333333333,35.333333333333336,0
S-0896bc,A-9779ad,2024-12-16,,Enterprise,40,7960,95520,False,False,False,False,monthly,False,0,Company_171,Cybersecurity,AU,2024-03-29,event,4.0,156.1,2.0,4.0,3.0,5.0,20.666666666666668,0
S-e09e04,A-fda07f,2024-08-24,,Enterprise,14,2786,33432,False,True,False,False,annual,True,0,Company_230,Cybersecurity,FR,2024-08-11,partner,8.0,487.5,6.0,8.0,5.0,4.0,17.8,0
S-293a1f,A-40de06,2024-05-17,,Pro,28,1372,16464,False,False,False,False,monthly,False,0,Company_369,Cybersecurity,US,2023-05-08,event,3.0,101.1,1.0,3.0,3.0,4.0,40.333333333333336,1
S-b56884,A-c1dfe1,2024-07-26,,Enterprise,41,8159,97908,False,False,False,False,annual,True,0,Company_53,DevTools,DE,2023-08-07,ads,4.0,274.96666666666664,3.0,4.0,3.0,4.0,50.333333333333336,0
S-5f8ad0,A-dfbd31,2024-08-08,,Basic,24,456,5472,False,False,False,False,annual,True,0,Company_190,DevTools,UK,2023-12-04,partner,6.0,340.9166666666667,2.0,6.0,6.0,4.25,29.666666666666668,0
S-713c12,A-8ed5dd,2024-11-27,,Basic,15,285,3420,False,False,True,False,monthly,True,0,Company_222,EdTech,UK,2023-06-29,event,0.0,0.0,0.0,0.0,6.0,3.75,29.0,1
S-e74ca1,A-59f724,2024-08-24,,Basic,3,0,0,True,False,False,False,monthly,False,0,Company_432,HealthTech,US,2023-11-03,other,5.0,132.98333333333332,7.0,5.0,4.0,4.25,19.25,0
S-b6a35b,A-59f724,2024-05-08,,Pro,19,931,11172,False,False,False,False,monthly,True,0,Company_432,HealthTech,US,2023-11-03,other,8.0,443.06666666666666,5.0,8.0,4.0,4.25,19.25,0
S-711528,A-a7bd4b,2024-09-25,,Basic,18,342,4104,False,False,False,False,monthly,True,0,Company_363,Cybersecurity,US,2023-02-15,ads,3.0,156.03333333333333,2.0,3.0,6.0,3.25,36.833333333333336,1
S-101401,A-08e34e,2024-12-05,,Pro,58,2842,34104,False,False,False,False,monthly,True,0,Company_32,EdTech,US,2024-06-27,event,10.0,561.4333333333333,7.0,10.0,3.0,3.0,43.0,0
S-155934,A-4a4c2d,2024-04-16,,Pro,54,0,0,True,False,False,False,annual,True,0,Company_473,DevTools,US,2023-05-02,event,8.0,257.65,5.0,8.0,5.0,4.25,42.0,0
S-535bd1,A-d792a6,2023-03-18,,Pro,9,0,0,True,False,False,False,monthly,False,0,Company_486,DevTools,US,2023-01-23,organic,5.0,313.28333333333336,6.0,5.0,5.0,4.0,40.6,0
S-42bbe0,A-2e3bad,2024-10-09,,Basic,61,0,0,True,False,False,False,annual,True,0,Company_108,FinTech,CA,2023-08-13,other,3.0,213.66666666666666,2.0,3.0,5.0,3.5,31.4,1
S-09076d,A-87aa7b,2024-12-23,,Pro,51,2499,29988,False,True,False,False,monthly,True,0,Company_433,HealthTech,US,2024-05-16,organic,6.0,258.0,0.0,6.0,3.0,,27.333333333333332,0
S-d302e2,A-bd4708,2024-08-31,,Enterprise,37,7363,88356,False,False,False,False,annual,True,0,Company_257,FinTech,US,2024-07-21,ads,5.0,200.15,0.0,5.0,4.0,3.5,24.0,0
S-f9a56a,A-0be015,2024-11-19,,Basic,24,456,5472,False,False,False,False,monthly,False,0,Company_454,FinTech,US,2024-10-15,event,7.0,218.46666666666667,6.0,7.0,7.0,4.2,40.285714285714285,0
S-f783b6,A-2d4502,2024-08-31,,Enterprise,7,1393,16716,False,False,False,False,monthly,True,0,Company_45,FinTech,IN,2024-04-29,event,2.0,62.88333333333333,1.0,2.0,3.0,5.0,26.333333333333332,1
S-6d9705,A-726cfa,2024-03-25,,Enterprise,11,2189,26268,False,False,False,False,annual,True,0,Company_82,DevTools,US,2023-07-01,partner,3.0,77.01666666666667,0.0,3.0,3.0,4.0,35.666666666666664,1
S-93ab2d,A-f17767,2023-05-02,,Basic,2,38,456,False,False,False,False,annual,True,0,Company_123,DevTools,US,2023-01-30,event,8.0,479.75,3.0,8.0,3.0,4.0,36.333333333333336,0
S-617065,A-a45270,2024-10-01,,Enterprise,3,597,7164,False,True,False,False,annual,True,0,Company_37,HealthTech,US,2024-06-24,ads,6.0,407.9,2.0,6.0,4.0,4.0,64.0,0
S-329803,A-1f0ac7,2024-04-29,,Basic,34,646,7752,False,False,False,False,monthly,False,0,Company_3,HealthTech,UK,2023-08-27,other,5.0,266.15,2.0,5.0,2.0,,29.0,0
S-677801,A-80eeb6,2024-05-02,,Enterprise,89,17711,212532,False,False,False,False,monthly,True,0,Company_402,Cybersecurity,UK,2023-05-09,organic,7.0,250.95,6.0,7.0,4.0,3.6666666666666665,40.25,0
S-3092cb,A-6a4e2d,2023-08-03,,Enterprise,22,4378,52536,False,False,False,False,annual,True,0,Company_46,EdTech,UK,2023-04-07,partner,3.0,121.6,0.0,3.0,2.0,4.5,18.5,1
S-f9469c,A-781cc0,2024-09-04,,Enterprise,12,2388,28656,False,True,False,False,monthly,True,0,Company_499,EdTech,US,2024-09-04,organic,8.0,420.96666666666664,3.0,8.0,4.0,3.6666666666666665,57.5,0
S-c13970,A-59f724,2024-06-27,,Basic,36,684,8208,False,False,False,False,monthly,True,0,Company_432,HealthTech,US,2023-11-03,other,6.0,351.95,5.0,6.0,4.0,4.25,19.25,0
S-c1c6ca,A-856b1e,2024-02-03,,Pro,36,1764,21168,False,False,False,False,monthly,True,0,Company_161,FinTech,US,2023-10-31,partner,3.0,123.53333333333333,3.0,3.0,5.0,,36.0,1
S-966a44,A-f5641b,2024-04-21,2024-07-22,Enterprise,31,6169,74028,False,True,True,True,monthly,True,1,Company_382,EdTech,US,2024-03-30,other,4.0,274.1,1.0,4.0,4.0,3.0,47.5,0
S-aef0c5,A-e1b9cd,2024-05-22,,Basic,40,760,9120,False,False,False,False,monthly,True,0,Company_484,DevTools,US,2023-02-26,event,3.0,99.6,0.0,3.0,1.0,3.0,35.0,1
S-6ca9be,A-e888d1,2023-05-11,,Basic,54,1026,12312,False,False,False,False,annual,True,0,Company_102,Cybersecurity,US,2023-03-28,other,5.0,291.31666666666666,0.0,5.0,5.0,4.0,43.0,0
S-f7b2fc,A-f446b6,2024-07-25,2024-10-13,Enterprise,13,2587,31044,False,False,False,True,monthly,True,1,Company_36,DevTools,DE,2023-05-12,ads,4.0,167.75,5.0,4.0,8.0,4.25,30.75,0
S-9c414f,A-0a282f,2024-12-27,,Pro,2,98,1176,False,False,False,False,annual,True,0,Company_2,DevTools,US,2024-08-27,organic,5.0,304.65,4.0,5.0,3.0,4.666666666666667,43.666666666666664,0
S-4b9226,A-798a3f,2024-10-11,,Enterprise,13,2587,31044,False,False,False,False,monthly,False,0,Company_463,DevTools,FR,2023-10-19,other,3.0,93.03333333333333,1.0,3.0,5.0,4.0,33.0,1
S-72fa62,A-4c56c9,2024-09-03,,Enterprise,27,5373,64476,False,False,False,False,annual,True,0,Company_449,FinTech,US,2023-12-20,partner,5.0,96.83333333333333,3.0,5.0,5.0,3.75,38.6,0
S-4fe9b6,A-8bde0c,2024-12-19,2024-12-30,Pro,25,1225,14700,False,False,False,True,annual,True,1,Company_287,DevTools,US,2024-11-04,organic,3.0,166.93333333333334,2.0,3.0,3.0,4.0,25.666666666666668,1
S-7c635b,A-92a333,2023-08-15,,Enterprise,33,6567,78804,False,False,False,False,annual,True,0,Company_116,FinTech,US,2023-03-24,event,4.0,221.43333333333334,5.0,4.0,4.0,,23.25,0
S-c158df,A-fa2041,2024-10-27,,Enterprise,18,3582,42984,False,False,False,False,monthly,True,0,Company_211,HealthTech,US,2024-05-29,organic,7.0,309.71666666666664,7.0,7.0,1.0,3.0,16.0,0
S-b49c0a,A-db5e9e,2024-12-05,,Pro,23,1127,13524,False,False,False,False,monthly,False,0,Company_442,DevTools,US,2024-11-09,partner,4.0,150.93333333333334,2.0,4.0,2.0,5.0,66.0,0
S-42822d,A-443f6f,2024-12-15,,Pro,25,1225,14700,False,False,False,False,annual,True,0,Company_304,Cybersecurity,US,2024-12-07,organic,5.0,294.81666666666666,3.0,5.0,4.0,4.666666666666667,28.0,0
S-432401,A-c7ffc2,2023-05-25,,Pro,132,6468,77616,False,False,False,False,monthly,True,0,Company_392,Cybersecurity,US,2023-01-27,partner,7.0,293.8333333333333,6.0,7.0,2.0,3.0,64.0,0
S-71fc3d,A-ccb686,2024-12-06,,Enterprise,10,1990,23880,False,False,False,False,monthly,True,0,Company_491,DevTools,US,2024-01-22,other,7.0,316.1666666666667,5.0,7.0,1.0,4.0,67.0,0
